/*******************************************************************************
 * Size: 26 px
 * Bpp: 4
 * Opts: --size 26 --bpp 4 --format lvgl --font /usr/share/fonts/truetype/noto/NotoSans-Regular.ttf -r 0x20-0x7E -r 0xA0-0xFF -r 0x100-0x17F -r 0x1EA0-0x1EF9 --lv-font-name veetee_font_vietnamese_26 -o veetee-firmware/main/assets/fonts/veetee_font_vietnamese_26.c
 ******************************************************************************/

#include "lvgl.h"

#ifndef VEETEE_FONT_VIETNAMESE_26
#define VEETEE_FONT_VIETNAMESE_26 1
#endif

#if VEETEE_FONT_VIETNAMESE_26

/*-----------------
 *    BITMAPS
 *----------------*/

/*Store the image of the glyphs*/
static LV_ATTRIBUTE_LARGE_CONST const uint8_t glyph_bitmap[] = {
    /* U+0020 " " */

    /* U+0021 "!" */
    0xd, 0xfd, 0x0, 0xf8, 0x40, 0x40, 0xe, 0xe,
    0x0, 0x10, 0x10, 0xc, 0x60, 0x3, 0x0, 0xc2,
    0x2, 0x0, 0xf0, 0xf0, 0x0, 0x80, 0x80, 0x63,
    0x0, 0x18, 0x6, 0x10, 0x10, 0x2, 0x6a, 0x0,
    0x9, 0x8, 0x1, 0x93, 0x80, 0x22, 0x1, 0x1,
    0x60, 0x60,

    /* U+0022 "\"" */
    0x4f, 0xf0, 0x84, 0x7f, 0x38, 0x0, 0x43, 0x80,
    0x88, 0x1, 0x8c, 0x1c, 0x40, 0x40, 0x2, 0x2,
    0x0, 0x20, 0x3, 0x81, 0x0, 0xb8, 0x0, 0x83,
    0xc1, 0xb4, 0x0, 0x2c, 0x60,

    /* U+0023 "#" */
    0x0, 0xf5, 0x79, 0x80, 0x5f, 0x80, 0x1f, 0xce,
    0x6, 0x0, 0x30, 0x40, 0xf, 0xc2, 0x46, 0x1,
    0x20, 0x68, 0x7, 0xe5, 0x5, 0x0, 0xb4, 0x1c,
    0x3, 0xf1, 0x87, 0x80, 0x4e, 0x24, 0x1, 0x9b,
    0xfe, 0x80, 0x9f, 0xf8, 0x87, 0xfe, 0x20, 0x24,
    0x48, 0x0, 0x89, 0x18, 0x12, 0x24, 0x60, 0x97,
    0x6a, 0x3, 0xbb, 0x90, 0x22, 0xee, 0x10, 0xc,
    0xa0, 0xa0, 0x11, 0x83, 0x80, 0x7e, 0x30, 0xf0,
    0x9, 0x40, 0x80, 0x3f, 0x68, 0x28, 0x0, 0x44,
    0x60, 0x1c, 0xbf, 0xf2, 0x86, 0x7f, 0xb8, 0xf,
    0xfe, 0x30, 0x64, 0x48, 0x5, 0x12, 0x20, 0x34,
    0x48, 0x40, 0xee, 0xd0, 0xf, 0x77, 0x38, 0x75,
    0xdc, 0x40, 0x19, 0x43, 0xc0, 0x24, 0x2, 0x0,
    0xfd, 0xe0, 0xa0, 0x1, 0x11, 0x80, 0x7f, 0x28,
    0x18, 0x1, 0x41, 0x40, 0x3f, 0x8c, 0x80, 0x23,
    0xc, 0x0, 0xf0,

    /* U+0024 "$" */
    0x0, 0xe6, 0xf3, 0x0, 0xff, 0xe4, 0xb4, 0xd8,
    0x7d, 0x39, 0x80, 0x47, 0xd2, 0xc4, 0x6, 0xb1,
    0x94, 0x0, 0xd1, 0x2a, 0x70, 0x9a, 0x72, 0xe0,
    0x41, 0xc, 0x5e, 0x5, 0x54, 0x6a, 0x0, 0x80,
    0x88, 0x3, 0xf9, 0x80, 0x50, 0x3, 0xf8, 0xd0,
    0x2e, 0xd8, 0x1, 0xfa, 0x94, 0x11, 0x43, 0xd8,
    0x3, 0x86, 0xb1, 0x84, 0xe, 0x7e, 0x0, 0x38,
    0xe6, 0x1, 0x48, 0x1e, 0xc0, 0x3f, 0x4e, 0xc8,
    0x21, 0x80, 0x7f, 0x30, 0x82, 0x80, 0x7f, 0x8,
    0x80, 0x96, 0x98, 0xc0, 0x26, 0x5c, 0x1, 0x43,
    0x59, 0xcf, 0x90, 0xaa, 0x11, 0x30, 0x1e, 0x10,
    0x84, 0x0, 0x4b, 0x3a, 0x40, 0x2f, 0x7b, 0xd2,
    0x1d, 0x4c, 0x1, 0xff, 0xd1,

    /* U+0025 "%" */
    0x1, 0xaf, 0xf5, 0x90, 0x7, 0x97, 0xe8, 0x3,
    0xb1, 0x4d, 0x11, 0x82, 0x1, 0xd0, 0x10, 0x1,
    0x94, 0x93, 0x2d, 0xc6, 0x40, 0x33, 0x93, 0x90,
    0x6, 0xc0, 0xe0, 0x4, 0x82, 0x0, 0x43, 0x3,
    0x0, 0x1c, 0x60, 0xc0, 0x1, 0x2, 0x0, 0xa0,
    0x20, 0x3, 0xc2, 0x1, 0xe1, 0x0, 0x1b, 0x1b,
    0x0, 0x78, 0x41, 0xc0, 0x30, 0x80, 0x3c, 0x3c,
    0x5e, 0x58, 0x40, 0x1a, 0x6, 0x0, 0x30, 0x50,
    0x53, 0x51, 0xe8, 0x69, 0xc1, 0x5, 0x9, 0x21,
    0xf0, 0xe0, 0xb0, 0xb9, 0x9, 0xf8, 0x2b, 0x2,
    0x81, 0xde, 0x34, 0x57, 0x17, 0x4, 0x26, 0x7,
    0x15, 0x0, 0x3d, 0xbb, 0x55, 0x8c, 0xc, 0x10,
    0x38, 0x4, 0x80, 0x60, 0x4, 0x89, 0x50, 0xb0,
    0xb0, 0x60, 0x20, 0x8, 0xc1, 0xc0, 0x3c, 0x6a,
    0x6a, 0x1, 0xff, 0xc4, 0xf0, 0xf0, 0x0, 0x80,
    0x80, 0x46, 0xe, 0x1, 0xca, 0x6a, 0x60, 0x6,
    0x2, 0x0, 0x98, 0x8, 0x3, 0xac, 0x2c, 0x2,
    0x22, 0x20, 0x81, 0x9c, 0x20, 0x19, 0xc5, 0xc4,
    0x3, 0x40, 0x7d, 0x68, 0x48, 0x6, 0x18, 0x18,
    0x0, 0xe5, 0x93, 0x53, 0xa5, 0x0,

    /* U+0026 "&" */
    0x0, 0x86, 0x37, 0xfb, 0x14, 0x3, 0xfc, 0x5e,
    0xe4, 0x22, 0x3a, 0xa0, 0x7, 0xf4, 0x9, 0x6f,
    0x7c, 0x2, 0x98, 0x7, 0xe7, 0xb, 0x20, 0x3,
    0x88, 0x28, 0x7, 0xe1, 0x1, 0x0, 0xc2, 0x4,
    0x1, 0xfa, 0xc2, 0x44, 0x1, 0x40, 0x28, 0x1,
    0xf9, 0xcc, 0x74, 0xf1, 0x47, 0x0, 0x3f, 0xda,
    0x27, 0x86, 0x9e, 0x40, 0x1f, 0xe9, 0x10, 0x0,
    0xc8, 0x80, 0x61, 0x22, 0x0, 0x7, 0x1c, 0xad,
    0x7, 0xc, 0x3, 0x56, 0xd8, 0x3, 0xc, 0xd8,
    0x96, 0x83, 0x88, 0x1, 0x20, 0x68, 0x29, 0x7,
    0x8, 0x2, 0xd4, 0x2d, 0x42, 0x0, 0x50, 0x30,
    0x8, 0x80, 0x1a, 0x94, 0x2a, 0x1c, 0x20, 0x3,
    0xfe, 0xa6, 0x7, 0x4, 0x60, 0x7, 0x1, 0x18,
    0x7, 0xb4, 0x2, 0x30, 0x9, 0x80, 0x1a, 0xc2,
    0x2, 0xb7, 0x60, 0x20, 0x78, 0x0, 0xd, 0x80,
    0xcf, 0x7f, 0x52, 0x4, 0x6b, 0x83, 0xb8, 0x0,
    0x9a, 0xe4, 0x0, 0x13, 0x8e, 0x70, 0x86, 0x8,
    0x70,

    /* U+0027 "'" */
    0x4f, 0xf0, 0xb8, 0x0, 0x48, 0x2, 0x10, 0x10,
    0x8, 0x80, 0x2, 0xe0, 0x6, 0xd0,

    /* U+0028 "(" */
    0x0, 0xa3, 0xec, 0x2, 0x37, 0xa, 0x0, 0xb8,
    0x20, 0x40, 0xa, 0x40, 0xc0, 0x17, 0x2, 0x88,
    0x0, 0x50, 0x38, 0x2, 0x40, 0x2, 0x0, 0x5a,
    0x6, 0x1, 0x8c, 0x14, 0x3, 0x30, 0x70, 0x6,
    0x30, 0x10, 0xf, 0xf8, 0xc0, 0x40, 0x30, 0x87,
    0x80, 0x67, 0x2, 0x0, 0xd8, 0x8, 0x1, 0x90,
    0x4, 0x40, 0x11, 0x80, 0x1c, 0x3, 0x30, 0x58,
    0x6, 0xb0, 0x23, 0x0, 0x89, 0x83, 0xc0, 0x34,
    0x91, 0xb0, 0x6, 0xf7, 0x0, 0x0,

    /* U+0029 ")" */
    0xd, 0xf5, 0x0, 0xd2, 0x16, 0x20, 0x12, 0x28,
    0xd8, 0x6, 0x90, 0x52, 0x0, 0x8c, 0x82, 0x80,
    0x35, 0x2, 0x80, 0x64, 0x2, 0x10, 0x8, 0xc0,
    0x8, 0x1, 0x8c, 0x34, 0x3, 0x38, 0x8, 0x6,
    0x20, 0x20, 0xf, 0xf8, 0xc0, 0x40, 0x30, 0x81,
    0x80, 0x66, 0xe, 0x0, 0x84, 0x80, 0xc0, 0x24,
    0x0, 0x20, 0x5, 0x80, 0x60, 0x19, 0x82, 0x80,
    0x26, 0x1, 0x60, 0xa, 0x2, 0x0, 0x29, 0x14,
    0x60, 0xb, 0xa2, 0x80, 0x20,

    /* U+002A "*" */
    0x0, 0xc3, 0xfe, 0x50, 0xf, 0xe1, 0x0, 0x30,
    0x7, 0xf8, 0x40, 0x80, 0x38, 0xc8, 0x2, 0x20,
    0x10, 0x0, 0xa0, 0x46, 0xf4, 0xab, 0x8a, 0x46,
    0x75, 0x83, 0x0, 0xb5, 0x20, 0xdb, 0x98, 0x0,
    0x77, 0xfb, 0x58, 0x0, 0x79, 0xdf, 0xe1, 0x0,
    0x8, 0x31, 0x21, 0xb0, 0x80, 0x7b, 0xc2, 0xe0,
    0x28, 0x80, 0x3a, 0x88, 0x58, 0xd0, 0x3c, 0x3,
    0x84, 0x18, 0x1, 0x0, 0x3, 0x0, 0xd7, 0x69,
    0x0, 0x1d, 0x69, 0x80, 0x0,

    /* U+002B "+" */
    0x0, 0xe3, 0x62, 0x0, 0xff, 0x5c, 0xb8, 0x7,
    0xff, 0xb6, 0xff, 0xf3, 0x85, 0x7f, 0xe8, 0x22,
    0xe1, 0x1, 0x22, 0xdd, 0x3b, 0xb9, 0x82, 0xf7,
    0x73, 0x0, 0x7f, 0xfa, 0x0,

    /* U+002C "," */
    0x2, 0x44, 0x7, 0x5c, 0x81, 0x2, 0x90, 0x85,
    0xb8, 0x19, 0xb0, 0x28, 0x10, 0x58, 0x0,

    /* U+002D "-" */
    0xff, 0xf2, 0x80, 0x7c,

    /* U+002E "." */
    0x2, 0x62, 0x0, 0x64, 0xe0, 0x8, 0x80, 0x40,
    0x54, 0x18, 0x0,

    /* U+002F "/" */
    0x0, 0xfb, 0xfc, 0x60, 0x1e, 0x60, 0x23, 0x0,
    0xf5, 0x5, 0x0, 0x78, 0x8c, 0x18, 0x3, 0xd4,
    0xa, 0x20, 0x1e, 0x60, 0xe0, 0xf, 0x28, 0x89,
    0x0, 0x3d, 0xc0, 0xc0, 0x1e, 0x14, 0xa, 0x0,
    0xf3, 0x1, 0x90, 0x7, 0xa8, 0x28, 0x3, 0xc6,
    0x40, 0xc0, 0x1e, 0x90, 0x60, 0xf, 0x94, 0x28,
    0x3, 0xcc, 0x4, 0x60, 0x1e, 0xa0, 0xa0, 0xf,
    0x11, 0x83, 0x0, 0x7a, 0x81, 0x4, 0x3, 0xc0,

    /* U+0030 "0" */
    0x0, 0x96, 0xfb, 0xfa, 0x88, 0x3, 0xa2, 0x90,
    0x40, 0x57, 0x54, 0x2, 0x57, 0x8, 0xff, 0x72,
    0x85, 0x10, 0x2, 0x1, 0xdc, 0x0, 0x1a, 0x30,
    0x80, 0x22, 0x4, 0x80, 0x74, 0x2, 0x82, 0x1,
    0x8, 0x7, 0x20, 0x1, 0x3c, 0x18, 0x3, 0xe1,
    0x2, 0x30, 0x20, 0xf, 0x88, 0x38, 0x40, 0x3f,
    0x9c, 0x4, 0x3, 0xff, 0x80, 0x22, 0x0, 0xfe,
    0x70, 0x1, 0x1, 0x0, 0x7c, 0x41, 0xdc, 0x6,
    0x0, 0xf8, 0x41, 0x50, 0x8, 0x40, 0x39, 0x0,
    0x6, 0x46, 0x12, 0x1, 0xd0, 0xa, 0x0, 0x80,
    0x77, 0x0, 0x6, 0x4c, 0x24, 0x0, 0x90, 0x11,
    0xfe, 0xe6, 0xa, 0x30, 0x9, 0xed, 0x4, 0x5,
    0x71, 0x40, 0x0,

    /* U+0031 "1" */
    0x0, 0xcd, 0xfe, 0x30, 0xa, 0x64, 0x1, 0x8b,
    0x58, 0xc0, 0x24, 0xd2, 0x5c, 0x0, 0x98, 0x62,
    0x80, 0x31, 0x7b, 0x80, 0x78, 0x40, 0x3f, 0xff,
    0xe0, 0x1f, 0xfc, 0x70,

    /* U+0032 "2" */
    0x0, 0x14, 0x6f, 0x7f, 0x51, 0x80, 0x69, 0xd7,
    0x21, 0x1, 0x5c, 0x70, 0x1, 0xb0, 0x3e, 0xff,
    0xb5, 0x2, 0xc, 0xe, 0xba, 0x8, 0x0, 0x56,
    0x21, 0x40, 0x5, 0x10, 0xf, 0x20, 0x10, 0x7,
    0xff, 0x0, 0x40, 0x3f, 0xce, 0x1a, 0x1, 0xfc,
    0xa4, 0xc, 0x1, 0xf8, 0x6c, 0x20, 0x40, 0x3e,
    0x1c, 0x14, 0x70, 0xf, 0x87, 0x48, 0xec, 0x3,
    0xe1, 0xc3, 0x4c, 0x0, 0xf8, 0x70, 0x92, 0xc0,
    0x3e, 0x2c, 0x25, 0xb0, 0xf, 0x8b, 0x9, 0xa8,
    0x3, 0xe2, 0xc1, 0x58, 0x11, 0xf8, 0x24, 0x41,
    0x7b, 0xbf, 0x43, 0x80, 0x7f, 0xf0, 0x0,

    /* U+0033 "3" */
    0x0, 0x25, 0x6f, 0xfb, 0xad, 0x40, 0x23, 0xdb,
    0x52, 0x0, 0xa, 0x55, 0x80, 0x44, 0x97, 0xff,
    0x73, 0x82, 0x38, 0x1f, 0xda, 0x0, 0x43, 0x8,
    0x16, 0x1, 0xfe, 0x30, 0xf, 0xfe, 0x2, 0x85,
    0x80, 0x7c, 0x2b, 0xa4, 0x8e, 0x1, 0xbb, 0x9f,
    0xd4, 0xd5, 0x60, 0x1c, 0x22, 0x0, 0x93, 0x8c,
    0x3, 0xbf, 0xed, 0xa3, 0x4c, 0x50, 0xf, 0x89,
    0x71, 0x82, 0x80, 0x3f, 0xd6, 0x0, 0x40, 0xf,
    0xe2, 0x0, 0x8, 0x7, 0xf1, 0x0, 0x4, 0x3,
    0xfa, 0xc0, 0x53, 0x29, 0x4, 0x2, 0x2a, 0x60,
    0x90, 0x15, 0xbe, 0xfe, 0xfd, 0x50, 0x77, 0x7,
    0xb9, 0x90, 0x8, 0x8d, 0xf6, 0x0, 0x0,

    /* U+0034 "4" */
    0x0, 0xfc, 0x5f, 0xea, 0x0, 0xff, 0xb8, 0x3,
    0xff, 0x83, 0x6, 0x40, 0x1f, 0xf2, 0x39, 0x28,
    0x7, 0xf8, 0x68, 0x38, 0x3, 0xfe, 0xa1, 0x83,
    0x0, 0xff, 0x32, 0x21, 0xc0, 0x40, 0x3f, 0x14,
    0x8d, 0x0, 0x7f, 0xde, 0x14, 0x20, 0x1f, 0xe9,
    0x26, 0x40, 0xf, 0xf2, 0x31, 0x48, 0x7, 0xf8,
    0x68, 0x3c, 0x3, 0xfe, 0x61, 0xd, 0xff, 0xe6,
    0x5, 0xff, 0x28, 0x7, 0xff, 0xd, 0xff, 0xff,
    0x30, 0x2f, 0xf9, 0x40, 0x3f, 0xfc, 0x20,

    /* U+0035 "5" */
    0x4, 0xff, 0xfe, 0x10, 0x0, 0x80, 0x7f, 0xf0,
    0x8, 0x13, 0xff, 0xe1, 0x0, 0x78, 0x10, 0x7,
    0xf8, 0x83, 0x80, 0x3f, 0xc2, 0x2, 0x1, 0xfe,
    0x60, 0xac, 0xdd, 0x64, 0x90, 0x7, 0x8c, 0xc4,
    0x43, 0x6d, 0x80, 0xb, 0x6b, 0x7b, 0xfa, 0xd0,
    0x1d, 0xc0, 0x12, 0x90, 0x80, 0xa5, 0xa8, 0x40,
    0x7, 0xfa, 0x0, 0x8, 0x1, 0xfc, 0x40, 0x1,
    0x0, 0xff, 0xe5, 0x18, 0x1, 0xc0, 0x3f, 0xa0,
    0x8, 0x8b, 0x8c, 0x40, 0x12, 0x5a, 0x7, 0x0,
    0xe, 0x77, 0xfb, 0xed, 0x2, 0x8c, 0x16, 0x54,
    0x84, 0x63, 0x7e, 0x50, 0x0,

    /* U+0036 "6" */
    0x0, 0xc2, 0xd7, 0xbf, 0xee, 0x20, 0xc, 0x9f,
    0x28, 0x42, 0x38, 0x2, 0x5b, 0x15, 0xcf, 0xee,
    0x79, 0x80, 0x6, 0x82, 0x68, 0xc0, 0x3e, 0x80,
    0x56, 0x0, 0xfe, 0x70, 0x90, 0xf, 0xe3, 0x10,
    0x31, 0x8a, 0xba, 0x50, 0x9, 0x80, 0x97, 0x9d,
    0x51, 0x6b, 0x4, 0x8, 0xe, 0x97, 0x3f, 0xa8,
    0x4f, 0x43, 0xc0, 0x5e, 0x8c, 0x5, 0x68, 0xd,
    0x0, 0x3, 0x0, 0x1c, 0x84, 0x19, 0xe0, 0x40,
    0x1f, 0x38, 0x11, 0x0, 0x80, 0x3f, 0x8d, 0x0,
    0x48, 0x3, 0xce, 0x1c, 0x28, 0x12, 0x1, 0xc6,
    0x40, 0x81, 0x20, 0x94, 0x20, 0x5, 0xd0, 0x53,
    0x2, 0xa0, 0x5e, 0xe7, 0xd0, 0x9d, 0x80, 0x4b,
    0xac, 0x42, 0x7, 0x38, 0x20,

    /* U+0037 "7" */
    0xdf, 0xff, 0xfa, 0x40, 0x3f, 0xf8, 0x3b, 0xff,
    0xfb, 0x40, 0x14, 0x1, 0xfd, 0x40, 0x66, 0x0,
    0xfc, 0x2e, 0x10, 0x1, 0xfc, 0xc0, 0x48, 0x1,
    0xfd, 0x21, 0x60, 0x1f, 0xce, 0x22, 0x60, 0xf,
    0xe9, 0x9, 0x0, 0xfe, 0x61, 0x7, 0x0, 0xfe,
    0xb0, 0x70, 0xf, 0xe5, 0x20, 0x90, 0xf, 0xe8,
    0x6, 0x10, 0xf, 0xca, 0x41, 0x60, 0x1f, 0xd2,
    0xa, 0x40, 0x1f, 0x90, 0xc2, 0x40, 0x3f, 0xa0,
    0xc, 0xc0, 0x1f, 0x8c, 0xc1, 0x0, 0x1f, 0x0,

    /* U+0038 "8" */
    0x0, 0x9b, 0x3b, 0xfa, 0xd8, 0x3, 0xe, 0xc9,
    0x89, 0xa, 0x4e, 0x0, 0x54, 0x43, 0x7f, 0xbf,
    0x40, 0x72, 0x0, 0x40, 0xa4, 0x0, 0x96, 0x1,
    0xc0, 0x40, 0xc, 0x1, 0xc4, 0x1, 0x8, 0x81,
    0x0, 0x3b, 0x1, 0x40, 0x10, 0x12, 0xa0, 0x13,
    0x30, 0x24, 0x0, 0xd0, 0x15, 0x8f, 0x92, 0x58,
    0x40, 0x13, 0xd8, 0x1c, 0x19, 0x69, 0x80, 0x66,
    0xa0, 0x45, 0x2, 0xd4, 0x0, 0xa6, 0x41, 0x76,
    0xae, 0x52, 0xb7, 0x4, 0x60, 0xc4, 0x0, 0xd,
    0x48, 0x41, 0x68, 0x29, 0x0, 0x73, 0x18, 0x29,
    0x1, 0x80, 0x7c, 0xe1, 0xe6, 0x8, 0x1, 0xf2,
    0x87, 0x50, 0x15, 0x8, 0x4, 0x78, 0x22, 0x62,
    0x90, 0x5e, 0xdc, 0xec, 0x31, 0xd0, 0x3, 0x6b,
    0x11, 0xc, 0x4e, 0x3c, 0xc0,

    /* U+0039 "9" */
    0x0, 0x9b, 0x3b, 0xf6, 0x4, 0x3, 0xe, 0xc9,
    0x88, 0x13, 0xfa, 0x0, 0x5a, 0x43, 0x5f, 0xed,
    0x51, 0xb2, 0x4, 0x30, 0xc5, 0x0, 0x15, 0x28,
    0x48, 0x60, 0x21, 0x0, 0x74, 0x2, 0x1, 0x1,
    0x0, 0x78, 0x84, 0x10, 0x0, 0x60, 0x1f, 0x18,
    0x16, 0x82, 0x0, 0x79, 0x8, 0x5, 0x80, 0x68,
    0x40, 0x25, 0xb0, 0x8, 0x68, 0x17, 0xb7, 0x3e,
    0x9c, 0x80, 0x41, 0x71, 0x44, 0x88, 0x97, 0x4,
    0x4, 0x0, 0x3a, 0xef, 0xeb, 0x42, 0x0, 0x30,
    0x7, 0xf2, 0x1, 0x10, 0x3, 0xfa, 0xc1, 0x40,
    0x3f, 0xa8, 0x82, 0x40, 0x3e, 0x4c, 0x50, 0xb1,
    0x0, 0x2f, 0xef, 0x7d, 0x98, 0xda, 0x0, 0x42,
    0x22, 0x12, 0x49, 0xf4, 0x0, 0x80,

    /* U+003A ":" */
    0xa, 0xf9, 0x1, 0x50, 0x60, 0x11, 0x0, 0x80,
    0x32, 0x30, 0x0, 0x4e, 0x40, 0x1f, 0xfc, 0xf2,
    0x62, 0x0, 0x64, 0xe0, 0x8, 0x80, 0x40, 0x54,
    0x18, 0x0,

    /* U+003B ";" */
    0x0, 0x5f, 0xc0, 0x0, 0x90, 0x1c, 0x0, 0x60,
    0x2, 0x0, 0xe, 0x47, 0x80, 0x46, 0xe4, 0x1,
    0xff, 0xdb, 0xff, 0x50, 0x0, 0x80, 0x18, 0x0,
    0x70, 0x3, 0x80, 0x34, 0x14, 0x40, 0x8, 0x1c,
    0x1, 0x19, 0x20, 0x5, 0x7e, 0x1, 0x0,

    /* U+003C "<" */
    0x0, 0xff, 0x84, 0xc0, 0x3f, 0x86, 0x7a, 0xc0,
    0x3e, 0x19, 0xe6, 0x1c, 0x0, 0xe2, 0x9e, 0x62,
    0x9e, 0x40, 0x8, 0xab, 0x58, 0xef, 0x58, 0x2,
    0x2a, 0xd5, 0x4c, 0xc2, 0x0, 0x68, 0xd5, 0x56,
    0xd9, 0x80, 0x78, 0x40, 0x2, 0xc0, 0x1f, 0xa7,
    0x15, 0x2f, 0x5c, 0x40, 0x3c, 0x75, 0xce, 0x71,
    0xd4, 0x60, 0x1e, 0x18, 0xe9, 0x25, 0xcc, 0x30,
    0x7, 0xcd, 0xb6, 0x87, 0x30, 0x1, 0xf9, 0x2f,
    0x5b, 0xc0, 0x3f, 0xc5, 0x2e,

    /* U+003D "=" */
    0x8f, 0xff, 0xf9, 0x7c, 0x8b, 0xfe, 0x17, 0xdd,
    0xff, 0x90, 0x3, 0xff, 0x9c, 0xfb, 0xbf, 0xf2,
    0x79, 0x17, 0xfc, 0x20,

    /* U+003E ">" */
    0x40, 0xf, 0xfe, 0x7, 0xf3, 0x88, 0x7, 0xf6,
    0x84, 0x74, 0x8, 0x7, 0xcd, 0xd0, 0x2f, 0xd0,
    0x20, 0x1f, 0x3f, 0x49, 0x3f, 0x40, 0x80, 0x7c,
    0xdb, 0x46, 0xfd, 0x22, 0x1, 0xf2, 0xe5, 0xa3,
    0x73, 0x0, 0x7e, 0x10, 0x8, 0x40, 0x38, 0x63,
    0xa9, 0x1b, 0x5c, 0x2, 0x4b, 0xe7, 0x8, 0xe9,
    0x20, 0x17, 0xdb, 0x43, 0xae, 0x71, 0x0, 0xaa,
    0x9, 0x73, 0xa, 0x1, 0xe2, 0x7e, 0xa3, 0x0,
    0xfd, 0x30, 0x20, 0x1f, 0xe0,

    /* U+003F "?" */
    0x3, 0x9d, 0xff, 0x75, 0xa8, 0x1, 0xf1, 0x88,
    0x0, 0x29, 0x52, 0xc, 0x51, 0xbf, 0xed, 0x60,
    0x63, 0x1d, 0x72, 0x0, 0x14, 0x98, 0x58, 0x7,
    0xe6, 0x1, 0x0, 0xfc, 0xe1, 0xe0, 0x1f, 0x41,
    0xb, 0x80, 0x7a, 0x5c, 0x74, 0x40, 0x30, 0xe3,
    0x16, 0x18, 0x7, 0x51, 0xa6, 0x90, 0x7, 0x12,
    0x15, 0x80, 0x7c, 0xc0, 0xa0, 0x1f, 0x9d, 0x70,
    0x3, 0xf1, 0xd2, 0x0, 0x7e, 0x16, 0x30, 0xf,
    0xdb, 0x38, 0x20, 0x1f, 0x10, 0x0, 0xc0, 0x3e,
    0x90, 0x42, 0x0, 0xc0,

    /* U+0040 "@" */
    0x0, 0xf9, 0x6b, 0x7b, 0xfd, 0xb2, 0x80, 0x1f,
    0xe7, 0xea, 0x50, 0x54, 0x33, 0x35, 0xe9, 0x80,
    0x78, 0x72, 0xe, 0x7b, 0x6e, 0xd9, 0xd8, 0xc5,
    0x8c, 0x1, 0x87, 0xd, 0xb5, 0x84, 0x3, 0x8e,
    0x70, 0x65, 0x0, 0x2a, 0x27, 0x90, 0x2, 0xdf,
    0x7f, 0x64, 0x89, 0xd0, 0x50, 0x1, 0x10, 0x70,
    0x0, 0x9a, 0x45, 0x58, 0xd8, 0xc1, 0x14, 0x54,
    0x3c, 0x3c, 0x0, 0xcc, 0x2e, 0xba, 0xb2, 0x3,
    0x0, 0x48, 0x78, 0x21, 0x18, 0x2, 0xc3, 0x84,
    0x2, 0x30, 0x10, 0x1, 0x3, 0x20, 0x20, 0x0,
    0x88, 0x26, 0x1, 0x84, 0x3, 0x8, 0x9, 0x7,
    0x80, 0x18, 0x8, 0x3, 0xff, 0x80, 0x22, 0x0,
    0xce, 0x1, 0xe3, 0x1, 0x0, 0x8c, 0x18, 0x0,
    0x20, 0x2, 0x3, 0x10, 0xa, 0x80, 0x40, 0x2b,
    0xf, 0x20, 0xe0, 0x0, 0xa0, 0x51, 0x2, 0xb2,
    0x3, 0x82, 0xb9, 0x2a, 0x2, 0x0, 0x54, 0x49,
    0xbf, 0x4d, 0x67, 0x1f, 0x45, 0xe0, 0x26, 0x48,
    0x0, 0x1d, 0xa7, 0x8c, 0x90, 0xc9, 0x79, 0xd2,
    0x0, 0x48, 0x48, 0x80, 0x4b, 0xe, 0x60, 0x13,
    0x43, 0x0, 0x65, 0x51, 0x61, 0x0, 0x7f, 0xf1,
    0x69, 0x4b, 0x69, 0x48, 0x0, 0x26, 0xd5, 0x80,
    0x1f, 0xaa, 0x84, 0xb5, 0xbf, 0xee, 0xc9, 0x56,
    0x0, 0xfe, 0x5d, 0xd4, 0xb2, 0xac, 0xf5, 0xd4,
    0x1, 0xc0,

    /* U+0041 "A" */
    0x0, 0xfb, 0xbe, 0x0, 0x3f, 0xf8, 0x2a, 0x20,
    0xc0, 0x1f, 0xfc, 0x19, 0x2, 0x15, 0x0, 0xff,
    0x88, 0xc6, 0x2, 0x40, 0x3f, 0xeb, 0x7, 0x51,
    0x32, 0x0, 0xff, 0x38, 0x58, 0x38, 0x58, 0x7,
    0xf2, 0x89, 0x90, 0x58, 0x38, 0x7, 0xf4, 0x84,
    0x80, 0x8, 0xc5, 0x40, 0x3e, 0x23, 0x15, 0x0,
    0xa4, 0x24, 0x3, 0xeb, 0x6, 0x0, 0xca, 0x26,
    0x40, 0x1e, 0x60, 0x7f, 0xfe, 0x10, 0xb0, 0xe,
    0x60, 0xf, 0xf3, 0x0, 0x75, 0x4, 0x77, 0x7c,
    0x20, 0xc0, 0x11, 0x98, 0x18, 0x47, 0xe6, 0xa,
    0x0, 0xa8, 0x14, 0x40, 0x3e, 0xa0, 0x32, 0x0,
    0x30, 0x70, 0x7, 0xe2, 0x30, 0xb0, 0x60, 0x14,
    0x0, 0xfe, 0xa0, 0x60, 0xa0, 0x60, 0xf, 0xf3,
    0x0, 0x18,

    /* U+0042 "B" */
    0x7f, 0xff, 0x76, 0xca, 0x80, 0x7f, 0x84, 0x9a,
    0xb0, 0x3, 0x17, 0xff, 0x62, 0x81, 0xc0, 0x7,
    0xf1, 0xd1, 0x82, 0x0, 0x7f, 0xca, 0x2, 0x1,
    0xff, 0x28, 0x20, 0x7, 0xf1, 0x49, 0x8c, 0x0,
    0x45, 0xdd, 0xbf, 0x51, 0xfc, 0x40, 0x30, 0x8e,
    0x0, 0x19, 0x10, 0x3, 0x17, 0xfe, 0xec, 0x75,
    0xc6, 0x0, 0xfc, 0x27, 0x2c, 0x12, 0x20, 0x1f,
    0xeb, 0x0, 0x38, 0x7, 0xf8, 0x80, 0x2, 0x1,
    0xfe, 0x20, 0x0, 0x80, 0x7f, 0xa0, 0x0, 0x80,
    0x1f, 0x8a, 0x54, 0x10, 0x80, 0x5, 0xff, 0xda,
    0xc0, 0x96, 0x1, 0xfc, 0x29, 0x56, 0x0,

    /* U+0043 "C" */
    0x0, 0xe4, 0x9d, 0xff, 0xb6, 0x94, 0x3, 0xd,
    0xd9, 0x88, 0x2, 0x25, 0xa6, 0x0, 0x17, 0xa0,
    0x2d, 0xf7, 0xf5, 0xb1, 0xb0, 0x3, 0x84, 0x2e,
    0x90, 0x40, 0x52, 0x70, 0x0, 0xe6, 0x14, 0x80,
    0x1f, 0xea, 0x3, 0x50, 0xf, 0xf1, 0x10, 0x28,
    0x3, 0xfe, 0x60, 0x2, 0x0, 0x7f, 0xc4, 0x0,
    0x30, 0xf, 0xf8, 0xc0, 0x3f, 0xf8, 0x42, 0x0,
    0x30, 0xf, 0xf9, 0x80, 0xe, 0x1, 0xff, 0x11,
    0x3, 0x80, 0x3f, 0xf8, 0xa, 0x8, 0x60, 0x1f,
    0xf4, 0x88, 0x69, 0x0, 0x7f, 0x86, 0x80, 0x76,
    0x50, 0x40, 0x49, 0x60, 0x2, 0x4c, 0x10, 0x6b,
    0xef, 0xed, 0xa6, 0x0, 0xc7, 0xd2, 0x82, 0x1,
    0x12, 0xd8, 0x0,

    /* U+0044 "D" */
    0x7f, 0xff, 0x76, 0x49, 0x80, 0x7f, 0xf0, 0x4,
    0xdb, 0x2c, 0x40, 0x38, 0xbf, 0xf7, 0x5a, 0x82,
    0x79, 0x0, 0x7f, 0xa, 0x56, 0x8, 0xbc, 0x3,
    0xff, 0x80, 0x7a, 0x5, 0x0, 0x1f, 0xfc, 0x3,
    0x50, 0x60, 0xf, 0xfe, 0xf, 0x80, 0x90, 0x7,
    0xff, 0x1, 0xc0, 0xc, 0x1, 0xff, 0xc0, 0x30,
    0x0, 0x80, 0x7f, 0xf4, 0x8, 0x0, 0x20, 0x1f,
    0xfc, 0x5, 0x0, 0x28, 0x7, 0xff, 0x2, 0x80,
    0x84, 0x3, 0xfe, 0x53, 0xb, 0x0, 0xff, 0x96,
    0x80, 0x98, 0x3, 0xf1, 0x36, 0x50, 0x16, 0x0,
    0x62, 0xff, 0xdb, 0x26, 0xb, 0xa2, 0x1, 0xfc,
    0x29, 0x1d, 0x40, 0x18,

    /* U+0045 "E" */
    0x7f, 0xff, 0xee, 0x0, 0xff, 0xe0, 0x97, 0xff,
    0xdc, 0x1, 0xff, 0xe2, 0x2f, 0xff, 0x98, 0x3,
    0xff, 0x82, 0x5f, 0xff, 0x30, 0x7, 0xff, 0xe0,
    0xbf, 0xfe, 0xe0, 0xf, 0xf8,

    /* U+0046 "F" */
    0x7f, 0xff, 0xee, 0x0, 0xff, 0xe0, 0x97, 0xff,
    0xdc, 0x1, 0xff, 0xed, 0x2f, 0xff, 0x98, 0x3,
    0xff, 0x82, 0x5f, 0xff, 0x30, 0x7, 0xff, 0xfc,
    0x0,

    /* U+0047 "G" */
    0x0, 0xe1, 0x7b, 0xef, 0xf7, 0x64, 0xa0, 0x7,
    0x47, 0x42, 0x8, 0x0, 0x4d, 0xae, 0x0, 0x2c,
    0x70, 0x39, 0xde, 0xfd, 0xb7, 0x39, 0x0, 0x51,
    0x84, 0xe3, 0x10, 0x81, 0x24, 0x60, 0x82, 0xa8,
    0x25, 0x80, 0x3f, 0xe8, 0x3, 0x60, 0xf, 0xf8,
    0x48, 0x28, 0x3, 0xff, 0x80, 0xa0, 0x4, 0x0,
    0xff, 0xe0, 0x10, 0x0, 0xc0, 0x39, 0xbf, 0xfc,
    0x1, 0xff, 0xc4, 0x30, 0x1, 0x80, 0x73, 0x7f,
    0xd4, 0x0, 0x70, 0x2, 0x0, 0x7f, 0xf0, 0x8,
    0x43, 0x40, 0x3f, 0xf8, 0x2c, 0x8, 0x80, 0xf,
    0xfe, 0x4, 0x10, 0x52, 0x0, 0x7f, 0xf0, 0x38,
    0x45, 0x74, 0xa4, 0x0, 0x13, 0xc0, 0xc, 0x78,
    0x60, 0xb5, 0xbf, 0xee, 0xc6, 0x0, 0xe2, 0xcb,
    0x52, 0x0, 0x84, 0x96, 0x30,

    /* U+0048 "H" */
    0x7f, 0xd0, 0xf, 0xea, 0xfb, 0x0, 0xff, 0xff,
    0x80, 0x7f, 0xf1, 0x4b, 0xff, 0xf9, 0x40, 0x3f,
    0xf8, 0xe5, 0xff, 0xfc, 0xa0, 0x1f, 0xff, 0xf0,
    0xf, 0xff, 0x18,

    /* U+0049 "I" */
    0xff, 0xf6, 0x4a, 0x80, 0x5, 0xa1, 0xa8, 0xc1,
    0xe5, 0x0, 0x3f, 0xff, 0xe0, 0x1f, 0xfc, 0x46,
    0xa3, 0x7, 0x94, 0x95, 0x0, 0xb, 0x40,

    /* U+004A "J" */
    0x0, 0xe9, 0xfb, 0x0, 0xff, 0xff, 0x80, 0x7f,
    0xfd, 0x8c, 0x3, 0xe7, 0x3, 0x2, 0x2, 0x92,
    0xb, 0xd, 0xfd, 0x60, 0x63, 0x2, 0x0, 0x1c,
    0xc8, 0x1, 0xbf, 0xec, 0x60, 0x0,

    /* U+004B "K" */
    0x7f, 0xd0, 0xf, 0x9b, 0xfc, 0xa0, 0x1f, 0xe5,
    0x90, 0x95, 0x0, 0xfe, 0x4a, 0x8, 0x60, 0xf,
    0xe3, 0xb0, 0x77, 0x0, 0x7f, 0x16, 0x83, 0x40,
    0x7, 0xf0, 0xe0, 0xac, 0x80, 0x7f, 0xe, 0xa,
    0x50, 0x7, 0xfb, 0x48, 0xec, 0x3, 0xf8, 0xf0,
    0xc0, 0x84, 0x3, 0xf8, 0x4d, 0x40, 0x68, 0x3,
    0xfd, 0x15, 0x20, 0x8e, 0x1, 0xf8, 0x9c, 0x19,
    0x42, 0xc, 0x3, 0xfe, 0xa2, 0xd, 0x10, 0xf,
    0xfb, 0xc0, 0x68, 0x3, 0xfe, 0x2a, 0x4, 0x70,
    0xf, 0xf9, 0x58, 0x20, 0xc0, 0x3f, 0xe9, 0x30,
    0xd1, 0x0, 0xff, 0xb4, 0x45, 0x40,

    /* U+004C "L" */
    0x7f, 0xd0, 0xf, 0xff, 0xf8, 0x7, 0xff, 0xfc,
    0x3, 0xff, 0x9a, 0x5f, 0xff, 0x80, 0x3f, 0xe0,

    /* U+004D "M" */
    0x7f, 0xf8, 0x80, 0x3f, 0xd3, 0xff, 0x8, 0x6,
    0xb0, 0xf, 0xf3, 0x80, 0x78, 0x81, 0xc0, 0x3f,
    0x94, 0x48, 0x3, 0x90, 0x44, 0xa0, 0x1f, 0xa4,
    0x28, 0x3, 0x8d, 0x83, 0x80, 0x3e, 0x23, 0x14,
    0x0, 0xf5, 0x2, 0x8, 0x7, 0xa8, 0x18, 0x3,
    0xe2, 0x40, 0x90, 0xf, 0x30, 0x50, 0x7, 0xee,
    0x6, 0x0, 0xe5, 0x13, 0x27, 0x0, 0xe1, 0x5,
    0x11, 0x20, 0x6, 0xe0, 0x90, 0xf, 0xf3, 0x87,
    0x0, 0x44, 0x80, 0xa0, 0x1f, 0xeb, 0x5, 0x10,
    0x5, 0x3, 0x0, 0x7f, 0xc4, 0x60, 0xc0, 0x6,
    0xa, 0x0, 0xff, 0xe0, 0x50, 0x50, 0x28, 0x99,
    0x80, 0x3f, 0xf8, 0xc, 0x4, 0x7c, 0x14, 0x1,
    0xff, 0xc2, 0x50, 0x84, 0x6, 0x0, 0xff, 0xe1,
    0x70, 0x20, 0x30, 0x7, 0xff, 0xd, 0x8, 0x1,
    0x40, 0x1f, 0xfc, 0x4a, 0x2, 0x30, 0xf, 0xc0,

    /* U+004E "N" */
    0x7f, 0xf4, 0x0, 0x7f, 0x7f, 0x8c, 0x2, 0x73,
    0x0, 0xff, 0xe1, 0xf0, 0x7, 0xff, 0x5, 0x40,
    0xa0, 0x3, 0xff, 0x80, 0x70, 0xe, 0x40, 0x1f,
    0xfc, 0x7, 0x30, 0xe0, 0xf, 0xf8, 0xc3, 0x80,
    0xdc, 0x3, 0xff, 0x80, 0x50, 0x10, 0x40, 0x1f,
    0xc2, 0x0, 0x73, 0xe, 0x0, 0xff, 0xe0, 0xf0,
    0x1b, 0x0, 0x7f, 0xf0, 0xa, 0x2, 0x48, 0x3,
    0xff, 0x80, 0xe6, 0x12, 0x0, 0x10, 0xf, 0xf7,
    0x2, 0x30, 0x7, 0xff, 0x0, 0xa0, 0x24, 0x4c,
    0x3, 0xfe, 0x73, 0xa, 0x10, 0xf, 0xfe, 0x7,
    0x2, 0x18, 0x7, 0xff, 0x0, 0xa0, 0x3, 0xff,
    0x86, 0xe6, 0x1, 0x0,

    /* U+004F "O" */
    0x0, 0xe6, 0xbe, 0xff, 0x76, 0x38, 0x80, 0x7c,
    0x7d, 0x28, 0x20, 0x1, 0x38, 0xe6, 0x0, 0xe4,
    0xc1, 0x14, 0x67, 0x7e, 0xd1, 0x84, 0xc0, 0x4,
    0x34, 0x5, 0xee, 0x62, 0x4, 0xb8, 0xc0, 0xe6,
    0x0, 0x91, 0xf, 0x10, 0xf, 0xa4, 0xc3, 0xc0,
    0xa, 0xa, 0x40, 0x1f, 0xd2, 0x6, 0x45, 0x7,
    0x80, 0x7f, 0x94, 0x0, 0xac, 0x0, 0x70, 0xf,
    0xf8, 0x83, 0x84, 0x0, 0x60, 0x1f, 0xf0, 0x81,
    0x80, 0x7f, 0xf1, 0x84, 0x0, 0x60, 0x1f, 0xf0,
    0x81, 0xb0, 0x1, 0xc0, 0x3f, 0xe2, 0xe, 0x22,
    0x7, 0x80, 0x7f, 0x94, 0x0, 0xa0, 0xa0, 0xa4,
    0x1, 0xfd, 0x20, 0x64, 0x12, 0x21, 0xe2, 0x1,
    0xf4, 0x98, 0x78, 0x0, 0x68, 0xb, 0xdc, 0x80,
    0x2, 0xb8, 0xc0, 0xe6, 0x1, 0x26, 0x8, 0xa3,
    0x7f, 0xdd, 0x46, 0x15, 0x0, 0x1c, 0x7d, 0x28,
    0x20, 0x1, 0x38, 0xe5, 0x0, 0x80,

    /* U+0050 "P" */
    0x7f, 0xff, 0x6d, 0x20, 0x7, 0xf8, 0x96, 0xec,
    0x1, 0x8b, 0xff, 0x62, 0x82, 0x50, 0x7, 0xe3,
    0xa6, 0x5, 0x10, 0xf, 0xeb, 0x0, 0x20, 0x7,
    0xf1, 0x0, 0x7f, 0xf0, 0x8, 0x0, 0xc0, 0x1f,
    0xd0, 0x2, 0x60, 0x1e, 0x25, 0xb5, 0x8, 0x0,
    0x8b, 0xfe, 0xda, 0x40, 0x96, 0x0, 0xf8, 0x4d,
    0xf9, 0x80, 0x31, 0x7f, 0xdd, 0x90, 0x20, 0x1f,
    0xff, 0xf0, 0xf, 0x0,

    /* U+0051 "Q" */
    0x0, 0xe6, 0xbe, 0xff, 0x76, 0x38, 0x80, 0x7c,
    0x7d, 0x28, 0x20, 0x1, 0x38, 0xe6, 0x0, 0xe4,
    0xc1, 0x14, 0x67, 0x7e, 0xd1, 0x84, 0xc0, 0x4,
    0x34, 0x5, 0xee, 0x62, 0x4, 0xb8, 0xc0, 0xe6,
    0x0, 0x91, 0xf, 0x10, 0xf, 0xa4, 0xc3, 0xc0,
    0xa, 0xa, 0x40, 0x1f, 0xd2, 0x6, 0x45, 0x7,
    0x80, 0x7f, 0x94, 0x0, 0xac, 0x0, 0x70, 0xf,
    0xf8, 0x83, 0x84, 0x0, 0x60, 0x1f, 0xf0, 0x81,
    0x80, 0x7f, 0xf1, 0x44, 0x40, 0x3, 0x0, 0xff,
    0x84, 0x9, 0x80, 0xe, 0x1, 0xff, 0x10, 0x71,
    0x10, 0x3c, 0x3, 0xfc, 0xa0, 0x4, 0x5, 0x5,
    0x20, 0xf, 0xe9, 0x3, 0x30, 0x48, 0x87, 0x88,
    0x7, 0xd2, 0x61, 0x0, 0x1, 0xa0, 0x2f, 0x72,
    0x0, 0xa, 0xe3, 0x3, 0xa0, 0x4, 0x98, 0x22,
    0x8d, 0xff, 0x75, 0x18, 0x4c, 0x0, 0x71, 0xf4,
    0xa0, 0x80, 0x64, 0xe6, 0x0, 0xfc, 0xd7, 0xdf,
    0xe4, 0x4, 0x50, 0xf, 0xfe, 0x15, 0x98, 0x5a,
    0x0, 0x7f, 0xf0, 0xb4, 0x82, 0xd0, 0x3, 0xff,
    0x82, 0x3e, 0x21, 0x68, 0x0,

    /* U+0052 "R" */
    0x7f, 0xff, 0x75, 0xb0, 0x7, 0xfc, 0x29, 0x3c,
    0x40, 0x18, 0xbf, 0xf6, 0xc0, 0xf, 0x80, 0x7f,
    0x13, 0xd0, 0x11, 0x80, 0x7f, 0x94, 0x0, 0xc0,
    0x1f, 0xe1, 0x0, 0xff, 0xe0, 0xb8, 0x1, 0x0,
    0x3f, 0x13, 0xc8, 0x38, 0x80, 0x45, 0xff, 0xb6,
    0x6, 0x20, 0x1, 0xfe, 0x1e, 0x70, 0xe, 0x2f,
    0xfb, 0x40, 0x54, 0x3, 0xfc, 0x4c, 0x16, 0x1,
    0xff, 0x40, 0xc, 0x0, 0x7f, 0x86, 0x1, 0xc8,
    0x3, 0xfc, 0xe2, 0x12, 0x1, 0xff, 0x58, 0x22,
    0x0, 0x3f, 0xca, 0x61, 0x20, 0x1f, 0xf7, 0x81,
    0x38,

    /* U+0053 "S" */
    0x0, 0x9f, 0x3b, 0xfd, 0xb4, 0xa0, 0x11, 0x74,
    0x18, 0x80, 0x9, 0x69, 0x80, 0x18, 0x22, 0x9d,
    0xfe, 0xb7, 0x27, 0x4, 0x10, 0xd6, 0x20, 0x14,
    0x8d, 0x10, 0x20, 0x1, 0x80, 0x7f, 0x18, 0x0,
    0x40, 0x3f, 0x90, 0x1, 0x42, 0x1, 0xf8, 0x68,
    0x13, 0xe0, 0x40, 0x3e, 0x5c, 0x21, 0x7e, 0xb5,
    0x0, 0xf1, 0xed, 0xa8, 0x25, 0x69, 0x80, 0x79,
    0x2b, 0xa0, 0x4b, 0xc, 0x3, 0xe1, 0x7f, 0x20,
    0x80, 0xf, 0xe1, 0xb0, 0x40, 0xf, 0xf1, 0x80,
    0x7f, 0xf0, 0x3c, 0x8, 0x26, 0x4a, 0x40, 0x11,
    0xd2, 0x84, 0x1, 0xb5, 0x6f, 0xfd, 0x8a, 0x10,
    0xa1, 0xe, 0x84, 0x20, 0x3, 0x7d, 0x70, 0x0,

    /* U+0054 "T" */
    0xbf, 0xff, 0xfe, 0x9, 0x0, 0x7f, 0xf0, 0xef,
    0xff, 0x80, 0x13, 0xff, 0xc4, 0x1, 0xff, 0xff,
    0x0, 0xff, 0xff, 0x80, 0x7f, 0xff, 0xc0,

    /* U+0055 "U" */
    0xaf, 0xb0, 0xf, 0xea, 0xfa, 0x0, 0xff, 0xff,
    0x80, 0x7f, 0xff, 0xc0, 0x3f, 0xf8, 0x66, 0xe,
    0x1, 0xfc, 0xc0, 0x58, 0x6, 0x20, 0x1f, 0x9,
    0x86, 0xa0, 0x2, 0xc0, 0x3e, 0xb0, 0x15, 0x19,
    0x5, 0xb4, 0x10, 0x14, 0xb5, 0xb, 0x0, 0x34,
    0x2, 0x5f, 0x7f, 0x5a, 0x4, 0xa8, 0x4, 0xfa,
    0xc4, 0x0, 0x13, 0x8e, 0x60, 0x0,

    /* U+0056 "V" */
    0xdf, 0x90, 0xf, 0xe1, 0xff, 0x35, 0x3, 0x0,
    0x7f, 0x38, 0x1, 0xd8, 0x0, 0xa0, 0x1f, 0xa8,
    0x14, 0x44, 0x81, 0xc0, 0x1f, 0x11, 0x87, 0x0,
    0x38, 0x10, 0x40, 0x3d, 0x40, 0x28, 0x0, 0x50,
    0x3, 0x80, 0x79, 0x41, 0xc0, 0x33, 0x5, 0x0,
    0x71, 0x90, 0x50, 0x6, 0xa0, 0x32, 0x0, 0xd4,
    0x4, 0x60, 0x18, 0xc8, 0x28, 0x3, 0x38, 0x50,
    0x7, 0x94, 0x18, 0x2, 0x41, 0x6, 0x0, 0xf5,
    0x0, 0x98, 0x3, 0x81, 0x4, 0x3, 0xc4, 0x61,
    0x40, 0x5, 0xe, 0x0, 0xfd, 0x40, 0xe0, 0xa0,
    0x5, 0x0, 0xfc, 0xe0, 0x29, 0xc0, 0xc0, 0x1f,
    0xc2, 0xa1, 0x88, 0x1a, 0x1, 0xfe, 0xe0, 0x70,
    0x14, 0x0, 0xff, 0x20, 0x80, 0x18, 0x3, 0xff,
    0x80, 0xc0, 0xa, 0x0, 0xf0,

    /* U+0057 "W" */
    0x8f, 0xe0, 0xf, 0x97, 0xfc, 0xa0, 0x1f, 0x5f,
    0xde, 0x0, 0x90, 0x7, 0xbc, 0x1, 0xe0, 0x1f,
    0x20, 0x6a, 0x0, 0x10, 0x3, 0xca, 0x0, 0x50,
    0xf, 0x20, 0x1, 0x1, 0x3, 0x0, 0x39, 0x0,
    0x88, 0x8, 0x1, 0xd8, 0x2, 0x41, 0x80, 0x80,
    0x1d, 0xa0, 0x88, 0xd, 0x0, 0xe4, 0x7, 0x0,
    0x20, 0x9, 0x80, 0x64, 0xc, 0xd0, 0x70, 0xe,
    0x30, 0xc0, 0x1, 0x88, 0x20, 0x4, 0x44, 0x5,
    0x40, 0x13, 0x0, 0x90, 0x0, 0x80, 0x12, 0x6,
    0x0, 0x4a, 0x8, 0x0, 0x50, 0xb0, 0xb, 0x40,
    0xc4, 0x2, 0xf0, 0x40, 0xa, 0xc3, 0x0, 0x18,
    0xa, 0x1, 0x20, 0x20, 0x6, 0x40, 0x1, 0x80,
    0x98, 0x28, 0x1, 0xc0, 0x88, 0x2, 0x41, 0x60,
    0x18, 0x48, 0x2c, 0x10, 0x8, 0x80, 0x1, 0x30,
    0x50, 0x40, 0x1, 0x80, 0x72, 0x82, 0x7, 0x82,
    0x80, 0x6b, 0xb, 0xc, 0x4, 0x0, 0xf6, 0x1,
    0x82, 0x5, 0x80, 0x65, 0x3, 0x4, 0xd, 0x0,
    0xf2, 0x0, 0x14, 0x44, 0x60, 0x18, 0x88, 0xa,
    0x40, 0x80, 0x1f, 0x20, 0x70, 0x20, 0x7, 0x94,
    0x38, 0x8, 0x80, 0x1f, 0x60, 0x20, 0x78, 0x7,
    0xac, 0x10, 0x10, 0x3, 0xf2, 0x0, 0x4a, 0x1,
    0xe3, 0x10, 0x6, 0x0, 0x7e, 0x31, 0x4, 0x0,
    0xfc, 0xe0, 0x5, 0x0, 0xc0,

    /* U+0058 "X" */
    0x3f, 0xf3, 0x0, 0x7c, 0x5f, 0xe5, 0x3, 0x80,
    0x91, 0x0, 0xf4, 0x82, 0xa8, 0x0, 0xe6, 0x14,
    0x1, 0xcc, 0x83, 0x60, 0x1b, 0x81, 0x14, 0x2,
    0x19, 0xb, 0x10, 0xc, 0x50, 0x16, 0x20, 0xa,
    0x5, 0x50, 0x7, 0x9c, 0xc6, 0xc1, 0x50, 0x6c,
    0x3, 0xf7, 0x2, 0xaa, 0xc2, 0xc4, 0x3, 0xf1,
    0x40, 0x50, 0xaa, 0x80, 0x3f, 0xce, 0x20, 0xb,
    0x0, 0xff, 0x90, 0x40, 0x12, 0x1, 0xfe, 0x1a,
    0x6, 0x7, 0x30, 0xf, 0xeb, 0x14, 0x96, 0xe,
    0x0, 0xfc, 0x8a, 0x12, 0x10, 0x25, 0x0, 0x1f,
    0x50, 0x41, 0x0, 0xd8, 0x39, 0x80, 0x74, 0x89,
    0xb8, 0x4, 0xa8, 0x1e, 0x1, 0x91, 0x83, 0xc0,
    0x3a, 0x40, 0xdc, 0x2, 0x90, 0x73, 0x0, 0xe2,
    0x80, 0x82, 0x9, 0x22, 0x40, 0x7, 0xce, 0x41,
    0xc0,

    /* U+0059 "Y" */
    0xbf, 0xc0, 0xf, 0xc3, 0xfe, 0x69, 0x3, 0x50,
    0xf, 0xa0, 0x9, 0x89, 0x82, 0x0, 0x3c, 0x4c,
    0x10, 0x0, 0x80, 0x26, 0x0, 0xe9, 0x3, 0x50,
    0x0, 0xb8, 0x40, 0x6, 0x34, 0xf, 0x0, 0xd0,
    0x22, 0x70, 0xb, 0xc1, 0x4c, 0x3, 0xa0, 0x20,
    0x41, 0xc, 0x2c, 0x3, 0xcc, 0x41, 0x21, 0x20,
    0xe2, 0x1, 0xf4, 0x83, 0xb8, 0x86, 0x0, 0x3f,
    0x22, 0x2, 0x2, 0x0, 0x3f, 0xd2, 0x0, 0x36,
    0x0, 0xff, 0x11, 0x1, 0x0, 0x3f, 0xff, 0xe0,
    0x1f, 0xfc, 0x90,

    /* U+005A "Z" */
    0xb, 0xff, 0xff, 0xa4, 0x3, 0xff, 0x87, 0x7f,
    0xff, 0x98, 0x1, 0x0, 0x1f, 0xc6, 0xc1, 0x22,
    0x1, 0xfd, 0xc0, 0x8c, 0x1, 0xfd, 0x24, 0x34,
    0x1, 0xfc, 0x8c, 0x16, 0x20, 0x1f, 0x86, 0x81,
    0x54, 0x1, 0xfd, 0x62, 0x2a, 0x0, 0xfe, 0x55,
    0x5, 0x0, 0x7f, 0xd, 0x83, 0x20, 0x7, 0xf5,
    0x9, 0x48, 0x7, 0xf3, 0x20, 0x70, 0x7, 0xf1,
    0x48, 0x39, 0x80, 0x7f, 0x70, 0x1c, 0x0, 0x7f,
    0x39, 0x87, 0x80, 0x7f, 0xa0, 0x1, 0x9f, 0xff,
    0xb4, 0x3, 0xff, 0x84,

    /* U+005B "[" */
    0xef, 0xfd, 0xc0, 0x1, 0x22, 0x80, 0x17, 0xba,
    0xc0, 0xf, 0xff, 0xf8, 0x7, 0xff, 0x46, 0xf7,
    0x58, 0x0, 0x12, 0x28,

    /* U+005C "\\" */
    0x8f, 0xb0, 0xf, 0xa8, 0x10, 0x40, 0x3c, 0x46,
    0xc, 0x1, 0xf5, 0x5, 0x0, 0x7c, 0xc0, 0x46,
    0x1, 0xf2, 0x85, 0x0, 0x7d, 0x20, 0xc0, 0x1f,
    0x19, 0x3, 0x0, 0x7d, 0x41, 0x40, 0x1f, 0x30,
    0x19, 0x0, 0x78, 0x50, 0x28, 0x3, 0xee, 0x6,
    0x0, 0xf9, 0x44, 0x4a, 0x1, 0xf3, 0x7, 0x0,
    0x7d, 0x40, 0x82, 0x1, 0xe2, 0x30, 0x60, 0xf,
    0xa8, 0x28, 0x3, 0xe6, 0x2, 0x30,

    /* U+005D "]" */
    0x5f, 0xfe, 0x71, 0x22, 0x80, 0x24, 0xdd, 0x8c,
    0x3, 0xff, 0xfe, 0x1, 0xff, 0xe2, 0x4d, 0xd8,
    0xc0, 0x2, 0x45, 0x0, 0x40,

    /* U+005E "^" */
    0x0, 0xf2, 0x38, 0x7, 0xff, 0x2, 0xa1, 0x40,
    0x3f, 0xce, 0x21, 0x0, 0x1f, 0xe9, 0x27, 0x26,
    0x0, 0xfc, 0xc3, 0x70, 0x30, 0x1, 0xfa, 0x5,
    0x82, 0x45, 0xc0, 0x3c, 0xc2, 0xc0, 0x7, 0x19,
    0x0, 0xf5, 0x84, 0x80, 0x52, 0x30, 0x1, 0x94,
    0x98, 0x40, 0x27, 0x17, 0x10, 0xa, 0x2, 0xc0,
    0x3a, 0x2, 0x0, 0x8, 0x48, 0x40, 0x1c, 0xc2,
    0xc2, 0x10, 0x10, 0x1, 0xf4, 0x5, 0x80,

    /* U+005F "_" */
    0xa, 0xaf, 0xf9, 0x81, 0x57, 0xfe, 0xf0,

    /* U+0060 "`" */
    0xbf, 0xf0, 0x80, 0x28, 0x82, 0xc0, 0x3, 0x84,
    0xaa, 0x0, 0xe, 0x1d, 0x8,

    /* U+0061 "a" */
    0x0, 0x14, 0x67, 0x7f, 0x62, 0x80, 0x43, 0xae,
    0x60, 0x42, 0x75, 0x20, 0x1, 0x79, 0xee, 0x6f,
    0xb0, 0x31, 0x0, 0x21, 0x84, 0x2, 0x91, 0x4,
    0x0, 0xfe, 0x20, 0x10, 0x8, 0x95, 0xe2, 0x64,
    0x40, 0x11, 0x66, 0xd4, 0x3b, 0x30, 0x40, 0x5,
    0xa6, 0x6a, 0xef, 0xf8, 0xc0, 0x16, 0x3, 0xaa,
    0x20, 0x1e, 0x50, 0x41, 0x0, 0xe2, 0x0, 0x38,
    0x7, 0xca, 0x20, 0x3, 0x5, 0x40, 0x9, 0xe8,
    0x2, 0x91, 0xb, 0xed, 0xf8, 0x68, 0x0, 0xf,
    0xb9, 0x9, 0x9a, 0xa4, 0xc0, 0x0,

    /* U+0062 "b" */
    0xcf, 0x80, 0xf, 0xff, 0x3f, 0x80, 0x7f, 0xf0,
    0x46, 0x37, 0xfb, 0x14, 0x3, 0xbf, 0xce, 0x42,
    0x23, 0xaa, 0x0, 0x67, 0x3c, 0xfe, 0xf8, 0x5,
    0x70, 0xd, 0xe6, 0x1, 0x3b, 0x82, 0x0, 0x23,
    0x20, 0xe, 0xa0, 0x2, 0x0, 0x14, 0x3, 0xc4,
    0x20, 0x60, 0x1, 0x0, 0xf8, 0xc3, 0xc0, 0x3f,
    0xf8, 0x62, 0x1, 0xf1, 0x87, 0x80, 0x14, 0x3,
    0xc4, 0x20, 0x60, 0x3, 0x30, 0x7, 0x58, 0xa,
    0x0, 0x5c, 0x60, 0x13, 0xb0, 0x48, 0x5, 0x47,
    0x9f, 0xdf, 0x0, 0xae, 0x1, 0x2f, 0xb9, 0x8,
    0x1d, 0x50, 0x0,

    /* U+0063 "c" */
    0x0, 0x8a, 0x77, 0xfd, 0xb4, 0x60, 0x7, 0xd6,
    0x20, 0x1, 0x2b, 0x2, 0xc0, 0x2e, 0x7f, 0x64,
    0x28, 0x58, 0x2d, 0x18, 0x9, 0xb8, 0x18, 0x84,
    0x0, 0x7c, 0xa0, 0x24, 0x1, 0xf7, 0x1, 0x80,
    0x7f, 0xf1, 0xf8, 0xc, 0x3, 0xf1, 0x0, 0x90,
    0x7, 0xc8, 0x21, 0x0, 0x1f, 0xa0, 0x16, 0x44,
    0x0, 0x2c, 0x80, 0xce, 0xd, 0xdf, 0xee, 0x92,
    0x0, 0x46, 0x29, 0x0, 0x9, 0x90,

    /* U+0064 "d" */
    0x0, 0xff, 0x47, 0xe0, 0x7, 0xff, 0xad, 0x73,
    0xbf, 0x60, 0x3c, 0x3, 0x55, 0xc, 0x44, 0x4f,
    0xbe, 0x1, 0x3a, 0x83, 0xff, 0x7d, 0x9b, 0x80,
    0x52, 0xb, 0x0, 0x12, 0x68, 0x4, 0x82, 0x12,
    0x1, 0xc6, 0x60, 0x1, 0x80, 0xc, 0x3, 0xca,
    0x0, 0xf0, 0x20, 0xf, 0x84, 0x3, 0xff, 0x81,
    0xe0, 0xf, 0x3, 0x0, 0xfb, 0xc0, 0x6, 0x2,
    0x20, 0xf, 0x18, 0x1, 0x0, 0x12, 0x1, 0xc4,
    0x80, 0x13, 0x83, 0xb8, 0x2, 0x3f, 0x0, 0xd0,
    0x81, 0x1f, 0xdf, 0x81, 0x20, 0x1a, 0xe4, 0xc0,
    0x49, 0xf5, 0x0, 0x0,

    /* U+0065 "e" */
    0x0, 0x8e, 0xb7, 0xfa, 0xd4, 0x3, 0x9b, 0x14,
    0x84, 0x49, 0x54, 0x0, 0x92, 0x42, 0x3f, 0xbe,
    0x41, 0x5c, 0x1, 0x21, 0xe, 0x1, 0x34, 0x4,
    0x81, 0x90, 0x38, 0x7, 0x28, 0x9, 0xa8, 0x3,
    0x33, 0xdc, 0x0, 0x6e, 0x0, 0x19, 0xfc, 0x1,
    0xc5, 0xff, 0xfc, 0xbc, 0x4, 0x1, 0xfe, 0x50,
    0x2, 0x0, 0x7f, 0x19, 0x4, 0x0, 0x7f, 0xa4,
    0xf, 0xc, 0x2, 0x28, 0x90, 0x2, 0x48, 0x1e,
    0x7f, 0xda, 0xe4, 0x1, 0x36, 0xb9, 0x0, 0x4,
    0xde, 0x40,

    /* U+0066 "f" */
    0x0, 0xc9, 0x7d, 0xfd, 0x40, 0x19, 0xad, 0x4,
    0x84, 0x40, 0x1a, 0x1, 0x3f, 0x7e, 0xc0, 0x21,
    0x10, 0x40, 0x7, 0xc6, 0x0, 0x10, 0xe, 0x3a,
    0xd0, 0x6, 0xff, 0xa8, 0x0, 0x82, 0x60, 0x3,
    0x44, 0x68, 0x1, 0xef, 0x80, 0x1d, 0x76, 0x70,
    0xf, 0xff, 0xf8, 0x7, 0xff, 0x90,

    /* U+0067 "g" */
    0x0, 0x97, 0x3b, 0xf6, 0x0, 0xbf, 0x0, 0x15,
    0x43, 0x11, 0x13, 0xea, 0x0, 0x4c, 0xa0, 0xfd,
    0xcf, 0xa3, 0x90, 0xa, 0x1, 0xa0, 0x40, 0xb,
    0xa0, 0x12, 0x8, 0x58, 0x7, 0x19, 0x80, 0x6,
    0x2, 0x40, 0x1e, 0x50, 0x7, 0x81, 0x80, 0x7d,
    0xc0, 0x1f, 0xfc, 0x3f, 0x3, 0x0, 0xfb, 0xc0,
    0x6, 0x2, 0x20, 0xf, 0x10, 0x1, 0x4, 0x24,
    0x3, 0x85, 0x40, 0x29, 0x7, 0x70, 0x4, 0x7a,
    0x1, 0x9d, 0x42, 0x3f, 0x7b, 0x9, 0xc0, 0x35,
    0x49, 0x81, 0x1b, 0xff, 0x80, 0x39, 0xb3, 0xfd,
    0xb0, 0x3e, 0xe, 0x1, 0xfe, 0x20, 0x10, 0xf,
    0xe2, 0x50, 0xc0, 0x68, 0x30, 0xc, 0x9e, 0x2,
    0xc0, 0x2f, 0x9f, 0xdc, 0xfb, 0x21, 0xd0, 0x3,
    0x42, 0x8, 0xc0, 0x6f, 0xe6, 0x0,

    /* U+0068 "h" */
    0xcf, 0x80, 0xf, 0xff, 0x7f, 0x83, 0xef, 0xfb,
    0x60, 0x3, 0xb6, 0x8, 0x40, 0x9f, 0x44, 0x1,
    0x7, 0x7f, 0xdf, 0x0, 0x52, 0x1, 0x6a, 0x0,
    0x4e, 0xa0, 0xa0, 0x3, 0x30, 0x7, 0x60, 0x18,
    0x1, 0x40, 0x3c, 0x40, 0x20, 0x1, 0x0, 0xff,
    0xff, 0x80, 0x7f, 0xf1, 0x80,

    /* U+0069 "i" */
    0x9f, 0x57, 0xf, 0x92, 0xe7, 0xd4, 0x0, 0xb3,
    0xe0, 0x3, 0xff, 0xb6,

    /* U+006A "j" */
    0x0, 0xd3, 0xea, 0x1, 0x9c, 0x3c, 0x3, 0x49,
    0x70, 0x6, 0x7d, 0x40, 0xf, 0xfb, 0x3e, 0x0,
    0x3f, 0xff, 0xe0, 0x1f, 0xfd, 0x1f, 0x0, 0xc2,
    0x2, 0x1, 0x21, 0x2, 0xbf, 0xf5, 0x81, 0x98,
    0x84, 0x65, 0xd0,

    /* U+006B "k" */
    0xcf, 0x70, 0xf, 0xff, 0xa0, 0xef, 0xe0, 0x7,
    0xed, 0x23, 0xc0, 0xf, 0xac, 0xcb, 0x40, 0x3e,
    0xa4, 0x2c, 0x10, 0xf, 0x52, 0x8f, 0x88, 0x7,
    0xb, 0xa8, 0xe1, 0x0, 0x7b, 0x60, 0x0, 0x60,
    0x1f, 0x21, 0x10, 0x74, 0x3, 0xe3, 0xce, 0x3,
    0x80, 0xf, 0x58, 0x9c, 0x3, 0xa0, 0x7, 0xe7,
    0x40, 0xa1, 0x0, 0xfd, 0x42, 0x2d, 0x0, 0xfc,
    0x3a, 0x7, 0x0, 0x1f, 0x8e, 0x1, 0xd0,

    /* U+006C "l" */
    0xcf, 0x80, 0xf, 0xff, 0x50,

    /* U+006D "m" */
    0xcf, 0x20, 0x8d, 0xfe, 0xb4, 0x0, 0x14, 0xf7,
    0xf5, 0x98, 0x6, 0x7d, 0x72, 0x1, 0x4b, 0x54,
    0xd6, 0x10, 0x14, 0xc4, 0x0, 0xa8, 0x33, 0xfd,
    0x84, 0x17, 0x63, 0xdf, 0xf6, 0x8, 0x40, 0x6,
    0xf3, 0x0, 0x1f, 0x0, 0x8b, 0x8, 0x0, 0x70,
    0x6, 0x20, 0x3, 0x20, 0xc, 0x60, 0x7, 0x0,
    0xe4, 0x0, 0x18, 0x1, 0x40, 0x3c, 0x21, 0xe0,
    0x1c, 0x60, 0x1, 0x0, 0x8, 0x7, 0xe3, 0x0,
    0xff, 0xff, 0x80, 0x7f, 0xff, 0xc0, 0x3c,

    /* U+006E "n" */
    0xcf, 0x20, 0x7c, 0xff, 0x6c, 0x0, 0x67, 0xd8,
    0x31, 0x2, 0x7d, 0x10, 0x5, 0x1d, 0x7f, 0x7c,
    0x1, 0x48, 0x5, 0xaa, 0x1, 0x3a, 0x82, 0x0,
    0xc, 0xc0, 0x1d, 0x80, 0x40, 0x5, 0x0, 0xf1,
    0x0, 0x80, 0x4, 0x3, 0xff, 0xfe, 0x1, 0xff,
    0xc6,

    /* U+006F "o" */
    0x0, 0x8a, 0x77, 0xfb, 0x1c, 0x40, 0x39, 0xf5,
    0x88, 0x4, 0xe3, 0xcc, 0x2, 0x58, 0x6, 0xef,
    0xf6, 0x18, 0xe8, 0x80, 0x2c, 0x16, 0x44, 0x0,
    0x78, 0x43, 0x0, 0x62, 0x10, 0x1, 0xeb, 0x7,
    0x4, 0x1, 0x20, 0xf, 0x20, 0x9, 0x78, 0x18,
    0x7, 0xc6, 0x0, 0x60, 0xf, 0xfe, 0x17, 0x1,
    0x0, 0x7c, 0x40, 0x7, 0x50, 0x1, 0x80, 0x79,
    0x0, 0x6, 0x62, 0x9, 0x0, 0xf4, 0x82, 0x80,
    0x38, 0x16, 0x4, 0x0, 0x56, 0x21, 0x0, 0x3,
    0xa0, 0x7e, 0xeb, 0x50, 0x70, 0x80, 0x25, 0xd6,
    0x21, 0x11, 0xbf, 0x98, 0x0,

    /* U+0070 "p" */
    0xcf, 0x20, 0x8d, 0xff, 0x62, 0x80, 0x72, 0x6b,
    0x90, 0x81, 0xd5, 0x0, 0x34, 0x85, 0xff, 0x71,
    0xc1, 0x5c, 0x3, 0x7a, 0x0, 0x6, 0x14, 0x20,
    0x2, 0x32, 0x0, 0xe9, 0x0, 0x20, 0x1, 0x40,
    0x3c, 0x60, 0x3, 0x0, 0x8, 0x7, 0xc4, 0x1e,
    0x1, 0xff, 0xc3, 0x10, 0xf, 0x88, 0x3c, 0x0,
    0xa0, 0x1e, 0x30, 0x1, 0x80, 0xc, 0xc0, 0x1d,
    0x20, 0x28, 0x1, 0x72, 0x0, 0x50, 0xa1, 0x20,
    0x13, 0x9d, 0xff, 0x7b, 0x82, 0xb8, 0x5, 0xfe,
    0x72, 0x10, 0x3a, 0xa0, 0x7, 0xc, 0x6f, 0xfb,
    0x14, 0x3, 0xbc, 0x3, 0xff, 0xe4,

    /* U+0071 "q" */
    0x0, 0x96, 0xfb, 0xf6, 0x0, 0xbf, 0x0, 0x15,
    0x44, 0x11, 0x13, 0xeb, 0x80, 0x4e, 0xa1, 0x1f,
    0xdf, 0x67, 0x40, 0x14, 0x82, 0xb8, 0x4, 0x9a,
    0x1, 0x20, 0x84, 0x80, 0x71, 0x98, 0x0, 0x60,
    0x3, 0x0, 0xf2, 0x80, 0x3c, 0x8, 0x3, 0xe1,
    0x0, 0xff, 0xe0, 0x78, 0x3, 0xc0, 0xc0, 0x3e,
    0xf0, 0x1, 0x80, 0x90, 0x7, 0x8c, 0x0, 0x80,
    0xa, 0x0, 0xe2, 0x40, 0x9, 0xc1, 0xdc, 0x1,
    0x1f, 0x80, 0x68, 0x40, 0x8f, 0xef, 0xc0, 0x70,
    0xd, 0x72, 0x60, 0x24, 0xfa, 0x1, 0xe6, 0xcf,
    0xf6, 0xc0, 0x7, 0xff, 0xe4,

    /* U+0072 "r" */
    0xcf, 0x10, 0x5c, 0xff, 0x20, 0x0, 0xa2, 0x8c,
    0x0, 0xc0, 0x9, 0x74, 0xbe, 0xd2, 0x0, 0x2b,
    0x5a, 0x9, 0x0, 0x43, 0x20, 0x1f, 0x20, 0x7,
    0xe2, 0x0, 0xff, 0xfc, 0x80,

    /* U+0073 "s" */
    0x0, 0x2d, 0xf7, 0xfb, 0x20, 0xc0, 0x19, 0x48,
    0x22, 0x3, 0x78, 0x7, 0x31, 0xcf, 0xef, 0xd8,
    0xf0, 0xd0, 0x73, 0x0, 0x89, 0xd0, 0x8, 0x10,
    0x80, 0x3e, 0x91, 0x2d, 0x93, 0x0, 0xe1, 0xf5,
    0x6, 0xcc, 0x30, 0x6, 0x1a, 0xd7, 0x13, 0x9d,
    0x20, 0xc, 0x51, 0xd2, 0x25, 0xe0, 0x1f, 0x36,
    0x1, 0x18, 0x7, 0xc4, 0x1, 0x3b, 0x8, 0x4,
    0x32, 0x0, 0x3d, 0x9e, 0xe6, 0xf7, 0x18, 0x28,
    0x21, 0xcc, 0x48, 0x49, 0xb5, 0x40,

    /* U+0074 "t" */
    0x0, 0xb6, 0xc0, 0x3c, 0x44, 0x0, 0xfa, 0x80,
    0x3c, 0x98, 0xe0, 0x9f, 0xf5, 0x93, 0x88, 0xa,
    0x24, 0x6d, 0x6e, 0xb, 0x77, 0x40, 0x7, 0xff,
    0xd4, 0x41, 0xc0, 0x3d, 0xa0, 0x6a, 0x1, 0xca,
    0x41, 0x5d, 0xcc, 0x0, 0xb1, 0x84, 0x40, 0xa0,

    /* U+0075 "u" */
    0xff, 0x30, 0x7, 0x9f, 0xf4, 0x3, 0xff, 0xfe,
    0x1, 0xff, 0xc6, 0xf0, 0x0, 0x80, 0x80, 0x78,
    0xc0, 0x4, 0x18, 0x1, 0xc4, 0x80, 0x4, 0x4,
    0x70, 0x8, 0xfc, 0x2, 0x92, 0x8, 0xfe, 0xfc,
    0x39, 0x0, 0xe, 0x39, 0x0, 0x93, 0xfb, 0x80,
    0x0,

    /* U+0076 "v" */
    0xdf, 0x90, 0xf, 0x9b, 0xfc, 0x16, 0xc, 0x1,
    0xf5, 0x2, 0x83, 0x80, 0x14, 0x3, 0x88, 0xc3,
    0x80, 0x54, 0x38, 0x3, 0x94, 0x9, 0x0, 0x1c,
    0x8, 0x20, 0x1a, 0x82, 0x80, 0x24, 0x10, 0x70,
    0x8, 0xc8, 0x14, 0x3, 0x30, 0x50, 0x5, 0x40,
    0x84, 0x1, 0xa8, 0xc, 0x80, 0xe, 0x1c, 0x1,
    0xc4, 0x60, 0xa0, 0x82, 0xa, 0x1, 0xea, 0xa,
    0xd, 0x6, 0x0, 0xf9, 0xc0, 0x88, 0xe1, 0x40,
    0x1f, 0xa, 0x84, 0x9, 0x18, 0x7, 0xee, 0x5,
    0xa, 0x0, 0xfe, 0x41, 0x0, 0x30, 0x7, 0x0,

    /* U+0077 "w" */
    0x9f, 0xc0, 0xe, 0x2f, 0xf5, 0x0, 0x72, 0xff,
    0x83, 0x0, 0xc0, 0x39, 0x40, 0x8, 0x1, 0xd8,
    0x8, 0xa, 0x0, 0x40, 0xd, 0x60, 0x42, 0x60,
    0x19, 0x3, 0x0, 0x6, 0x18, 0x1, 0x9, 0x8d,
    0x5, 0x80, 0x42, 0x40, 0xa0, 0xb, 0x5, 0x0,
    0x9c, 0x11, 0x0, 0xa0, 0x12, 0x0, 0x90, 0x1,
    0x0, 0x84, 0x1, 0xa1, 0x86, 0x4, 0x40, 0x7,
    0x82, 0x0, 0x46, 0x20, 0x80, 0x4, 0x7, 0x5,
    0x5, 0x0, 0x20, 0x78, 0x6, 0x40, 0xc0, 0x50,
    0x31, 0xc, 0xb, 0x2, 0x10, 0x40, 0xd, 0x80,
    0x81, 0xe1, 0x60, 0x7, 0x3, 0x14, 0x3, 0x10,
    0xc, 0xe0, 0x40, 0x80, 0xa0, 0x1, 0x30, 0x4c,
    0x4, 0x0, 0xe1, 0x20, 0x61, 0x22, 0x0, 0x56,
    0x18, 0x81, 0x60, 0x1e, 0x40, 0xb0, 0xa0, 0xc,
    0xa0, 0x82, 0x6, 0x1, 0xed, 0x2, 0x5, 0x0,
    0xc4, 0x50, 0x20, 0x7, 0xc8, 0x0, 0x22, 0x0,
    0x72, 0x80, 0x34, 0x3, 0x0,

    /* U+0078 "x" */
    0x1e, 0xfa, 0x0, 0xf6, 0xfd, 0x0, 0xd0, 0x2a,
    0x80, 0x34, 0x10, 0xd8, 0x1, 0x1c, 0x2c, 0x40,
    0x6, 0xe1, 0x42, 0x1, 0x41, 0x8d, 0x80, 0x38,
    0x19, 0x0, 0x3b, 0x81, 0x55, 0x24, 0x49, 0x0,
    0xf1, 0x48, 0x53, 0x7, 0x0, 0x7e, 0x64, 0x0,
    0x41, 0x80, 0x7e, 0x15, 0x0, 0x68, 0x7, 0xf5,
    0x89, 0xa, 0xb0, 0x7, 0xca, 0xa0, 0xfb, 0x9,
    0x20, 0xe, 0x1a, 0x8, 0x25, 0x40, 0xe0, 0xe,
    0xd0, 0x37, 0x0, 0x50, 0x9c, 0x0, 0x4e, 0x61,
    0xc0, 0x10, 0xd8, 0x39, 0x81, 0xc0, 0x49, 0x0,
    0x65, 0x50, 0x70, 0x0,

    /* U+0079 "y" */
    0xcf, 0xa0, 0xf, 0x9b, 0xfc, 0x32, 0xa, 0x20,
    0x1e, 0xd0, 0x41, 0x51, 0x7, 0x0, 0xe1, 0x40,
    0xf0, 0x3, 0x5, 0x0, 0x73, 0x0, 0xa0, 0x2,
    0x80, 0xcc, 0x1, 0xa8, 0x18, 0x2, 0x24, 0xa,
    0x0, 0x8c, 0x82, 0x80, 0x37, 0x3, 0x80, 0x54,
    0x6, 0x40, 0x19, 0x44, 0x4a, 0x0, 0x70, 0xa0,
    0xf, 0x30, 0x70, 0x20, 0x83, 0x0, 0x7a, 0x81,
    0x7, 0x41, 0x40, 0x3e, 0x24, 0x4, 0x70, 0x90,
    0xf, 0xdc, 0x10, 0x24, 0x60, 0x1f, 0x94, 0x48,
    0x28, 0x3, 0xfc, 0xc0, 0x6, 0x0, 0xff, 0x8,
    0x20, 0x80, 0x7f, 0x98, 0x38, 0x3, 0xfd, 0x0,
    0x4a, 0x1, 0xfc, 0xce, 0x10, 0x1, 0xf5, 0x6f,
    0xc8, 0x2a, 0x80, 0x3e, 0x32, 0x2, 0x8a, 0x0,
    0xfc,

    /* U+007A "z" */
    0x8f, 0xff, 0xe0, 0xe4, 0x4f, 0x8, 0x4, 0xd7,
    0x7d, 0x40, 0x8, 0x0, 0xfa, 0x84, 0xdc, 0x3,
    0xcc, 0x81, 0xa0, 0x1e, 0x29, 0xa, 0x10, 0xf,
    0x70, 0x2a, 0x80, 0x3d, 0x6, 0x36, 0x1, 0xe3,
    0x70, 0xa1, 0x0, 0xf7, 0x3, 0x20, 0x7, 0xa4,
    0x89, 0x20, 0x1e, 0x46, 0xe, 0x0, 0xfa, 0x80,
    0x7f, 0x33, 0xc4, 0x20, 0x26, 0x7f, 0x8,

    /* U+007B "{" */
    0x0, 0xe1, 0x8c, 0xe0, 0xe, 0x3e, 0x73, 0x10,
    0xe, 0xe0, 0x2d, 0xf0, 0xe, 0x20, 0x92, 0x0,
    0xe1, 0x0, 0x30, 0x7, 0xff, 0x60, 0x80, 0x4,
    0x1, 0xc5, 0xe0, 0x80, 0x18, 0xff, 0x49, 0xac,
    0x3, 0x38, 0x0, 0xf8, 0x3, 0x93, 0xac, 0x22,
    0x80, 0x38, 0x52, 0x41, 0x40, 0x3e, 0x50, 0x1,
    0x0, 0x7f, 0xf6, 0x4, 0x0, 0xc0, 0x1f, 0x10,
    0x41, 0x0, 0x7a, 0x40, 0xf7, 0x80, 0x39, 0x35,
    0x88, 0x40,

    /* U+007C "|" */
    0xcf, 0x10, 0xf, 0xff, 0xe0,

    /* U+007D "}" */
    0x2f, 0xd8, 0x10, 0xf, 0x9, 0x3f, 0x90, 0x6,
    0x2e, 0xc1, 0x14, 0x80, 0x78, 0xe0, 0x14, 0x3,
    0xe2, 0x1, 0x0, 0xff, 0xec, 0xb8, 0x0, 0x80,
    0x3c, 0x64, 0x12, 0x40, 0x1e, 0xc5, 0x4d, 0xf2,
    0x0, 0xc2, 0x42, 0x1, 0xf6, 0x39, 0x5f, 0x10,
    0x4, 0x46, 0x1c, 0x82, 0x1, 0x98, 0x0, 0x40,
    0x1f, 0xfd, 0x82, 0x0, 0xfc, 0x70, 0x8, 0x1,
    0x8b, 0xf0, 0x45, 0x20, 0x1c, 0x27, 0x1e, 0x40,
    0x18,

    /* U+007E "~" */
    0x2a, 0xef, 0xeb, 0x72, 0x0, 0x99, 0xe5, 0x44,
    0x85, 0x23, 0x7f, 0x7e, 0x7c, 0xab, 0xf7, 0xf1,
    0xcc, 0x48, 0x5a, 0x40,

    /* U+00A0 " " */

    /* U+00A1 "¡" */
    0x9, 0xf9, 0x1, 0x60, 0x60, 0x10, 0x0, 0x80,
    0x36, 0x70, 0x0, 0x4c, 0x40, 0x11, 0x0, 0x4b,
    0xa6, 0x0, 0x30, 0x70, 0xc, 0x20, 0x1, 0x3,
    0x0, 0x78, 0x8, 0x0, 0x40, 0x31, 0x87, 0x80,
    0x61, 0x0, 0x8, 0x18, 0x1, 0xc0, 0x40, 0x2,
    0x1, 0x8c, 0x1c, 0x3, 0x8, 0x0,

    /* U+00A2 "¢" */
    0x0, 0xe9, 0xf2, 0x0, 0xf1, 0x4b, 0x86, 0x62,
    0x8, 0x1, 0x1a, 0xc2, 0x2, 0x6e, 0xe0, 0x67,
    0x5, 0xcf, 0xeb, 0x75, 0x8, 0x5, 0xa3, 0x1,
    0x48, 0x4, 0x10, 0x80, 0xf, 0x8c, 0x4, 0x80,
    0x3e, 0xe0, 0x20, 0xf, 0xf3, 0x80, 0x7f, 0xf1,
    0xc4, 0x18, 0x3, 0xf6, 0x1, 0x10, 0x3, 0xe4,
    0x0, 0x40, 0x7, 0xe8, 0x5, 0xa2, 0x0, 0x1c,
    0x20, 0x3a, 0x82, 0xef, 0xfb, 0x1c, 0x80, 0x15,
    0x6a, 0x1, 0x13, 0xb8, 0x2, 0x4a, 0x60, 0xdd,
    0x40, 0x80, 0x7f, 0xc0,

    /* U+00A3 "£" */
    0x0, 0xe3, 0xae, 0xff, 0x6c, 0xa0, 0x7, 0x3e,
    0x28, 0x8c, 0x4d, 0x62, 0x1, 0x14, 0x2, 0xf7,
    0x69, 0x81, 0x0, 0x94, 0x6, 0x84, 0x0, 0x2c,
    0xe0, 0x1b, 0x81, 0x40, 0x3f, 0xfc, 0xc3, 0xfe,
    0x60, 0x4f, 0xfe, 0x0, 0xc8, 0x82, 0x1, 0x44,
    0xe0, 0x8, 0x6e, 0xc8, 0xb, 0x77, 0xc0, 0x1f,
    0xfc, 0xa1, 0x0, 0xff, 0x88, 0xc, 0x3, 0xfc,
    0x28, 0x14, 0x1, 0xfc, 0x5a, 0xe, 0x60, 0x1f,
    0x8b, 0x4c, 0x1f, 0xff, 0xf7, 0x0, 0x7f, 0xf0,
    0x80,

    /* U+00A4 "¤" */
    0x6, 0x20, 0xf, 0x91, 0x40, 0xe7, 0x12, 0x77,
    0xf5, 0xd6, 0xe8, 0x4e, 0x46, 0xd8, 0x10, 0x22,
    0x82, 0xc4, 0x18, 0x42, 0xf6, 0xf6, 0x40, 0xd0,
    0x0, 0xc3, 0x8, 0x1, 0x33, 0xc, 0xc0, 0xf,
    0x5, 0x0, 0xed, 0x4, 0x0, 0xff, 0xe1, 0xf8,
    0x28, 0x7, 0x68, 0x18, 0x1, 0x86, 0x14, 0x2,
    0x66, 0x12, 0x0, 0x18, 0x42, 0xb6, 0xfa, 0x40,
    0x90, 0xa, 0x46, 0xd8, 0x10, 0xde, 0x42, 0xc4,
    0xa7, 0x12, 0x77, 0xf6, 0x1a, 0xe8, 0x40,

    /* U+00A5 "¥" */
    0x5f, 0xf0, 0x80, 0x7c, 0x7f, 0xe2, 0x53, 0x9,
    0x0, 0xfa, 0x1, 0x88, 0x20, 0x1c, 0x40, 0x38,
    0xd0, 0x20, 0x0, 0x88, 0x8, 0x0, 0xef, 0x7,
    0x10, 0xa, 0x41, 0x88, 0x2, 0x43, 0x18, 0x0,
    0xc4, 0xc1, 0x0, 0x14, 0x4, 0x0, 0x7a, 0x1,
    0x48, 0x14, 0xc9, 0x80, 0x3c, 0x30, 0x10, 0x10,
    0x12, 0x1, 0xf9, 0xc5, 0x60, 0x91, 0x0, 0x1e,
    0x6a, 0xa1, 0x83, 0x83, 0xd5, 0x10, 0x3, 0x62,
    0xa8, 0x80, 0x23, 0x55, 0x18, 0x6, 0xaf, 0xf9,
    0x1, 0xff, 0xe7, 0x0, 0xff, 0xe3, 0xd7, 0xfc,
    0x80, 0xff, 0xf3, 0x80, 0x6c, 0x55, 0x84, 0x9,
    0x56, 0x30, 0xc, 0xd5, 0x52, 0x82, 0xd5, 0x48,
    0x1, 0xff, 0xd4,

    /* U+00A6 "¦" */
    0xcf, 0x10, 0xf, 0xfe, 0x62, 0x98, 0x4e, 0x8,
    0x7, 0xff, 0x2, 0x70, 0x54, 0xc0, 0x3f, 0xf9,
    0xa0,

    /* U+00A7 "§" */
    0x0, 0x2d, 0xf7, 0xfb, 0xad, 0x84, 0x22, 0x90,
    0xce, 0x4, 0x93, 0x17, 0xb, 0xdc, 0xc7, 0x6c,
    0x91, 0x80, 0x14, 0x3, 0x13, 0x1, 0x10, 0x34,
    0xc0, 0x3e, 0xf2, 0x3c, 0xc3, 0x8, 0x6, 0x31,
    0x2, 0x39, 0xe8, 0x0, 0xb4, 0xeb, 0x7a, 0x5,
    0xf4, 0x8, 0xcc, 0xa0, 0x2f, 0xe4, 0x47, 0x10,
    0x10, 0xc, 0x36, 0x1c, 0x62, 0x54, 0x1, 0xb8,
    0x38, 0x28, 0x57, 0xe0, 0xd9, 0xc5, 0xc1, 0x3d,
    0xc5, 0xf2, 0x47, 0x0, 0x21, 0x8e, 0xa4, 0x1,
    0x90, 0xf, 0x2d, 0xe0, 0x23, 0x0, 0x7c, 0x6a,
    0x1c, 0x8a, 0x20, 0x18, 0x90, 0x38, 0xeb, 0xb7,
    0x2f, 0x74, 0x28, 0xcc, 0x83, 0x39, 0xd, 0x2a,
    0xc0,

    /* U+00A8 "¨" */
    0x5, 0x60, 0x9, 0x94, 0x6, 0xa5, 0x0, 0xa6,
    0x88, 0x4c, 0x54, 0xc, 0x8a,

    /* U+00A9 "©" */
    0x0, 0xff, 0xe6, 0x94, 0x6f, 0xfd, 0xd4, 0xa0,
    0x1f, 0xea, 0xd6, 0x4a, 0xba, 0x91, 0xae, 0x40,
    0xf, 0xe, 0xac, 0xf4, 0xaa, 0x2b, 0xde, 0xad,
    0xb8, 0x7, 0x61, 0xeb, 0x1, 0xdf, 0x7e, 0xc8,
    0x5b, 0xc3, 0x0, 0x50, 0x5a, 0x40, 0xd8, 0x84,
    0x80, 0xc0, 0x8, 0x59, 0x10, 0x17, 0x71, 0x81,
    0x48, 0x5e, 0x5e, 0xe8, 0x80, 0x16, 0x10, 0x8,
    0x14, 0x0, 0xa0, 0x64, 0x0, 0x88, 0x2, 0x16,
    0x70, 0xc1, 0x20, 0x2, 0x6, 0x80, 0x7f, 0x68,
    0x99, 0x88, 0x2, 0x20, 0x60, 0xf, 0xe6, 0x7,
    0x0, 0xff, 0xe3, 0x89, 0x90, 0x4, 0x40, 0xc0,
    0x1f, 0xcc, 0xd, 0xe2, 0x40, 0xb, 0xe, 0x0,
    0xfe, 0xc0, 0x37, 0xa, 0x0, 0x30, 0xac, 0x8,
    0x13, 0x80, 0x66, 0x40, 0x15, 0x72, 0x1, 0xa1,
    0x7e, 0xfd, 0x80, 0x9, 0xc7, 0xc0, 0x16, 0x3e,
    0x20, 0x9f, 0x2c, 0xaf, 0x80, 0x5, 0x85, 0x40,
    0x0, 0xe9, 0x7a, 0x0, 0xb4, 0xd4, 0x18, 0x45,
    0x1d, 0x0, 0x63, 0xd3, 0xbc, 0x63, 0x12, 0x48,
    0xe7, 0x6c, 0x0, 0xf1, 0x6d, 0x3c, 0xe7, 0x6d,
    0xb3, 0xec, 0x80, 0x7f, 0x2d, 0xfe, 0xe6, 0x3b,
    0x92, 0x40, 0x1c,

    /* U+00AA "ª" */
    0x3, 0xad, 0xfe, 0xa1, 0x0, 0x32, 0x2c, 0xa2,
    0xd0, 0x1, 0x7a, 0x1a, 0x8d, 0x0, 0x3e, 0x50,
    0x8, 0xeb, 0x7b, 0xd8, 0x0, 0x38, 0xf3, 0x9a,
    0x80, 0x19, 0xd0, 0x99, 0x40, 0x2, 0xeb, 0xff,
    0x30, 0x5, 0x1f, 0xbd, 0x71, 0xa0,

    /* U+00AB "«" */
    0x0, 0xff, 0xe1, 0x96, 0xb8, 0x5, 0x90, 0x1,
    0xf, 0x97, 0x80, 0x2c, 0xc8, 0x2, 0xd2, 0x58,
    0x9, 0x43, 0xa0, 0x4, 0x99, 0xa8, 0x1d, 0x87,
    0x40, 0xe, 0xc3, 0xa0, 0xb0, 0x1a, 0x20, 0xb,
    0x4, 0x10, 0xf0, 0x23, 0x0, 0xb4, 0x55, 0xc2,
    0x88, 0x94, 0x1, 0xe, 0x84, 0x20, 0x60, 0xab,
    0x80, 0x47, 0x41, 0x64, 0x3a, 0x10, 0x80, 0x12,
    0xc0, 0x70, 0x1d, 0x5, 0x0, 0x67, 0xac, 0x0,
    0x2d, 0xf8, 0x0,

    /* U+00AC "¬" */
    0x9d, 0xdf, 0xf9, 0x88, 0xbf, 0xf8, 0x1d, 0x7f,
    0xff, 0xd4, 0x1, 0xff, 0xea,

    /* U+00AD "­" */
    0xff, 0xf2, 0x80, 0x7c,

    /* U+00AE "®" */
    0x0, 0xff, 0xe6, 0x94, 0x6f, 0xfd, 0xd4, 0xa0,
    0x1f, 0xea, 0xd6, 0x4a, 0xba, 0x91, 0xae, 0x40,
    0xf, 0xe, 0xac, 0xf4, 0xaa, 0x2b, 0xde, 0xad,
    0xb8, 0x7, 0x61, 0xeb, 0x3d, 0x55, 0x2c, 0x5,
    0x6f, 0xc, 0x1, 0x41, 0x69, 0x5, 0xaa, 0xcd,
    0x3a, 0x21, 0xb, 0x22, 0x2, 0xee, 0x30, 0xd,
    0x9f, 0xa6, 0x4c, 0x0, 0xb0, 0x80, 0x40, 0xa0,
    0xf, 0x8a, 0x43, 0x40, 0x2, 0xce, 0x18, 0x24,
    0x1, 0xfb, 0x0, 0x80, 0x2d, 0x13, 0x31, 0x0,
    0x7a, 0x27, 0x18, 0xa4, 0x2, 0x60, 0x70, 0xf,
    0xc8, 0xc6, 0x58, 0x20, 0x1c, 0x26, 0x40, 0x1e,
    0xcf, 0x22, 0x28, 0x6, 0x60, 0x6f, 0x12, 0x0,
    0xfa, 0x42, 0x40, 0x36, 0x1, 0xb8, 0x50, 0x7,
    0xc8, 0x82, 0x70, 0x9, 0x90, 0x5, 0x5c, 0x80,
    0x3e, 0x90, 0x82, 0x7, 0x1f, 0x0, 0x58, 0xf8,
    0x84, 0xc1, 0x0, 0xa, 0xa0, 0x56, 0x15, 0x0,
    0x3, 0xa5, 0xe8, 0xae, 0x20, 0x12, 0xbd, 0xd1,
    0xd0, 0x6, 0x3d, 0x3b, 0xc6, 0x31, 0x24, 0x8e,
    0x76, 0xc0, 0xf, 0x16, 0xd3, 0xce, 0x76, 0xdb,
    0x3e, 0xc8, 0x7, 0xf2, 0xdf, 0xee, 0x63, 0xb9,
    0x24, 0x1, 0xc0,

    /* U+00AF "¯" */
    0xb, 0xbf, 0xfe, 0x8, 0xa, 0x27, 0xff, 0x4,
    0x40,

    /* U+00B0 "°" */
    0x0, 0x47, 0x7f, 0x48, 0x5, 0x6e, 0xae, 0x8d,
    0x80, 0x88, 0x7b, 0x8a, 0x83, 0x6c, 0xb, 0x0,
    0x98, 0x30, 0x3, 0xc2, 0x0, 0xc0, 0xb0, 0x9,
    0x83, 0x11, 0xf, 0x71, 0x52, 0x4c, 0x16, 0xea,
    0xe8, 0xd8, 0x0,

    /* U+00B1 "±" */
    0x0, 0xe3, 0x62, 0x0, 0xff, 0x5c, 0xb8, 0x7,
    0xff, 0xb6, 0xff, 0xf3, 0x85, 0x7f, 0xe8, 0x22,
    0xe1, 0x1, 0x22, 0xdd, 0x3b, 0xb9, 0x82, 0xf7,
    0x73, 0x0, 0x7f, 0xfb, 0x63, 0xd4, 0x3, 0xa7,
    0x77, 0xfe, 0x72, 0x2f, 0xfe, 0x7, 0x80,

    /* U+00B2 "²" */
    0x0, 0x13, 0x3a, 0x80, 0x53, 0xb3, 0x15, 0xc4,
    0xa, 0xdb, 0xf2, 0x3c, 0x19, 0x24, 0xc, 0x26,
    0x1, 0xe1, 0x20, 0xe, 0x70, 0xa0, 0xc, 0x90,
    0x8e, 0x1, 0x25, 0x9d, 0x80, 0x49, 0x67, 0x80,
    0x12, 0x59, 0xe0, 0x4, 0x76, 0xd, 0x33, 0x94,
    0x0, 0xac, 0xd8,

    /* U+00B3 "³" */
    0x0, 0x84, 0x40, 0x1c, 0xfd, 0xd7, 0xd9, 0x1,
    0x4a, 0x45, 0x32, 0x70, 0x17, 0x53, 0xac, 0x89,
    0x80, 0x42, 0x47, 0x2, 0xc0, 0x17, 0xee, 0x3b,
    0x48, 0x5, 0x54, 0x94, 0x6a, 0x0, 0x91, 0x5a,
    0xcd, 0x4c, 0x3, 0xca, 0xc, 0x62, 0x1, 0x90,
    0x1e, 0xba, 0xe2, 0x74, 0x94, 0xa9, 0x54, 0xec,
    0x11, 0x40,

    /* U+00B4 "´" */
    0x0, 0x67, 0xf0, 0x83, 0x18, 0x68, 0x8a, 0x42,
    0xcc, 0x34, 0x71, 0x0, 0x0,

    /* U+00B5 "µ" */
    0xcf, 0x80, 0xf, 0x27, 0xf8, 0x3, 0xff, 0xfe,
    0x1, 0xe1, 0x0, 0xff, 0x8c, 0x3, 0x8, 0x7,
    0xbc, 0x3, 0x20, 0x7, 0xb, 0x80, 0x62, 0x90,
    0x8, 0xb4, 0x40, 0x39, 0xbf, 0xb9, 0xa7, 0x60,
    0x1a, 0x18, 0x44, 0xb, 0xa8, 0x1, 0xd3, 0xdf,
    0xd4, 0x41, 0xfe, 0x0, 0xff, 0xe7, 0x78, 0x7,
    0xff, 0x54,

    /* U+00B6 "¶" */
    0x0, 0x9f, 0x3b, 0xff, 0xe4, 0x1, 0xe8, 0x31,
    0x0, 0xa2, 0xc, 0x1, 0x68, 0x80, 0x79, 0x9e,
    0x80, 0x4, 0x60, 0x1f, 0xfc, 0x4, 0x0, 0xff,
    0xe0, 0xf0, 0x7, 0xff, 0x3f, 0xc0, 0x3f, 0xf8,
    0x22, 0x1, 0xff, 0xc1, 0x40, 0xf, 0xfe, 0x9,
    0x20, 0x7, 0xff, 0x6, 0x88, 0x3, 0xff, 0x80,
    0x3b, 0x28, 0x67, 0x0, 0x7f, 0x35, 0xe6, 0x28,
    0x3, 0xff, 0xfe, 0x1, 0xff, 0xe6, 0x30, 0xf,
    0x0,

    /* U+00B7 "·" */
    0x2, 0x62, 0x0, 0x64, 0xe0, 0x8, 0x80, 0x40,
    0x54, 0x18, 0x0,

    /* U+00B8 "¸" */
    0x0, 0x44, 0x0, 0x23, 0x70, 0xc, 0xe8, 0xfa,
    0x20, 0x97, 0x4, 0xc4, 0x43, 0xc0, 0x28, 0xdc,
    0x46, 0x58, 0xbc, 0xe9, 0x0,

    /* U+00B9 "¹" */
    0x0, 0xc2, 0x40, 0x1a, 0x3b, 0x4c, 0xb, 0x1c,
    0x80, 0x2e, 0x3a, 0x40, 0xb, 0xb5, 0x40, 0x31,
    0x10, 0x3, 0xff, 0xc4,

    /* U+00BA "º" */
    0x0, 0x26, 0x7f, 0xac, 0x80, 0x9, 0x61, 0xe,
    0xba, 0x41, 0x23, 0x8f, 0x18, 0x16, 0x24, 0xe0,
    0x11, 0x1a, 0x18, 0x70, 0x6, 0x72, 0x30, 0xf0,
    0xc, 0xe2, 0x32, 0x0, 0x63, 0x50, 0x93, 0x82,
    0x3b, 0x8, 0x7, 0x7b, 0x71, 0x68, 0xc0, 0x11,
    0xd9, 0x8e, 0x50,

    /* U+00BB "»" */
    0x0, 0xff, 0xe0, 0x36, 0x90, 0x1, 0x75, 0x0,
    0x30, 0x96, 0x8, 0x0, 0xac, 0x80, 0x27, 0x61,
    0xd0, 0x58, 0xc, 0x10, 0xa, 0x4c, 0xd4, 0xe,
    0xa3, 0xa0, 0x1b, 0x49, 0x60, 0x28, 0xcd, 0x40,
    0x10, 0xa0, 0x28, 0x2, 0xc1, 0x44, 0x0, 0xcc,
    0x1f, 0x4, 0x80, 0xb1, 0x4, 0x90, 0xa2, 0x25,
    0x4, 0xa0, 0x15, 0x4, 0xa0, 0xf8, 0xbb, 0x0,
    0x24, 0x5d, 0x82, 0x49, 0x60, 0x2, 0xba, 0x80,
    0x4, 0x55, 0x0, 0x30,

    /* U+00BC "¼" */
    0x0, 0x9f, 0xfc, 0x40, 0x1f, 0x5f, 0x98, 0x6,
    0x2c, 0x81, 0x0, 0xfc, 0xa8, 0xc6, 0x1, 0xbc,
    0xad, 0x0, 0x3f, 0x58, 0xc0, 0x7, 0x7f, 0x90,
    0x3, 0xf4, 0x8d, 0x88, 0x7, 0x10, 0x80, 0x80,
    0x78, 0xd9, 0x14, 0x3, 0xff, 0x89, 0xc1, 0x20,
    0x1f, 0xfc, 0x47, 0x28, 0x20, 0xf, 0xfe, 0x19,
    0x41, 0x38, 0x2, 0xfe, 0x0, 0x3f, 0xe9, 0xe,
    0x0, 0x3a, 0x0, 0x7f, 0xf0, 0x15, 0x18, 0xc0,
    0xa0, 0x80, 0x3f, 0x8, 0x0, 0x6c, 0x64, 0x1,
    0xe5, 0x60, 0x1f, 0xab, 0xca, 0xc6, 0xc0, 0x10,
    0x5e, 0x1, 0xff, 0x22, 0xac, 0x8, 0xf2, 0x40,
    0x1f, 0xf4, 0x85, 0x80, 0xd2, 0x30, 0x7, 0xfd,
    0x5, 0x22, 0xc, 0x29, 0xfe, 0x90, 0x7f, 0x20,
    0xc, 0x4e, 0x6c, 0x0, 0x37, 0x7c, 0x80, 0x6e,
    0x60, 0x1b, 0x83, 0x80, 0x24, 0x88, 0xda, 0x9,
    0x2, 0x1, 0x31, 0xb9, 0x0, 0x7f, 0xf0, 0x40,

    /* U+00BD "½" */
    0x0, 0xd, 0xfe, 0x80, 0x7c, 0xfe, 0xe0, 0x19,
    0x7d, 0x40, 0x3f, 0x14, 0x13, 0x80, 0x45, 0x45,
    0x80, 0x1f, 0xa4, 0x38, 0x3, 0x16, 0x60, 0x80,
    0x3e, 0x64, 0x63, 0x0, 0xe3, 0x0, 0xfc, 0x30,
    0x32, 0x1, 0xff, 0xc3, 0xb1, 0xb0, 0xf, 0xfe,
    0x1a, 0x2a, 0x28, 0x0, 0x40, 0x3f, 0xf8, 0x12,
    0x14, 0x99, 0xfd, 0xf2, 0x1, 0xfd, 0x5, 0x21,
    0x65, 0x14, 0x8d, 0x0, 0x1f, 0x13, 0x9b, 0xd,
    0xf3, 0xad, 0x82, 0x80, 0x7d, 0xc1, 0xe0, 0x4,
    0x0, 0xff, 0x7e, 0xb1, 0xb9, 0x80, 0x79, 0x82,
    0x80, 0x38, 0x64, 0xa0, 0x3, 0xc7, 0x26, 0xe0,
    0x1d, 0x61, 0x20, 0x1e, 0x3c, 0x2d, 0x0, 0xe4,
    0x55, 0x20, 0x7, 0x26, 0x1e, 0x8, 0x7, 0x50,
    0xd8, 0x7, 0x25, 0x9e, 0x8, 0x7, 0x40, 0xc0,
    0x80, 0x64, 0xb0, 0x69, 0x9a, 0x0, 0x6, 0xe6,
    0xc0, 0x1c, 0x60, 0x5, 0x66, 0xc0,

    /* U+00BE "¾" */
    0x0, 0x84, 0x40, 0x1f, 0xf1, 0x8, 0x6, 0x7e,
    0xeb, 0xe8, 0x40, 0x3e, 0xad, 0x50, 0x8, 0xe5,
    0x26, 0x95, 0x54, 0x1, 0xe4, 0x55, 0x20, 0x4,
    0x7d, 0x4c, 0xb4, 0xa, 0x1, 0xe9, 0xb, 0x0,
    0xf0, 0x88, 0xe4, 0x24, 0x3, 0xa0, 0xa4, 0x40,
    0x3d, 0xfd, 0x8c, 0xee, 0x0, 0xc4, 0xe6, 0xc0,
    0x1f, 0x55, 0xc9, 0xbc, 0x80, 0x6e, 0xf, 0x0,
    0xfc, 0x88, 0x6c, 0x26, 0x20, 0x3, 0x1b, 0x98,
    0x7, 0xff, 0x1, 0x1, 0x80, 0x60, 0x60, 0x1,
    0x9e, 0xe0, 0x1f, 0x94, 0x18, 0x2c, 0x68, 0x1,
    0x6, 0x1, 0xa6, 0x90, 0x8e, 0x4c, 0xc4, 0x8a,
    0xa4, 0x3, 0x71, 0x0, 0xde, 0xb7, 0xb8, 0xc9,
    0xa1, 0x21, 0x60, 0xe, 0x29, 0x0, 0xcd, 0xf9,
    0x76, 0xeb, 0x18, 0x29, 0x10, 0x92, 0xe0, 0xf,
    0x8d, 0x10, 0x20, 0x4e, 0x6c, 0xa, 0xd2, 0x60,
    0x1f, 0xfc, 0xe, 0xf, 0x1, 0xb5, 0x60, 0xf,
    0xfe, 0x3, 0x1b, 0x98, 0x48, 0xaf, 0xfa, 0x2,
    0x3c, 0x40, 0x38, 0x60, 0x60, 0x1, 0x8e, 0xf8,
    0xc0, 0xdc, 0x40, 0x3a, 0xc6, 0x80, 0x24, 0x88,
    0xd6, 0x17, 0x0, 0x1c, 0x8a, 0xa4, 0x0, 0xff,
    0xe0, 0x80,

    /* U+00BF "¿" */
    0x0, 0xe8, 0xfa, 0x0, 0xfc, 0xe0, 0xa4, 0x1,
    0xf1, 0x0, 0xc, 0x3, 0xef, 0x9c, 0x10, 0xf,
    0x89, 0x8c, 0x3, 0xf0, 0xba, 0x0, 0x7e, 0x58,
    0xd0, 0xf, 0xd8, 0x1c, 0x1, 0xf1, 0xb8, 0x28,
    0x7, 0x93, 0x2, 0x8, 0x3, 0x9a, 0xc2, 0x1c,
    0x3, 0x96, 0x42, 0x5c, 0x3, 0xd6, 0x10, 0xc0,
    0x1e, 0x41, 0x7, 0x0, 0xf8, 0x40, 0x80, 0x3f,
    0x8, 0x10, 0x80, 0x7c, 0x82, 0x1a, 0x60, 0x2,
    0x6d, 0x50, 0xa0, 0x3c, 0xff, 0x6c, 0x97, 0x2,
    0x6b, 0x10, 0x9, 0x35, 0xd8,

    /* U+00C0 "À" */
    0x0, 0xee, 0xfd, 0x0, 0xff, 0xe1, 0x60, 0x93,
    0x80, 0x7f, 0xf0, 0x4b, 0x46, 0xc, 0x3, 0xff,
    0x82, 0x78, 0x3c, 0x1, 0xff, 0xc2, 0x2e, 0xd0,
    0xf, 0xfe, 0x9f, 0x7c, 0x0, 0x7f, 0xf0, 0x54,
    0x41, 0x80, 0x3f, 0xf8, 0x32, 0x4, 0x2a, 0x1,
    0xff, 0x11, 0x8c, 0x4, 0x80, 0x7f, 0xd6, 0xe,
    0xa2, 0x64, 0x1, 0xfe, 0x70, 0xb0, 0x70, 0xb0,
    0xf, 0xe5, 0x13, 0x20, 0xb0, 0x70, 0xf, 0xe9,
    0x9, 0x0, 0x11, 0x8a, 0x80, 0x7c, 0x46, 0x2a,
    0x1, 0x48, 0x48, 0x7, 0xd6, 0xc, 0x1, 0x94,
    0x4c, 0x80, 0x3c, 0xc0, 0xff, 0xfc, 0x21, 0x60,
    0x1c, 0xc0, 0x1f, 0xe6, 0x0, 0xea, 0x8, 0xee,
    0xf8, 0x41, 0x80, 0x23, 0x30, 0x30, 0x8f, 0xcc,
    0x14, 0x1, 0x50, 0x28, 0x80, 0x7d, 0x40, 0x64,
    0x0, 0x60, 0xe0, 0xf, 0xc4, 0x61, 0x60, 0xc0,
    0x28, 0x1, 0xfd, 0x40, 0xc1, 0x40, 0xc0, 0x1f,
    0xe6, 0x0, 0x30,

    /* U+00C1 "Á" */
    0x0, 0xfc, 0x5f, 0xeb, 0x0, 0xff, 0xe0, 0xc8,
    0x15, 0x0, 0x7f, 0xf0, 0x19, 0xb, 0x4, 0x3,
    0xfe, 0x29, 0x3c, 0x10, 0xf, 0xfe, 0x1, 0x7e,
    0x8, 0x7, 0xff, 0x4f, 0xbe, 0x0, 0x3f, 0xf8,
    0x2a, 0x20, 0xc0, 0x1f, 0xfc, 0x19, 0x2, 0x15,
    0x0, 0xff, 0x88, 0xc6, 0x2, 0x40, 0x3f, 0xeb,
    0x7, 0x51, 0x32, 0x0, 0xff, 0x38, 0x58, 0x38,
    0x58, 0x7, 0xf2, 0x89, 0x90, 0x58, 0x38, 0x7,
    0xf4, 0x84, 0x80, 0x8, 0xc5, 0x40, 0x3e, 0x23,
    0x15, 0x0, 0xa4, 0x24, 0x3, 0xeb, 0x6, 0x0,
    0xca, 0x26, 0x40, 0x1e, 0x60, 0x7f, 0xfe, 0x10,
    0xb0, 0xe, 0x60, 0xf, 0xf3, 0x0, 0x75, 0x4,
    0x77, 0x7c, 0x20, 0xc0, 0x11, 0x98, 0x18, 0x47,
    0xe6, 0xa, 0x0, 0xa8, 0x14, 0x40, 0x3e, 0xa0,
    0x32, 0x0, 0x30, 0x70, 0x7, 0xe2, 0x30, 0xb0,
    0x60, 0x14, 0x0, 0xfe, 0xa0, 0x60, 0xa0, 0x60,
    0xf, 0xf3, 0x0, 0x18,

    /* U+00C2 "Â" */
    0x0, 0xf2, 0x7f, 0xb0, 0x3, 0xff, 0x80, 0x34,
    0x2, 0x72, 0x1, 0xfe, 0x1c, 0x18, 0xf3, 0x68,
    0x0, 0xfe, 0xd3, 0xb7, 0x1c, 0x67, 0x70, 0x7,
    0xec, 0xe4, 0x0, 0xa7, 0xdc, 0x3, 0xff, 0xa1,
    0xdf, 0x0, 0x1f, 0xfc, 0x15, 0x10, 0x60, 0xf,
    0xfe, 0xc, 0x81, 0xa, 0x80, 0x7f, 0xc4, 0x63,
    0x1, 0x20, 0x1f, 0xf5, 0x83, 0xa8, 0x99, 0x0,
    0x7f, 0x9c, 0x2c, 0x1c, 0x2c, 0x3, 0xf9, 0x44,
    0xc8, 0x2c, 0x1c, 0x3, 0xfa, 0x42, 0x40, 0x4,
    0x62, 0xa0, 0x1f, 0x11, 0x8a, 0x80, 0x52, 0x12,
    0x1, 0xf5, 0x83, 0x0, 0x65, 0x13, 0x20, 0xf,
    0x30, 0x3f, 0xff, 0x8, 0x58, 0x7, 0x30, 0x7,
    0xf9, 0x80, 0x3a, 0x82, 0x3b, 0xbe, 0x10, 0x60,
    0x8, 0xcc, 0xc, 0x23, 0xf3, 0x5, 0x0, 0x54,
    0xa, 0x20, 0x1f, 0x50, 0x19, 0x0, 0x18, 0x38,
    0x3, 0xf1, 0x18, 0x58, 0x30, 0xa, 0x0, 0x7f,
    0x50, 0x30, 0x50, 0x30, 0x7, 0xf9, 0x80, 0xc,

    /* U+00C3 "Ã" */
    0x0, 0xc9, 0xbf, 0xae, 0x41, 0x5c, 0x1, 0xf1,
    0x59, 0x91, 0x23, 0x7d, 0x64, 0x3, 0xe7, 0x3f,
    0xde, 0x85, 0x49, 0x70, 0xf, 0x97, 0x4, 0x5,
    0xea, 0xd8, 0x3, 0xff, 0xa3, 0xdf, 0x0, 0x1f,
    0xfc, 0x15, 0x10, 0x60, 0xf, 0xfe, 0xc, 0x81,
    0xa, 0x80, 0x7f, 0xc4, 0x63, 0x1, 0x20, 0x1f,
    0xf5, 0x83, 0xa8, 0x99, 0x0, 0x7f, 0x9c, 0x2c,
    0x1c, 0x2c, 0x3, 0xf9, 0x44, 0xc8, 0x2c, 0x1c,
    0x3, 0xfa, 0x42, 0x40, 0x4, 0x62, 0xa0, 0x1f,
    0x11, 0x8a, 0x80, 0x52, 0x12, 0x1, 0xf5, 0x83,
    0x0, 0x65, 0x13, 0x20, 0xf, 0x30, 0x3f, 0xff,
    0x8, 0x58, 0x7, 0x30, 0x7, 0xf9, 0x80, 0x3a,
    0x82, 0x3b, 0xbe, 0x10, 0x60, 0x8, 0xcc, 0xc,
    0x23, 0xf3, 0x5, 0x0, 0x54, 0xa, 0x20, 0x1f,
    0x50, 0x19, 0x0, 0x18, 0x38, 0x3, 0xf1, 0x18,
    0x58, 0x30, 0xa, 0x0, 0x7f, 0x50, 0x30, 0x50,
    0x30, 0x7, 0xf9, 0x80, 0xc,

    /* U+00C4 "Ä" */
    0x0, 0xc5, 0xd6, 0x0, 0x4f, 0x90, 0xf, 0xe7,
    0x14, 0x0, 0x18, 0x20, 0x7, 0xf2, 0xc5, 0x80,
    0x1e, 0x38, 0x3, 0xfc, 0xe8, 0x1, 0x39, 0x80,
    0x7f, 0xf4, 0x7b, 0xe0, 0x3, 0xff, 0x82, 0xa2,
    0xc, 0x1, 0xff, 0xc1, 0x90, 0x21, 0x50, 0xf,
    0xf8, 0x8c, 0x60, 0x24, 0x3, 0xfe, 0xb0, 0x75,
    0x13, 0x20, 0xf, 0xf3, 0x85, 0x83, 0x85, 0x80,
    0x7f, 0x28, 0x99, 0x5, 0x83, 0x80, 0x7f, 0x48,
    0x48, 0x0, 0x8c, 0x54, 0x3, 0xe2, 0x31, 0x50,
    0xa, 0x42, 0x40, 0x3e, 0xb0, 0x60, 0xc, 0xa2,
    0x64, 0x1, 0xe6, 0x7, 0xff, 0xe1, 0xb, 0x0,
    0xe6, 0x0, 0xff, 0x30, 0x7, 0x50, 0x47, 0x77,
    0xc2, 0xc, 0x1, 0x19, 0x81, 0x84, 0x7e, 0x60,
    0xa0, 0xa, 0x81, 0x44, 0x3, 0xea, 0x3, 0x20,
    0x3, 0x7, 0x0, 0x7e, 0x23, 0xb, 0x6, 0x1,
    0x40, 0xf, 0xea, 0x6, 0xa, 0x6, 0x0, 0xff,
    0x30, 0x1, 0x80,

    /* U+00C5 "Å" */
    0x0, 0xff, 0xe5, 0xc7, 0x7e, 0x10, 0x7, 0xfc,
    0xaf, 0x36, 0x1e, 0x1, 0xff, 0x69, 0x3a, 0x49,
    0x8, 0x7, 0xfb, 0x88, 0xc3, 0xc4, 0x40, 0x1f,
    0xe6, 0x3c, 0xf5, 0xb0, 0xf, 0xfe, 0x4, 0x80,
    0x4a, 0x1, 0xff, 0xc0, 0x90, 0x20, 0x50, 0xf,
    0xf8, 0x8c, 0x60, 0x24, 0x3, 0xfe, 0xb0, 0x75,
    0x3, 0x20, 0xf, 0xf3, 0x85, 0x3, 0x5, 0x80,
    0x7f, 0x28, 0x99, 0x82, 0xc1, 0xc0, 0x3f, 0xa4,
    0x28, 0x0, 0x46, 0x2a, 0x1, 0xf1, 0x18, 0xb0,
    0x5, 0x21, 0x20, 0x1f, 0x58, 0x38, 0x6, 0x51,
    0x32, 0x0, 0xf3, 0x3, 0x7f, 0xf0, 0x85, 0x80,
    0x73, 0x0, 0x7f, 0x98, 0x3, 0xa8, 0x23, 0xbb,
    0xe1, 0x6, 0x0, 0x8c, 0xc0, 0xc2, 0x3f, 0x30,
    0x50, 0x5, 0x40, 0xa2, 0x1, 0xf5, 0x1, 0x90,
    0x1, 0x83, 0x80, 0x3f, 0x11, 0x85, 0x83, 0x0,
    0xa0, 0x7, 0xf5, 0x3, 0x5, 0x3, 0x0, 0x7f,
    0x98, 0x0, 0xc0,

    /* U+00C6 "Æ" */
    0x0, 0xfe, 0x7f, 0xff, 0xfe, 0x2, 0x80, 0x7f,
    0x48, 0x7, 0xff, 0x25, 0xc4, 0x5f, 0x40, 0xf,
    0xff, 0x94, 0x3, 0xf4, 0x84, 0x0, 0x7f, 0xf1,
    0xd8, 0x44, 0xc0, 0x1f, 0xfc, 0x78, 0x8, 0x0,
    0xff, 0xe3, 0xb0, 0x93, 0x0, 0x7f, 0xf1, 0xec,
    0x20, 0x3, 0xdf, 0xfe, 0xd0, 0xf, 0x31, 0x11,
    0x40, 0x3f, 0xf8, 0xf6, 0x10, 0x1, 0xf7, 0xff,
    0xb4, 0x3, 0x94, 0x82, 0xbf, 0xf5, 0x0, 0x7f,
    0xf0, 0xa0, 0x3, 0xff, 0x92, 0xa4, 0x3d, 0xde,
    0xa0, 0xf, 0xfe, 0xc, 0x4, 0x88, 0xf8, 0x3,
    0xff, 0x82, 0xa4, 0xc, 0x1, 0xff, 0xc7, 0x90,
    0x71, 0x0, 0xff, 0xe3, 0x21, 0x84, 0x80, 0x7f,
    0xbf, 0xfe, 0x50, 0x80, 0x61, 0x0, 0xff, 0xe3,
    0x0,

    /* U+00C7 "Ç" */
    0x0, 0xe4, 0x9d, 0xff, 0xb6, 0x94, 0x3, 0xd,
    0xd9, 0x88, 0x2, 0x25, 0xa6, 0x0, 0x17, 0xa0,
    0x2d, 0xf7, 0xf5, 0xb1, 0xb0, 0x3, 0x84, 0x2e,
    0x90, 0x40, 0x52, 0x70, 0x0, 0xe6, 0x14, 0x80,
    0x1f, 0xea, 0x3, 0x50, 0xf, 0xf1, 0x10, 0x28,
    0x3, 0xfe, 0x60, 0x2, 0x0, 0x7f, 0xc4, 0x0,
    0x30, 0xf, 0xf8, 0xc0, 0x3f, 0xf8, 0x42, 0x0,
    0x30, 0xf, 0xf9, 0x80, 0xe, 0x1, 0xff, 0x11,
    0x3, 0x80, 0x3f, 0xf8, 0xa, 0x8, 0x60, 0x1f,
    0xf4, 0x88, 0x69, 0x0, 0x7f, 0x86, 0x80, 0x76,
    0x50, 0x40, 0x49, 0x60, 0x2, 0x4c, 0x10, 0x6b,
    0xef, 0xed, 0xa6, 0x0, 0xc7, 0xd2, 0x82, 0x1,
    0x12, 0xd8, 0x7, 0x9a, 0xf0, 0x2b, 0xf6, 0x94,
    0x3, 0xf4, 0x7, 0x18, 0x7, 0xfd, 0x74, 0xb8,
    0x20, 0x1f, 0xe1, 0x57, 0x2, 0x0, 0xfe, 0x66,
    0x43, 0x9, 0x80, 0x7f, 0x54, 0xb2, 0xe0, 0x6,

    /* U+00C8 "È" */
    0x0, 0x27, 0xfa, 0x0, 0x3e, 0x48, 0x7, 0x20,
    0xf, 0x9e, 0x3, 0x80, 0x3f, 0x3c, 0x9c, 0x0,
    0x7e, 0x6f, 0x80, 0xf, 0xfe, 0x13, 0xff, 0xff,
    0x70, 0x7, 0xff, 0x4, 0xbf, 0xfe, 0xe0, 0xf,
    0xff, 0x11, 0x7f, 0xfc, 0xc0, 0x1f, 0xfc, 0x12,
    0xff, 0xf9, 0x80, 0x3f, 0xff, 0x5, 0xff, 0xf7,
    0x0, 0x7f, 0xc0,

    /* U+00C9 "É" */
    0x0, 0xf3, 0xff, 0x98, 0x3, 0xc3, 0x0, 0xec,
    0x1, 0xea, 0x6, 0x80, 0xf, 0x3a, 0x44, 0x80,
    0x7c, 0xfe, 0xe0, 0x1f, 0xfc, 0x37, 0xff, 0xfe,
    0xe0, 0xf, 0xfe, 0x9, 0x7f, 0xfd, 0xc0, 0x1f,
    0xfe, 0x22, 0xff, 0xf9, 0x80, 0x3f, 0xf8, 0x25,
    0xff, 0xf3, 0x0, 0x7f, 0xfe, 0xb, 0xff, 0xee,
    0x0, 0xff, 0x80,

    /* U+00CA "Ê" */
    0x0, 0xd3, 0xfe, 0x70, 0xf, 0x2b, 0x0, 0x21,
    0x0, 0x32, 0x50, 0xe5, 0x85, 0x98, 0x0, 0xed,
    0x3c, 0xd3, 0x4f, 0x8, 0xf, 0xec, 0x40, 0x5,
    0x9e, 0x40, 0x1f, 0xf3, 0xff, 0xff, 0x70, 0x7,
    0xff, 0x4, 0xbf, 0xfe, 0xe0, 0xf, 0xff, 0x11,
    0x7f, 0xfc, 0xc0, 0x1f, 0xfc, 0x12, 0xff, 0xf9,
    0x80, 0x3f, 0xff, 0x5, 0xff, 0xf7, 0x0, 0x7f,
    0xc0,

    /* U+00CB "Ë" */
    0x0, 0x3f, 0xb0, 0x2, 0x3d, 0x0, 0x2d, 0xc,
    0x0, 0x20, 0x60, 0x5, 0x11, 0x0, 0x3e, 0x24,
    0x2, 0x27, 0x20, 0x1, 0xb8, 0x80, 0x7f, 0xf0,
    0x1f, 0xff, 0xfb, 0x80, 0x3f, 0xf8, 0x25, 0xff,
    0xf7, 0x0, 0x7f, 0xf8, 0x8b, 0xff, 0xe6, 0x0,
    0xff, 0xe0, 0x97, 0xff, 0xcc, 0x1, 0xff, 0xf8,
    0x2f, 0xff, 0xb8, 0x3, 0xfe,

    /* U+00CC "Ì" */
    0xcf, 0xf0, 0x80, 0x5a, 0x41, 0x60, 0x10, 0xe1,
    0x2a, 0x80, 0x21, 0xc3, 0xb1, 0x0, 0x87, 0x38,
    0x40, 0x3f, 0x7f, 0xfb, 0x25, 0x40, 0x2, 0xd0,
    0xd4, 0x60, 0xf2, 0x80, 0x1f, 0xff, 0xf0, 0xf,
    0xfe, 0x23, 0x51, 0x83, 0xca, 0x4a, 0x80, 0x5,
    0xa0,

    /* U+00CD "Í" */
    0x0, 0xdd, 0xfa, 0x1, 0xa4, 0x45, 0xe0, 0x12,
    0x30, 0xe1, 0x0, 0x54, 0x58, 0x40, 0x1b, 0xb4,
    0x80, 0x3f, 0xef, 0xff, 0x60, 0x4a, 0x80, 0x5,
    0xa0, 0x1a, 0x8c, 0x1e, 0x50, 0x3, 0xff, 0xfe,
    0x1, 0xff, 0xd2, 0x6a, 0x30, 0x79, 0x40, 0x95,
    0x0, 0xb, 0x40, 0x0,

    /* U+00CE "Î" */
    0x0, 0x17, 0xfb, 0x84, 0x3, 0x78, 0x8, 0xa8,
    0x2, 0xb2, 0x6e, 0x44, 0x50, 0x52, 0x4c, 0x82,
    0xe1, 0x66, 0xbd, 0x80, 0x27, 0xf9, 0x0, 0xff,
    0x7f, 0xfb, 0x0, 0x12, 0xa0, 0x1, 0x68, 0x0,
    0x35, 0x18, 0x3c, 0xa0, 0x7, 0xff, 0xfc, 0x3,
    0xff, 0xc0, 0xd4, 0x60, 0xf2, 0x80, 0x9, 0x50,
    0x0, 0xb4, 0x0,

    /* U+00CF "Ï" */
    0x1d, 0xd0, 0x0, 0xbb, 0x0, 0x8b, 0x3, 0x9,
    0x81, 0xcd, 0x10, 0x24, 0x58, 0x1, 0x94, 0x2,
    0x74, 0x0, 0xff, 0xbf, 0xfd, 0x80, 0x9, 0x50,
    0x0, 0xb4, 0x0, 0x1a, 0x8c, 0x1e, 0x50, 0x3,
    0xff, 0xfe, 0x1, 0xff, 0xe0, 0x6a, 0x30, 0x79,
    0x40, 0x4, 0xa8, 0x0, 0x5a, 0x0,

    /* U+00D0 "Ð" */
    0x0, 0x27, 0xff, 0xbb, 0x24, 0xc0, 0x3f, 0xf8,
    0x42, 0x6d, 0x96, 0x20, 0x1f, 0xbf, 0xf7, 0x5a,
    0x82, 0x79, 0x0, 0x7f, 0xc2, 0x95, 0x82, 0x2f,
    0x0, 0xff, 0xe1, 0x1e, 0x81, 0x40, 0x7, 0xff,
    0x8, 0xd4, 0x18, 0x3, 0xff, 0x87, 0xe0, 0x24,
    0x1, 0xff, 0xc2, 0x70, 0x3, 0x1f, 0xd8, 0x3,
    0xff, 0x50, 0x6, 0x30, 0x0, 0x80, 0x7f, 0xf1,
    0x8f, 0xec, 0x1, 0xff, 0xa8, 0x3, 0x10, 0x0,
    0x40, 0x3f, 0xf8, 0x4a, 0x0, 0x50, 0xf, 0xfe,
    0x15, 0x1, 0x8, 0x7, 0xff, 0x5, 0x4c, 0x2c,
    0x3, 0xff, 0x82, 0xb4, 0x4, 0xc0, 0x1f, 0xe2,
    0x6c, 0xa0, 0x2c, 0x0, 0xfb, 0xff, 0x6c, 0x98,
    0x2e, 0x88, 0x7, 0xfc, 0x29, 0x1d, 0x40, 0x18,

    /* U+00D1 "Ñ" */
    0x0, 0xd3, 0xdf, 0x6a, 0x25, 0xd0, 0x1, 0xe7,
    0x63, 0x14, 0xae, 0xd1, 0xa0, 0xf, 0x6b, 0xef,
    0x63, 0xa2, 0xe1, 0x0, 0x7a, 0xa0, 0x0, 0x71,
    0x74, 0x60, 0x1f, 0xfc, 0x87, 0xff, 0x40, 0x7,
    0xf7, 0xf8, 0xc0, 0x27, 0x30, 0xf, 0xfe, 0x1f,
    0x0, 0x7f, 0xf0, 0x54, 0xa, 0x0, 0x3f, 0xf8,
    0x7, 0x0, 0xe4, 0x1, 0xff, 0xc0, 0x73, 0xe,
    0x0, 0xff, 0x8c, 0x38, 0xd, 0xc0, 0x3f, 0xf8,
    0x5, 0x1, 0x4, 0x1, 0xfc, 0x20, 0x7, 0x30,
    0xe0, 0xf, 0xfe, 0xf, 0x1, 0xb0, 0x7, 0xff,
    0x0, 0xa0, 0x24, 0x80, 0x3f, 0xf8, 0xe, 0x61,
    0x20, 0x1, 0x0, 0xff, 0x70, 0x23, 0x0, 0x7f,
    0xf0, 0xa, 0x2, 0x44, 0xc0, 0x3f, 0xe7, 0x30,
    0xa1, 0x0, 0xff, 0xe0, 0x70, 0x21, 0x80, 0x7f,
    0xf0, 0xa, 0x0, 0x3f, 0xf8, 0x6e, 0x60, 0x10,

    /* U+00D2 "Ò" */
    0x0, 0xe1, 0x88, 0x28, 0x7, 0xff, 0x8, 0x49,
    0xe8, 0x40, 0x3f, 0xf8, 0x54, 0x81, 0x40, 0x1f,
    0xfc, 0x3b, 0x44, 0x30, 0x7, 0xff, 0xe, 0xe4,
    0x40, 0x3f, 0xf8, 0x8c, 0xe0, 0x1f, 0xfd, 0x26,
    0xbe, 0xff, 0x76, 0x38, 0x80, 0x7c, 0x7d, 0x28,
    0x20, 0x1, 0x38, 0xe6, 0x0, 0xe4, 0xc1, 0x14,
    0x67, 0x7e, 0xd1, 0x84, 0xc0, 0x4, 0x34, 0x5,
    0xee, 0x62, 0x4, 0xb8, 0xc0, 0xe6, 0x0, 0x91,
    0xf, 0x10, 0xf, 0xa4, 0xc3, 0xc0, 0xa, 0xa,
    0x40, 0x1f, 0xd2, 0x6, 0x45, 0x7, 0x80, 0x7f,
    0x94, 0x0, 0xac, 0x0, 0x70, 0xf, 0xf8, 0x83,
    0x84, 0x0, 0x60, 0x1f, 0xf0, 0x81, 0x80, 0x7f,
    0xf1, 0x84, 0x0, 0x60, 0x1f, 0xf0, 0x81, 0xb0,
    0x1, 0xc0, 0x3f, 0xe2, 0xe, 0x22, 0x7, 0x80,
    0x7f, 0x94, 0x0, 0xa0, 0xa0, 0xa4, 0x1, 0xfd,
    0x20, 0x64, 0x12, 0x21, 0xe2, 0x1, 0xf4, 0x98,
    0x78, 0x0, 0x68, 0xb, 0xdc, 0x80, 0x2, 0xb8,
    0xc0, 0xe6, 0x1, 0x26, 0x8, 0xa3, 0x7f, 0xdd,
    0x46, 0x15, 0x0, 0x1c, 0x7d, 0x28, 0x20, 0x1,
    0x38, 0xe5, 0x0, 0x80,

    /* U+00D3 "Ó" */
    0x0, 0xff, 0x3c, 0x30, 0x7, 0xff, 0xa, 0x20,
    0xea, 0x1, 0xff, 0xc1, 0x27, 0xa, 0x30, 0xf,
    0xfe, 0xf, 0x85, 0x28, 0x7, 0xff, 0x4, 0x97,
    0x14, 0x3, 0xff, 0x84, 0x50, 0x60, 0x1f, 0xfd,
    0x36, 0xbe, 0xff, 0x76, 0x38, 0x80, 0x7c, 0x7d,
    0x28, 0x20, 0x1, 0x38, 0xe6, 0x0, 0xe4, 0xc1,
    0x14, 0x67, 0x7e, 0xd1, 0x84, 0xc0, 0x4, 0x34,
    0x5, 0xee, 0x62, 0x4, 0xb8, 0xc0, 0xe6, 0x0,
    0x91, 0xf, 0x10, 0xf, 0xa4, 0xc3, 0xc0, 0xa,
    0xa, 0x40, 0x1f, 0xd2, 0x6, 0x45, 0x7, 0x80,
    0x7f, 0x94, 0x0, 0xac, 0x0, 0x70, 0xf, 0xf8,
    0x83, 0x84, 0x0, 0x60, 0x1f, 0xf0, 0x81, 0x80,
    0x7f, 0xf1, 0x84, 0x0, 0x60, 0x1f, 0xf0, 0x81,
    0xb0, 0x1, 0xc0, 0x3f, 0xe2, 0xe, 0x22, 0x7,
    0x80, 0x7f, 0x94, 0x0, 0xa0, 0xa0, 0xa4, 0x1,
    0xfd, 0x20, 0x64, 0x12, 0x21, 0xe2, 0x1, 0xf4,
    0x98, 0x78, 0x0, 0x68, 0xb, 0xdc, 0x80, 0x2,
    0xb8, 0xc0, 0xe6, 0x1, 0x26, 0x8, 0xa3, 0x7f,
    0xdd, 0x46, 0x15, 0x0, 0x1c, 0x7d, 0x28, 0x20,
    0x1, 0x38, 0xe5, 0x0, 0x80,

    /* U+00D4 "Ô" */
    0x0, 0xf8, 0x5e, 0x10, 0x3, 0xff, 0x85, 0x50,
    0xf4, 0x40, 0x1f, 0xfc, 0x9, 0x43, 0x61, 0xf1,
    0x0, 0xff, 0x3b, 0x26, 0x4c, 0x8b, 0x4, 0x3,
    0xf0, 0x85, 0x58, 0x1, 0xb5, 0x54, 0x1, 0xf8,
    0x5d, 0x40, 0x31, 0x42, 0x0, 0x7f, 0xf3, 0xda,
    0xfb, 0xfd, 0xd8, 0xe2, 0x1, 0xf1, 0xf4, 0xa0,
    0x80, 0x4, 0xe3, 0x98, 0x3, 0x93, 0x4, 0x51,
    0x9d, 0xfb, 0x46, 0x13, 0x0, 0x10, 0xd0, 0x17,
    0xb9, 0x88, 0x12, 0xe3, 0x3, 0x98, 0x2, 0x44,
    0x3c, 0x40, 0x3e, 0x93, 0xf, 0x0, 0x28, 0x29,
    0x0, 0x7f, 0x48, 0x19, 0x14, 0x1e, 0x1, 0xfe,
    0x50, 0x2, 0xb0, 0x1, 0xc0, 0x3f, 0xe2, 0xe,
    0x10, 0x1, 0x80, 0x7f, 0xc2, 0x6, 0x1, 0xff,
    0xc6, 0x10, 0x1, 0x80, 0x7f, 0xc2, 0x6, 0xc0,
    0x7, 0x0, 0xff, 0x88, 0x38, 0x88, 0x1e, 0x1,
    0xfe, 0x50, 0x2, 0x82, 0x82, 0x90, 0x7, 0xf4,
    0x81, 0x90, 0x48, 0x87, 0x88, 0x7, 0xd2, 0x61,
    0xe0, 0x1, 0xa0, 0x2f, 0x72, 0x0, 0xa, 0xe3,
    0x3, 0x98, 0x4, 0x98, 0x22, 0x8d, 0xff, 0x75,
    0x18, 0x54, 0x0, 0x71, 0xf4, 0xa0, 0x80, 0x4,
    0xe3, 0x94, 0x2,

    /* U+00D5 "Õ" */
    0x0, 0xe1, 0xab, 0x60, 0x9, 0xa8, 0x3, 0xfb,
    0x15, 0x27, 0xc, 0x6c, 0x3, 0xf9, 0x4a, 0xf9,
    0x8f, 0x38, 0xa4, 0x3, 0xf1, 0xaa, 0xc, 0xe2,
    0xa5, 0x98, 0x7, 0xe6, 0xa0, 0x8, 0xea, 0xd0,
    0x3, 0xff, 0xa0, 0xd7, 0xdf, 0xee, 0xc7, 0x10,
    0xf, 0x8f, 0xa5, 0x4, 0x0, 0x27, 0x1c, 0xc0,
    0x1c, 0x98, 0x22, 0x8c, 0xef, 0xda, 0x30, 0x98,
    0x0, 0x86, 0x80, 0xbd, 0xcc, 0x40, 0x97, 0x18,
    0x1c, 0xc0, 0x12, 0x21, 0xe2, 0x1, 0xf4, 0x98,
    0x78, 0x1, 0x41, 0x48, 0x3, 0xfa, 0x40, 0xc8,
    0xa0, 0xf0, 0xf, 0xf2, 0x80, 0x15, 0x80, 0xe,
    0x1, 0xff, 0x10, 0x70, 0x80, 0xc, 0x3, 0xfe,
    0x10, 0x30, 0xf, 0xfe, 0x30, 0x80, 0xc, 0x3,
    0xfe, 0x10, 0x36, 0x0, 0x38, 0x7, 0xfc, 0x41,
    0xc4, 0x40, 0xf0, 0xf, 0xf2, 0x80, 0x14, 0x14,
    0x14, 0x80, 0x3f, 0xa4, 0xc, 0x82, 0x44, 0x3c,
    0x40, 0x3e, 0x93, 0xf, 0x0, 0xd, 0x1, 0x7b,
    0x90, 0x0, 0x57, 0x18, 0x1c, 0xc0, 0x24, 0xc1,
    0x14, 0x6f, 0xfb, 0xa8, 0xc2, 0xa0, 0x3, 0x8f,
    0xa5, 0x4, 0x0, 0x27, 0x1c, 0xa0, 0x10,

    /* U+00D6 "Ö" */
    0x0, 0xf3, 0x98, 0x0, 0x5c, 0x80, 0x3f, 0xcf,
    0x1a, 0x0, 0x98, 0xe0, 0xf, 0xf2, 0xa, 0x0,
    0x34, 0x2c, 0x3, 0xfc, 0x7d, 0x40, 0x5, 0xf7,
    0x0, 0xff, 0xf1, 0x35, 0xf7, 0xfb, 0xb1, 0xc4,
    0x3, 0xe3, 0xe9, 0x41, 0x0, 0x9, 0xc7, 0x30,
    0x7, 0x26, 0x8, 0xa3, 0x3b, 0xf6, 0x8c, 0x26,
    0x0, 0x21, 0xa0, 0x2f, 0x73, 0x10, 0x25, 0xc6,
    0x7, 0x30, 0x4, 0x88, 0x78, 0x80, 0x7d, 0x26,
    0x1e, 0x0, 0x50, 0x52, 0x0, 0xfe, 0x90, 0x32,
    0x28, 0x3c, 0x3, 0xfc, 0xa0, 0x5, 0x60, 0x3,
    0x80, 0x7f, 0xc4, 0x1c, 0x20, 0x3, 0x0, 0xff,
    0x84, 0xc, 0x3, 0xff, 0x8c, 0x20, 0x3, 0x0,
    0xff, 0x84, 0xd, 0x80, 0xe, 0x1, 0xff, 0x10,
    0x71, 0x10, 0x3c, 0x3, 0xfc, 0xa0, 0x5, 0x5,
    0x5, 0x20, 0xf, 0xe9, 0x3, 0x20, 0x91, 0xf,
    0x10, 0xf, 0xa4, 0xc3, 0xc0, 0x3, 0x40, 0x5e,
    0xe4, 0x0, 0x15, 0xc6, 0x7, 0x30, 0x9, 0x30,
    0x45, 0x1b, 0xfe, 0xea, 0x30, 0xa8, 0x0, 0xe3,
    0xe9, 0x41, 0x0, 0x9, 0xc7, 0x28, 0x4,

    /* U+00D7 "×" */
    0x3, 0x40, 0xf, 0x94, 0x80, 0x72, 0xd0, 0x3,
    0x96, 0xbc, 0x6, 0x2, 0xd0, 0x2, 0x6a, 0x9,
    0x0, 0x3c, 0x85, 0xa0, 0x34, 0x85, 0xa0, 0x4,
    0xd2, 0x17, 0x32, 0xb, 0x40, 0xe, 0x69, 0x6,
    0xc, 0x40, 0xf, 0x84, 0x2, 0x70, 0xf, 0x9e,
    0x1, 0xc2, 0xd4, 0x3, 0x9e, 0x3, 0x22, 0x82,
    0x94, 0x2, 0x78, 0xc, 0x30, 0x5a, 0xa, 0x50,
    0x19, 0xc, 0x30, 0x9, 0x68, 0x20, 0x7, 0x30,
    0x60, 0x1c, 0xb7, 0x80,

    /* U+00D8 "Ø" */
    0x0, 0xff, 0xe1, 0x9, 0x80, 0x7c, 0xd7, 0xdf,
    0xee, 0xb6, 0xa, 0xc5, 0x0, 0xc7, 0xd2, 0x82,
    0x0, 0x14, 0x9f, 0x42, 0x50, 0x9, 0x30, 0x45,
    0x19, 0xdf, 0xb2, 0x40, 0x5, 0x0, 0x86, 0x80,
    0xbd, 0xcc, 0x40, 0x98, 0x2, 0x73, 0x0, 0x48,
    0x87, 0x88, 0x7, 0x51, 0x31, 0x7, 0x80, 0x18,
    0x14, 0x80, 0x39, 0x94, 0xa6, 0x0, 0xc8, 0x82,
    0x1e, 0x1, 0xc7, 0x21, 0xe0, 0xa0, 0x4, 0x60,
    0x3, 0x80, 0x61, 0xd0, 0xa2, 0x0, 0x10, 0x78,
    0x80, 0xc, 0x3, 0x50, 0xb2, 0x80, 0x42, 0x6,
    0x1, 0xf3, 0xa1, 0xc8, 0x7, 0xc2, 0x0, 0x30,
    0x1, 0xc0, 0x70, 0x7, 0x8, 0x1b, 0x0, 0x1c,
    0x7, 0x42, 0x88, 0x3, 0x88, 0x38, 0x84, 0x3c,
    0x28, 0x5d, 0x40, 0x39, 0x40, 0xa, 0x12, 0xb,
    0x28, 0x70, 0x1, 0xe9, 0x2, 0x20, 0x30, 0x83,
    0xe, 0x80, 0x7a, 0x4c, 0x38, 0x0, 0x36, 0x1,
    0x49, 0x88, 0xa, 0xe3, 0x3, 0x98, 0x5, 0xc0,
    0x1, 0x7c, 0xef, 0xea, 0x30, 0x98, 0x0, 0x8d,
    0xb, 0xe9, 0x48, 0x0, 0x27, 0x1c, 0xc0, 0x18,
    0xf7, 0xc1, 0x6b, 0x7f, 0xdd, 0x8e, 0x20, 0x18,

    /* U+00D9 "Ù" */
    0x0, 0xcd, 0xe, 0x1, 0xff, 0xc0, 0x27, 0x86,
    0x0, 0xff, 0x92, 0x42, 0x44, 0x3, 0xfe, 0x69,
    0xd, 0x0, 0xff, 0xe0, 0x35, 0xa1, 0x0, 0x7f,
    0xf0, 0x12, 0x8, 0x3, 0xff, 0x91, 0x5f, 0x60,
    0x1f, 0xd5, 0xf4, 0x1, 0xff, 0xff, 0x0, 0xff,
    0xff, 0x80, 0x7f, 0xf0, 0xcc, 0x1c, 0x3, 0xf9,
    0x80, 0xb0, 0xc, 0x40, 0x3e, 0x13, 0xd, 0x40,
    0x5, 0x80, 0x7d, 0x60, 0x2a, 0x32, 0xb, 0x68,
    0x20, 0x29, 0x6a, 0x16, 0x0, 0x68, 0x4, 0xbe,
    0xfe, 0xb4, 0x9, 0x50, 0x9, 0xf5, 0x88, 0x0,
    0x27, 0x1c, 0xc0, 0x0,

    /* U+00DA "Ú" */
    0x0, 0xfc, 0xb0, 0xe2, 0x1, 0xfe, 0x3a, 0x7e,
    0x10, 0xf, 0xf7, 0x82, 0xc8, 0x7, 0xfa, 0xd,
    0x68, 0x3, 0xfe, 0xf9, 0xa0, 0xf, 0xfe, 0x3,
    0xb0, 0x7, 0xff, 0x2a, 0xbe, 0xc0, 0x3f, 0xab,
    0xe8, 0x3, 0xff, 0xfe, 0x1, 0xff, 0xff, 0x0,
    0xff, 0xe1, 0x98, 0x38, 0x7, 0xf3, 0x1, 0x60,
    0x18, 0x80, 0x7c, 0x26, 0x1a, 0x80, 0xb, 0x0,
    0xfa, 0xc0, 0x54, 0x64, 0x16, 0xd0, 0x40, 0x52,
    0xd4, 0x2c, 0x0, 0xd0, 0x9, 0x7d, 0xfd, 0x68,
    0x12, 0xa0, 0x13, 0xeb, 0x10, 0x0, 0x4e, 0x39,
    0x80, 0x0,

    /* U+00DB "Û" */
    0x0, 0xf3, 0x43, 0x80, 0x7f, 0xcd, 0x2f, 0xc,
    0x1, 0xfc, 0x72, 0x10, 0x12, 0x80, 0x1f, 0x1e,
    0x8e, 0x3e, 0x15, 0xa0, 0x7, 0x96, 0x7c, 0xc0,
    0xf6, 0xc, 0x3, 0xcc, 0xe2, 0x1, 0x9d, 0xc0,
    0x1f, 0xfc, 0x6a, 0xfb, 0x0, 0xfe, 0xaf, 0xa0,
    0xf, 0xff, 0xf8, 0x7, 0xff, 0xfc, 0x3, 0xff,
    0x86, 0x60, 0xe0, 0x1f, 0xcc, 0x5, 0x80, 0x62,
    0x1, 0xf0, 0x98, 0x6a, 0x0, 0x2c, 0x3, 0xeb,
    0x1, 0x51, 0x90, 0x5b, 0x41, 0x1, 0x4b, 0x50,
    0xb0, 0x3, 0x40, 0x25, 0xf7, 0xf5, 0xa0, 0x4a,
    0x80, 0x4f, 0xac, 0x40, 0x1, 0x38, 0xe6, 0x0,
    0x0,

    /* U+00DC "Ü" */
    0x0, 0xca, 0xc0, 0x13, 0x28, 0x7, 0xc3, 0x52,
    0x60, 0x73, 0x42, 0x1, 0xe1, 0x31, 0x20, 0x21,
    0x31, 0x0, 0xfb, 0x38, 0x40, 0x7b, 0x0, 0x3f,
    0xfa, 0xd5, 0xf6, 0x1, 0xfd, 0x5f, 0x40, 0x1f,
    0xff, 0xf0, 0xf, 0xff, 0xf8, 0x7, 0xff, 0xc,
    0xc1, 0xc0, 0x3f, 0x98, 0xb, 0x0, 0xc4, 0x3,
    0xe1, 0x30, 0xd4, 0x0, 0x58, 0x7, 0xd6, 0x2,
    0xa3, 0x20, 0xb6, 0x82, 0x2, 0x96, 0xa1, 0x60,
    0x6, 0x80, 0x4b, 0xef, 0xeb, 0x40, 0x95, 0x0,
    0x9f, 0x58, 0x80, 0x2, 0x71, 0xcc, 0x0,

    /* U+00DD "Ý" */
    0x0, 0xf8, 0x7f, 0xd8, 0x1, 0xff, 0x58, 0x16,
    0x80, 0x7f, 0x95, 0x43, 0xe2, 0x1, 0xfc, 0x36,
    0x5e, 0x40, 0x1f, 0xe1, 0xed, 0x10, 0xf, 0xfe,
    0x4d, 0xfe, 0x0, 0x7e, 0x1f, 0xf3, 0x48, 0x1a,
    0x80, 0x7d, 0x0, 0x4c, 0x4c, 0x10, 0x1, 0xe2,
    0x60, 0x80, 0x4, 0x1, 0x30, 0x7, 0x48, 0x1a,
    0x80, 0x5, 0xc2, 0x0, 0x31, 0xa0, 0x78, 0x6,
    0x81, 0x13, 0x80, 0x5e, 0xa, 0x60, 0x1d, 0x1,
    0x2, 0x8, 0x61, 0x60, 0x1e, 0x62, 0x9, 0x9,
    0x7, 0x10, 0xf, 0xa4, 0x1d, 0xc4, 0x30, 0x1,
    0xf9, 0x10, 0x10, 0x10, 0x1, 0xfe, 0x90, 0x1,
    0xb0, 0x7, 0xf8, 0x88, 0x8, 0x1, 0xff, 0xff,
    0x0, 0xff, 0xe4, 0x80,

    /* U+00DE "Þ" */
    0x7f, 0xd0, 0xf, 0xfe, 0xd1, 0x7f, 0xed, 0xa5,
    0x0, 0xff, 0x12, 0xd6, 0x0, 0x62, 0xff, 0xba,
    0xd4, 0xe, 0x80, 0x3e, 0x14, 0xa7, 0x5, 0x20,
    0xf, 0xea, 0x0, 0x38, 0x7, 0xf1, 0x0, 0x7f,
    0xf0, 0x8, 0x0, 0xc0, 0x1f, 0xd6, 0x2, 0x60,
    0x1e, 0x14, 0xb6, 0x8, 0x0, 0x8b, 0xfe, 0xeb,
    0x40, 0x86, 0x0, 0xf8, 0x4d, 0xf5, 0xc0, 0x31,
    0x7f, 0xdd, 0x90, 0x40, 0x1f, 0xfd, 0xe0,

    /* U+00DF "ß" */
    0x0, 0x25, 0x77, 0xfb, 0x69, 0x0, 0x3a, 0xad,
    0x44, 0x62, 0x5b, 0xb0, 0x4, 0xaa, 0x7, 0xee,
    0xce, 0x8, 0xa0, 0xf, 0x4, 0x81, 0x0, 0xc,
    0x10, 0x68, 0x1, 0x80, 0xc0, 0x3c, 0x61, 0xc0,
    0x1f, 0xea, 0x12, 0x60, 0xf, 0xc3, 0x8a, 0x78,
    0x1, 0xfd, 0x86, 0xb8, 0x20, 0x1f, 0x8c, 0x82,
    0x80, 0x3f, 0xc2, 0x0, 0x50, 0xf, 0xf1, 0x30,
    0x55, 0x4, 0x3, 0xfa, 0x60, 0x17, 0xcc, 0x3,
    0xf9, 0xf4, 0xc7, 0x10, 0x3, 0xf8, 0xb1, 0x42,
    0x80, 0x3f, 0xeb, 0x1, 0x20, 0xf, 0xfe, 0x8,
    0x80, 0x64, 0x61, 0x0, 0xa0, 0x0, 0x60, 0x18,
    0xa7, 0xb9, 0xbe, 0xc1, 0x20, 0x1c, 0x8c, 0x42,
    0x44, 0x5c, 0x60,

    /* U+00E0 "à" */
    0x0, 0xb7, 0xf8, 0x3, 0xfb, 0x8, 0x64, 0x3,
    0xf0, 0xe1, 0xb3, 0x0, 0x3f, 0xe, 0x47, 0x80,
    0x7f, 0x9e, 0x40, 0x3c, 0x51, 0x9d, 0xfd, 0x8a,
    0x1, 0xe, 0xb9, 0x81, 0x9, 0xd4, 0x80, 0x5,
    0xe7, 0xb9, 0xbe, 0xc0, 0xc4, 0x0, 0x86, 0x10,
    0xa, 0x44, 0x10, 0x3, 0xf8, 0x80, 0x40, 0x22,
    0x57, 0x89, 0x91, 0x0, 0x45, 0x9b, 0x50, 0xec,
    0xc1, 0x0, 0x16, 0x99, 0xab, 0xbf, 0xe3, 0x0,
    0x58, 0xe, 0xa8, 0x80, 0x79, 0x41, 0x4, 0x3,
    0x88, 0x0, 0xe0, 0x1f, 0x28, 0x80, 0xc, 0x15,
    0x0, 0x27, 0xa0, 0xa, 0x44, 0x2f, 0xb7, 0xe1,
    0xa0, 0x0, 0x3e, 0xe4, 0x26, 0x6a, 0x93, 0x0,
    0x0,

    /* U+00E1 "á" */
    0x0, 0xf1, 0x7f, 0xac, 0x3, 0xf7, 0x2, 0x58,
    0x7, 0xd0, 0x6b, 0x60, 0x1f, 0x8, 0xa6, 0x80,
    0x3f, 0xc, 0xb0, 0x7, 0xc5, 0x19, 0xdf, 0xd8,
    0xa0, 0x10, 0xeb, 0x98, 0x10, 0x9d, 0x48, 0x0,
    0x5e, 0x7b, 0x9b, 0xec, 0xc, 0x40, 0x8, 0x61,
    0x0, 0xa4, 0x41, 0x0, 0x3f, 0x88, 0x4, 0x2,
    0x25, 0x78, 0x99, 0x10, 0x4, 0x59, 0xb5, 0xe,
    0xcc, 0x10, 0x1, 0x69, 0x9a, 0xbb, 0xfe, 0x30,
    0x5, 0x80, 0xea, 0x88, 0x7, 0x94, 0x10, 0x40,
    0x38, 0x80, 0xe, 0x1, 0xf2, 0x88, 0x0, 0xc1,
    0x50, 0x2, 0x7a, 0x0, 0xa4, 0x42, 0xfb, 0x7e,
    0x1a, 0x0, 0x3, 0xee, 0x42, 0x66, 0xa9, 0x30,
    0x0,

    /* U+00E2 "â" */
    0x0, 0xc9, 0xfe, 0xd0, 0xf, 0x8a, 0x80, 0xca,
    0xc0, 0x38, 0xf0, 0x2f, 0x1d, 0x2c, 0x3, 0x5b,
    0x7a, 0x4, 0x61, 0x30, 0x5, 0x10, 0x10, 0x8,
    0xe5, 0x80, 0x22, 0x8c, 0xef, 0xec, 0x50, 0x8,
    0x75, 0xcc, 0x8, 0x4e, 0xa4, 0x0, 0x2f, 0x3d,
    0xcd, 0xf6, 0x6, 0x20, 0x4, 0x30, 0x80, 0x52,
    0x20, 0x80, 0x1f, 0xc4, 0x2, 0x1, 0x12, 0xbc,
    0x4c, 0x88, 0x2, 0x2c, 0xda, 0x87, 0x66, 0x8,
    0x0, 0xb4, 0xcd, 0x5d, 0xff, 0x18, 0x2, 0xc0,
    0x75, 0x44, 0x3, 0xca, 0x8, 0x20, 0x1c, 0x40,
    0x7, 0x0, 0xf9, 0x44, 0x0, 0x60, 0xa8, 0x1,
    0x3d, 0x0, 0x52, 0x21, 0x7d, 0xbf, 0xd, 0x0,
    0x1, 0xf7, 0x21, 0x33, 0x54, 0x98, 0x0,

    /* U+00E3 "ã" */
    0x0, 0x3f, 0x7f, 0xbb, 0x73, 0xb4, 0x0, 0x90,
    0x66, 0x20, 0x23, 0x2e, 0x0, 0x27, 0xee, 0x6f,
    0x7f, 0xb0, 0xc0, 0x3f, 0xf8, 0x65, 0x19, 0xdf,
    0xd8, 0xa0, 0x10, 0xeb, 0x98, 0x10, 0x9d, 0x48,
    0x0, 0x5e, 0x7b, 0x9b, 0xec, 0xc, 0x40, 0x8,
    0x61, 0x0, 0xa4, 0x41, 0x0, 0x3f, 0x88, 0x4,
    0x2, 0x25, 0x78, 0x99, 0x10, 0x4, 0x59, 0xb5,
    0xe, 0xcc, 0x10, 0x1, 0x69, 0x9a, 0xbb, 0xfe,
    0x30, 0x5, 0x80, 0xea, 0x88, 0x7, 0x94, 0x10,
    0x40, 0x38, 0x80, 0xe, 0x1, 0xf2, 0x88, 0x0,
    0xc1, 0x50, 0x2, 0x7a, 0x0, 0xa4, 0x42, 0xfb,
    0x7e, 0x1a, 0x0, 0x3, 0xee, 0x42, 0x66, 0xa9,
    0x30, 0x0,

    /* U+00E4 "ä" */
    0x0, 0x17, 0x60, 0x0, 0xfa, 0x80, 0x33, 0x9,
    0x80, 0x14, 0x50, 0x3, 0x24, 0xd8, 0x1, 0xa3,
    0x40, 0x39, 0x90, 0x2, 0x73, 0x0, 0xc5, 0x19,
    0xdf, 0xd8, 0xa0, 0x10, 0xeb, 0x98, 0x10, 0x9d,
    0x48, 0x0, 0x5e, 0x7b, 0x9b, 0xec, 0xc, 0x40,
    0x8, 0x61, 0x0, 0xa4, 0x41, 0x0, 0x3f, 0x88,
    0x4, 0x2, 0x25, 0x78, 0x99, 0x10, 0x4, 0x59,
    0xb5, 0xe, 0xcc, 0x10, 0x1, 0x69, 0x9a, 0xbb,
    0xfe, 0x30, 0x5, 0x80, 0xea, 0x88, 0x7, 0x94,
    0x10, 0x40, 0x38, 0x80, 0xe, 0x1, 0xf2, 0x88,
    0x0, 0xc1, 0x50, 0x2, 0x7a, 0x0, 0xa4, 0x42,
    0xfb, 0x7e, 0x1a, 0x0, 0x3, 0xee, 0x42, 0x66,
    0xa9, 0x30, 0x0,

    /* U+00E5 "å" */
    0x0, 0xff, 0xe2, 0x37, 0x7e, 0x18, 0x7, 0x8e,
    0x5a, 0xc3, 0x40, 0x3c, 0x83, 0x9, 0x2, 0x40,
    0x1c, 0x42, 0x83, 0xa0, 0x40, 0x1c, 0xaa, 0xbe,
    0x6a, 0x0, 0xfa, 0xbb, 0x3d, 0x40, 0x3f, 0x9,
    0x80, 0x7c, 0x51, 0x9d, 0xfd, 0x8a, 0x1, 0xe,
    0xb9, 0x81, 0x9, 0xd4, 0x80, 0x5, 0xe7, 0xb9,
    0xbe, 0xc0, 0xc4, 0x0, 0x86, 0x10, 0xa, 0x44,
    0x10, 0x3, 0xf8, 0x80, 0x40, 0x22, 0x57, 0x89,
    0x91, 0x0, 0x45, 0x9b, 0x50, 0xec, 0xc1, 0x0,
    0x16, 0x99, 0xab, 0xbf, 0xe3, 0x0, 0x58, 0xe,
    0xa8, 0x80, 0x79, 0x41, 0x4, 0x3, 0x88, 0x0,
    0xe0, 0x1f, 0x28, 0x80, 0xc, 0x15, 0x0, 0x27,
    0xa0, 0xa, 0x44, 0x2f, 0xb7, 0xe1, 0xa0, 0x0,
    0x3e, 0xe4, 0x26, 0x6a, 0x93, 0x0, 0x0,

    /* U+00E6 "æ" */
    0x0, 0x24, 0xef, 0xfb, 0x64, 0x40, 0x11, 0xbf,
    0xd6, 0x80, 0x19, 0xed, 0x88, 0x44, 0x4d, 0x85,
    0xae, 0x42, 0x24, 0xb8, 0x0, 0x99, 0x97, 0xfd,
    0xcd, 0x22, 0x69, 0x37, 0x73, 0xe0, 0x1d, 0x0,
    0x3, 0x28, 0x1, 0x14, 0x80, 0xe, 0x44, 0x0,
    0xea, 0x10, 0x1, 0xfc, 0xc0, 0xa, 0x0, 0xec,
    0x3, 0x0, 0xcb, 0x15, 0x76, 0xe0, 0x5, 0x5d,
    0xf5, 0x0, 0x4, 0x17, 0xa9, 0xd5, 0x10, 0x60,
    0x3, 0x44, 0xe3, 0x0, 0x19, 0xa8, 0x4e, 0xfb,
    0xfd, 0xa0, 0xb, 0xff, 0xfc, 0x54, 0x3, 0x88,
    0x20, 0x1, 0x0, 0x8, 0x7, 0xf2, 0x82, 0x0,
    0x73, 0x0, 0x30, 0x3, 0xf9, 0xc0, 0x3e, 0x90,
    0x3, 0x10, 0x7, 0xe3, 0x5, 0x50, 0x0, 0xec,
    0xdc, 0xc3, 0xd0, 0x2, 0x28, 0x60, 0x91, 0xa,
    0xff, 0x62, 0x2c, 0x69, 0x12, 0xff, 0xed, 0x7e,
    0x1, 0xf6, 0x10, 0x14, 0xaa, 0x0, 0xec, 0x18,
    0x80, 0x9c, 0x48, 0x0,

    /* U+00E7 "ç" */
    0x0, 0x8a, 0x77, 0xfd, 0xb4, 0x60, 0x7, 0xd6,
    0x20, 0x1, 0x2b, 0x2, 0xc0, 0x2e, 0x7f, 0x64,
    0x28, 0x58, 0x2d, 0x18, 0x9, 0xb8, 0x18, 0x84,
    0x0, 0x7c, 0xa0, 0x24, 0x1, 0xf7, 0x1, 0x80,
    0x7f, 0xf1, 0xf8, 0xc, 0x3, 0xf1, 0x0, 0x90,
    0x7, 0xc8, 0x21, 0x0, 0x1f, 0xa0, 0x16, 0x44,
    0x0, 0x2c, 0x80, 0xce, 0xd, 0xdf, 0xee, 0x92,
    0x0, 0x46, 0x28, 0x80, 0x9, 0x90, 0x2, 0x3a,
    0x61, 0xfd, 0x92, 0x0, 0xc2, 0xe3, 0x22, 0x1,
    0xe1, 0xd7, 0x6a, 0x0, 0xf8, 0xa0, 0x14, 0x3,
    0x85, 0xdd, 0x60, 0xe0, 0x1c, 0x51, 0x6, 0x79,
    0x0, 0x0,

    /* U+00E8 "è" */
    0x0, 0xb3, 0xfc, 0x20, 0x1f, 0xd8, 0x61, 0x40,
    0x1f, 0xec, 0x44, 0x38, 0x7, 0xfa, 0xe3, 0x44,
    0x3, 0xfc, 0xf4, 0x20, 0x1f, 0x1d, 0x6f, 0xf5,
    0xa8, 0x7, 0x36, 0x29, 0x8, 0x92, 0xa8, 0x1,
    0x24, 0x84, 0x7f, 0x7c, 0x82, 0xb8, 0x2, 0x42,
    0x1c, 0x2, 0x68, 0x9, 0x3, 0x20, 0x70, 0xe,
    0x50, 0x13, 0x50, 0x6, 0x67, 0xb8, 0x0, 0xdc,
    0x0, 0x33, 0xf8, 0x3, 0x8b, 0xff, 0xf9, 0x78,
    0x8, 0x3, 0xfc, 0xa0, 0x4, 0x0, 0xfe, 0x32,
    0x8, 0x0, 0xff, 0x48, 0x1e, 0x18, 0x4, 0x51,
    0x20, 0x4, 0x90, 0x3c, 0xff, 0xb5, 0xc8, 0x2,
    0x6d, 0x72, 0x0, 0x9, 0xbc, 0x80,

    /* U+00E9 "é" */
    0x0, 0xf0, 0xf7, 0xe0, 0x7, 0xf5, 0x89, 0xe8,
    0x7, 0xe7, 0x54, 0xc1, 0x0, 0xfd, 0xb1, 0x60,
    0x1f, 0xea, 0x70, 0xf, 0xe3, 0xad, 0xfe, 0xb5,
    0x0, 0xe6, 0xc5, 0x21, 0x12, 0x55, 0x0, 0x24,
    0x90, 0x8f, 0xef, 0x90, 0x57, 0x0, 0x48, 0x43,
    0x80, 0x4d, 0x1, 0x20, 0x64, 0xe, 0x1, 0xca,
    0x2, 0x6a, 0x0, 0xcc, 0xf7, 0x0, 0x1b, 0x80,
    0x6, 0x7f, 0x0, 0x71, 0x7f, 0xff, 0x2f, 0x1,
    0x0, 0x7f, 0x94, 0x0, 0x80, 0x1f, 0xc6, 0x41,
    0x0, 0x1f, 0xe9, 0x3, 0xc3, 0x0, 0x8a, 0x24,
    0x0, 0x92, 0x7, 0x9f, 0xf6, 0xb9, 0x0, 0x4d,
    0xae, 0x40, 0x1, 0x37, 0x90,

    /* U+00EA "ê" */
    0x0, 0xc5, 0xfe, 0xe1, 0x0, 0xf8, 0xb0, 0xc,
    0x74, 0x40, 0x38, 0xbc, 0x6b, 0x20, 0xf4, 0x40,
    0x35, 0x27, 0x28, 0x3e, 0xab, 0x0, 0x68, 0x91,
    0x0, 0x8a, 0x5c, 0x3, 0x8e, 0xb7, 0xfa, 0xd4,
    0x3, 0x9b, 0x14, 0x84, 0x49, 0x54, 0x0, 0x92,
    0x42, 0x3f, 0xbe, 0x41, 0x5c, 0x1, 0x21, 0xe,
    0x1, 0x34, 0x4, 0x81, 0x90, 0x38, 0x7, 0x28,
    0x9, 0xa8, 0x3, 0x33, 0xdc, 0x0, 0x6e, 0x0,
    0x19, 0xfc, 0x1, 0xc5, 0xff, 0xfc, 0xbc, 0x4,
    0x1, 0xfe, 0x50, 0x2, 0x0, 0x7f, 0x19, 0x4,
    0x0, 0x7f, 0xa4, 0xf, 0xc, 0x2, 0x28, 0x90,
    0x2, 0x48, 0x1e, 0x7f, 0xda, 0xe4, 0x1, 0x36,
    0xb9, 0x0, 0x4, 0xde, 0x40,

    /* U+00EB "ë" */
    0x0, 0xe, 0xe8, 0x0, 0x5d, 0x60, 0x1c, 0x45,
    0x81, 0xc5, 0x0, 0x38, 0xe6, 0x88, 0x16, 0x2c,
    0x3, 0xcc, 0xa0, 0x13, 0xa0, 0x7, 0x8e, 0xb7,
    0xfa, 0xd4, 0x3, 0x9b, 0x14, 0x84, 0x49, 0x54,
    0x0, 0x92, 0x42, 0x3f, 0xbe, 0x41, 0x5c, 0x1,
    0x21, 0xe, 0x1, 0x34, 0x4, 0x81, 0x90, 0x38,
    0x7, 0x28, 0x9, 0xa8, 0x3, 0x33, 0xdc, 0x0,
    0x6e, 0x0, 0x19, 0xfc, 0x1, 0xc5, 0xff, 0xfc,
    0xbc, 0x4, 0x1, 0xfe, 0x50, 0x2, 0x0, 0x7f,
    0x19, 0x4, 0x0, 0x7f, 0xa4, 0xf, 0xc, 0x2,
    0x28, 0x90, 0x2, 0x48, 0x1e, 0x7f, 0xda, 0xe4,
    0x1, 0x36, 0xb9, 0x0, 0x4, 0xde, 0x40,

    /* U+00EC "ì" */
    0xc, 0xfe, 0x10, 0xb, 0x10, 0x68, 0x3, 0x5a,
    0xa4, 0x0, 0x6a, 0xa7, 0x80, 0x72, 0xb8, 0x6,
    0xcf, 0x80, 0xf, 0xff, 0xf8, 0x7, 0xff, 0x14,

    /* U+00ED "í" */
    0x0, 0x17, 0xfa, 0xc0, 0x2e, 0x4, 0xb0, 0x4,
    0x9b, 0x58, 0x0, 0x7a, 0xe4, 0x2, 0x17, 0x40,
    0xe, 0xcf, 0x80, 0xf, 0xff, 0xf8, 0x7, 0xff,
    0x1c,

    /* U+00EE "î" */
    0x0, 0x1f, 0xfb, 0x44, 0x2, 0x3d, 0x4, 0x2d,
    0x10, 0x3c, 0x3c, 0xb9, 0x3c, 0x15, 0x9d, 0x30,
    0x6e, 0xa4, 0x66, 0x0, 0x61, 0x75, 0x0, 0xb3,
    0xe0, 0x3, 0xff, 0xfe, 0x1, 0xff, 0xe1,

    /* U+00EF "ï" */
    0x1e, 0xc0, 0x1, 0xf5, 0xa8, 0x98, 0x83, 0xa,
    0x22, 0x68, 0x41, 0x62, 0xc1, 0x94, 0x2, 0x74,
    0x0, 0xb3, 0xe0, 0x3, 0xff, 0xfe, 0x1, 0xff,
    0xd3,

    /* U+00F0 "ð" */
    0x0, 0xc6, 0x20, 0x18, 0x80, 0x3c, 0x3b, 0xce,
    0x3, 0x3a, 0xe0, 0x1c, 0x2c, 0x11, 0xbe, 0xc6,
    0x80, 0x1e, 0x89, 0x2, 0x16, 0xc3, 0x0, 0xe2,
    0xb9, 0x4, 0x6, 0x30, 0xf, 0x5a, 0x2e, 0xdb,
    0x6, 0x88, 0x7, 0x4e, 0x51, 0x4, 0x98, 0xc0,
    0x7, 0x8c, 0x3, 0x70, 0x31, 0x80, 0x65, 0xbe,
    0xfe, 0xb7, 0x50, 0xa0, 0xa, 0xe9, 0x4, 0x81,
    0x29, 0xc1, 0xc0, 0x12, 0x81, 0x5f, 0xbd, 0xc7,
    0x20, 0x11, 0x13, 0x4, 0xa8, 0x4, 0x30, 0xc0,
    0x5, 0x40, 0x3, 0x0, 0x7a, 0xc0, 0x2e, 0x2,
    0x0, 0xf8, 0x80, 0x3f, 0xf8, 0x8f, 0xa0, 0x40,
    0x1f, 0x20, 0x0, 0xd0, 0x0, 0xe0, 0x1e, 0xe0,
    0x50, 0x18, 0x8, 0x60, 0x8, 0x65, 0x42, 0x0,
    0xe, 0xc1, 0x3f, 0xbd, 0xc6, 0xb, 0x20, 0xa,
    0x71, 0x48, 0x82, 0x4f, 0xc8, 0x0,

    /* U+00F1 "ñ" */
    0x0, 0x3f, 0x7d, 0xb0, 0x8b, 0x68, 0x0, 0xb0,
    0x2, 0x93, 0xdc, 0x2e, 0x0, 0x6b, 0x77, 0x35,
    0xd1, 0x16, 0x80, 0x8, 0x90, 0x1, 0x45, 0xd9,
    0x0, 0x19, 0xe4, 0xf, 0x9f, 0xed, 0x80, 0xc,
    0xfb, 0x6, 0x20, 0x4f, 0xa2, 0x0, 0xa3, 0xaf,
    0xef, 0x80, 0x29, 0x0, 0xb5, 0x40, 0x27, 0x50,
    0x40, 0x1, 0x98, 0x3, 0xb0, 0x8, 0x0, 0xa0,
    0x1e, 0x20, 0x10, 0x0, 0x80, 0x7f, 0xff, 0xc0,
    0x3f, 0xf8, 0xc0,

    /* U+00F2 "ò" */
    0x0, 0x93, 0xfd, 0x0, 0x1f, 0xe4, 0xa0, 0x73,
    0x0, 0xff, 0x2d, 0x6, 0x88, 0x7, 0xf9, 0x75,
    0x1c, 0x3, 0xfe, 0x2a, 0x60, 0xf, 0xc5, 0x3b,
    0xfd, 0x8e, 0x20, 0x1c, 0xfa, 0xc4, 0x2, 0x71,
    0xe6, 0x1, 0x2c, 0x3, 0x77, 0xfb, 0xc, 0x74,
    0x40, 0x16, 0xb, 0x22, 0x0, 0x3c, 0x21, 0x80,
    0x31, 0x8, 0x0, 0xf5, 0x83, 0x82, 0x0, 0x90,
    0x7, 0x90, 0x4, 0xbc, 0xc, 0x3, 0xe3, 0x0,
    0x30, 0x7, 0xff, 0xb, 0x80, 0x80, 0x3e, 0x20,
    0x3, 0xa8, 0x0, 0xc0, 0x3c, 0x80, 0x3, 0x31,
    0x4, 0x80, 0x7a, 0x41, 0x40, 0x1c, 0xb, 0x2,
    0x0, 0x2b, 0x10, 0x80, 0x1, 0xd0, 0x3f, 0x75,
    0xa8, 0x38, 0x40, 0x12, 0xeb, 0x10, 0x88, 0xdf,
    0xcc, 0x0,

    /* U+00F3 "ó" */
    0x0, 0xfa, 0x3f, 0xc8, 0x1, 0xfc, 0x6e, 0x14,
    0x80, 0x1f, 0x87, 0x42, 0x94, 0x3, 0xf9, 0xd3,
    0x54, 0x3, 0xfc, 0xd4, 0x40, 0x1f, 0xc5, 0x3b,
    0xfd, 0x8e, 0x20, 0x1c, 0xfa, 0xc4, 0x2, 0x71,
    0xe6, 0x1, 0x2c, 0x3, 0x77, 0xfb, 0xc, 0x74,
    0x40, 0x16, 0xb, 0x22, 0x0, 0x3c, 0x21, 0x80,
    0x31, 0x8, 0x0, 0xf5, 0x83, 0x82, 0x0, 0x90,
    0x7, 0x90, 0x4, 0xbc, 0xc, 0x3, 0xe3, 0x0,
    0x30, 0x7, 0xff, 0xb, 0x80, 0x80, 0x3e, 0x20,
    0x3, 0xa8, 0x0, 0xc0, 0x3c, 0x80, 0x3, 0x31,
    0x4, 0x80, 0x7a, 0x41, 0x40, 0x1c, 0xb, 0x2,
    0x0, 0x2b, 0x10, 0x80, 0x1, 0xd0, 0x3f, 0x75,
    0xa8, 0x38, 0x40, 0x12, 0xeb, 0x10, 0x88, 0xdf,
    0xcc, 0x0,

    /* U+00F4 "ô" */
    0x0, 0xea, 0xff, 0x38, 0x7, 0xf4, 0x29, 0x4,
    0x28, 0x7, 0xd0, 0xe9, 0xba, 0x2a, 0x50, 0xe,
    0x32, 0xab, 0x2, 0xd8, 0xf2, 0x0, 0xc7, 0x4a,
    0x1, 0x9e, 0x88, 0x3, 0x8a, 0x77, 0xfb, 0x1c,
    0x40, 0x39, 0xf5, 0x88, 0x4, 0xe3, 0xcc, 0x2,
    0x58, 0x6, 0xef, 0xf6, 0x18, 0xe8, 0x80, 0x2c,
    0x16, 0x44, 0x0, 0x78, 0x43, 0x0, 0x62, 0x10,
    0x1, 0xeb, 0x7, 0x4, 0x1, 0x20, 0xf, 0x20,
    0x9, 0x78, 0x18, 0x7, 0xc6, 0x0, 0x60, 0xf,
    0xfe, 0x17, 0x1, 0x0, 0x7c, 0x40, 0x7, 0x50,
    0x1, 0x80, 0x79, 0x0, 0x6, 0x62, 0x9, 0x0,
    0xf4, 0x82, 0x80, 0x38, 0x16, 0x4, 0x0, 0x56,
    0x21, 0x0, 0x3, 0xa0, 0x7e, 0xeb, 0x50, 0x70,
    0x80, 0x25, 0xd6, 0x21, 0x11, 0xbf, 0x98, 0x0,

    /* U+00F5 "õ" */
    0x0, 0xd, 0xff, 0xbb, 0x73, 0x1e, 0xe0, 0x1a,
    0x90, 0xc8, 0x8, 0xc9, 0x9c, 0x3, 0x5f, 0xe6,
    0xf7, 0xfb, 0xa4, 0x3, 0xff, 0x90, 0x53, 0xbf,
    0xd8, 0xe2, 0x1, 0xcf, 0xac, 0x40, 0x27, 0x1e,
    0x60, 0x12, 0xc0, 0x37, 0x7f, 0xb0, 0xc7, 0x44,
    0x1, 0x60, 0xb2, 0x20, 0x3, 0xc2, 0x18, 0x3,
    0x10, 0x80, 0xf, 0x58, 0x38, 0x20, 0x9, 0x0,
    0x79, 0x0, 0x4b, 0xc0, 0xc0, 0x3e, 0x30, 0x3,
    0x0, 0x7f, 0xf0, 0xb8, 0x8, 0x3, 0xe2, 0x0,
    0x3a, 0x80, 0xc, 0x3, 0xc8, 0x0, 0x33, 0x10,
    0x48, 0x7, 0xa4, 0x14, 0x1, 0xc0, 0xb0, 0x20,
    0x2, 0xb1, 0x8, 0x0, 0x1d, 0x3, 0xf7, 0x5a,
    0x83, 0x84, 0x1, 0x2e, 0xb1, 0x8, 0x8d, 0xfc,
    0xc0, 0x0,

    /* U+00F6 "ö" */
    0x0, 0x9f, 0xd4, 0x1, 0x3e, 0x80, 0x1e, 0xc0,
    0xc0, 0x2, 0x1, 0x80, 0x7a, 0x62, 0x0, 0xe,
    0x87, 0x0, 0xf1, 0x38, 0x80, 0xd, 0xc0, 0x3e,
    0x29, 0xdf, 0xec, 0x71, 0x0, 0xe7, 0xd6, 0x20,
    0x13, 0x8f, 0x30, 0x9, 0x60, 0x1b, 0xbf, 0xd8,
    0x63, 0xa2, 0x0, 0xb0, 0x59, 0x10, 0x1, 0xe1,
    0xc, 0x1, 0x88, 0x40, 0x7, 0xac, 0x1c, 0x10,
    0x4, 0x80, 0x3c, 0x80, 0x25, 0xe0, 0x60, 0x1f,
    0x18, 0x1, 0x80, 0x3f, 0xf8, 0x5c, 0x4, 0x1,
    0xf1, 0x0, 0x1d, 0x40, 0x6, 0x1, 0xe4, 0x0,
    0x19, 0x88, 0x24, 0x3, 0xd2, 0xa, 0x0, 0xe0,
    0x58, 0x10, 0x1, 0x58, 0x84, 0x0, 0xe, 0x81,
    0xfb, 0xad, 0x41, 0xc2, 0x0, 0x97, 0x58, 0x84,
    0x46, 0xfe, 0x60, 0x0,

    /* U+00F7 "÷" */
    0x0, 0xea, 0xf7, 0x0, 0xff, 0x28, 0x58, 0x7,
    0xf9, 0x1, 0x0, 0x3f, 0xd7, 0xf0, 0x1, 0xff,
    0xc6, 0x9d, 0xdf, 0xf9, 0xc8, 0xbf, 0xf8, 0x1f,
    0x7f, 0xff, 0xf4, 0x0, 0x78, 0x40, 0x3f, 0xec,
    0xe8, 0x0, 0xff, 0x18, 0x20, 0x7, 0xf9, 0x82,
    0xc0, 0x38,

    /* U+00F8 "ø" */
    0x0, 0xff, 0x90, 0x3, 0x8a, 0x77, 0xfb, 0x19,
    0x97, 0x20, 0x13, 0xeb, 0x10, 0x9, 0xcc, 0x82,
    0xc0, 0xb, 0x0, 0xdd, 0xfe, 0xb0, 0x0, 0x98,
    0x2, 0xc1, 0x64, 0x40, 0x1a, 0x0, 0x19, 0x3,
    0x10, 0x80, 0x9, 0x58, 0x9c, 0x18, 0x10, 0x4,
    0x80, 0x5, 0x41, 0xd6, 0x2, 0x7e, 0x6, 0x1,
    0x70, 0x49, 0x90, 0x1, 0xc0, 0x3a, 0x4d, 0x58,
    0x3, 0xb8, 0xc, 0x15, 0x8a, 0x80, 0x4, 0x0,
    0x75, 0x1, 0x5b, 0xe, 0x0, 0x90, 0x0, 0x66,
    0x20, 0xa1, 0x93, 0x0, 0xa4, 0x14, 0x1, 0x20,
    0x1, 0x70, 0x1, 0x58, 0x84, 0x0, 0x70, 0xf7,
    0x5a, 0x83, 0x84, 0x0, 0x90, 0xa6, 0x21, 0x11,
    0xbf, 0x98, 0x5, 0x94, 0xb3, 0xbf, 0xec, 0x81,
    0x0, 0x80,

    /* U+00F9 "ù" */
    0x0, 0x17, 0xfa, 0x80, 0x3f, 0x16, 0xa, 0xb0,
    0x7, 0xe3, 0xc2, 0x94, 0x0, 0xfc, 0x5b, 0x24,
    0x1, 0xfe, 0x66, 0x0, 0x6f, 0xf3, 0x0, 0x79,
    0xff, 0x40, 0x3f, 0xff, 0xe0, 0x1f, 0xfc, 0x6f,
    0x0, 0x8, 0x8, 0x7, 0x8c, 0x0, 0x41, 0x80,
    0x1c, 0x48, 0x0, 0x40, 0x47, 0x0, 0x8f, 0xc0,
    0x29, 0x20, 0x8f, 0xef, 0xc3, 0x90, 0x0, 0xe3,
    0x90, 0x9, 0x3f, 0xb8, 0x0,

    /* U+00FA "ú" */
    0x0, 0xf3, 0x7f, 0x98, 0x3, 0xe2, 0x90, 0x86,
    0x0, 0xf0, 0xf8, 0x53, 0x80, 0x7c, 0x55, 0xaa,
    0x1, 0xf8, 0xdc, 0x80, 0x3b, 0xfc, 0xc0, 0x1e,
    0x7f, 0xd0, 0xf, 0xff, 0xf8, 0x7, 0xff, 0x1b,
    0xc0, 0x2, 0x2, 0x1, 0xe3, 0x0, 0x10, 0x60,
    0x7, 0x12, 0x0, 0x10, 0x11, 0xc0, 0x23, 0xf0,
    0xa, 0x48, 0x23, 0xfb, 0xf0, 0xe4, 0x0, 0x38,
    0xe4, 0x2, 0x4f, 0xee, 0x0,

    /* U+00FB "û" */
    0x0, 0xd1, 0xfe, 0x90, 0xf, 0x9d, 0xc4, 0x46,
    0x80, 0xe, 0x78, 0x5c, 0xd5, 0x79, 0x0, 0x84,
    0x2e, 0x84, 0x2b, 0x38, 0xc0, 0x2, 0xe8, 0x1,
    0x8d, 0xcc, 0x3f, 0xcc, 0x1, 0xe7, 0xfd, 0x0,
    0xff, 0xff, 0x80, 0x7f, 0xf1, 0xbc, 0x0, 0x20,
    0x20, 0x1e, 0x30, 0x1, 0x6, 0x0, 0x71, 0x20,
    0x1, 0x1, 0x1c, 0x2, 0x3f, 0x0, 0xa4, 0x82,
    0x3f, 0xbf, 0xe, 0x40, 0x3, 0x8e, 0x40, 0x24,
    0xfe, 0xe0, 0x0,

    /* U+00FC "ü" */
    0x0, 0x2f, 0xc0, 0x1, 0xfd, 0x80, 0x36, 0x2,
    0x0, 0x30, 0x3c, 0x3, 0x44, 0x38, 0x1, 0x31,
    0x0, 0xc, 0x2e, 0x40, 0x2, 0x71, 0x0, 0x7f,
    0x98, 0x3, 0xcf, 0xfa, 0x1, 0xff, 0xff, 0x0,
    0xff, 0xe3, 0x78, 0x0, 0x40, 0x40, 0x3c, 0x60,
    0x2, 0xc, 0x0, 0xe2, 0x40, 0x2, 0x2, 0x38,
    0x4, 0x7e, 0x1, 0x49, 0x4, 0x7f, 0x7e, 0x1c,
    0x80, 0x7, 0x1c, 0x80, 0x49, 0xfd, 0xc0, 0x0,

    /* U+00FD "ý" */
    0x0, 0xfb, 0x3f, 0x84, 0x3, 0xfa, 0xc, 0xb0,
    0x40, 0x3f, 0x2b, 0x9e, 0x10, 0x7, 0xf1, 0xce,
    0x8, 0x7, 0xf9, 0x98, 0x1, 0xf6, 0x7d, 0x0,
    0x7c, 0xdf, 0xe1, 0x90, 0x51, 0x0, 0xf6, 0x82,
    0xa, 0x88, 0x38, 0x7, 0xa, 0x7, 0x80, 0x18,
    0x28, 0x3, 0x98, 0x5, 0x0, 0x14, 0x6, 0x60,
    0xd, 0x40, 0xc0, 0x11, 0x20, 0x50, 0x4, 0x64,
    0x14, 0x1, 0xb8, 0x1c, 0x2, 0xa0, 0x32, 0x0,
    0xca, 0x22, 0x50, 0x3, 0x85, 0x0, 0x79, 0x83,
    0x81, 0x4, 0x18, 0x3, 0xd4, 0x8, 0x3a, 0xa,
    0x1, 0xf1, 0x20, 0x23, 0x84, 0x80, 0x7e, 0xe0,
    0x81, 0x23, 0x0, 0xfc, 0xa2, 0x41, 0x40, 0x1f,
    0xe6, 0x0, 0x30, 0x7, 0xf8, 0x41, 0x4, 0x3,
    0xfc, 0xc1, 0xc0, 0x1f, 0xe8, 0x2, 0x50, 0xf,
    0xe6, 0x70, 0x80, 0xf, 0xab, 0x7e, 0x41, 0x54,
    0x1, 0xf1, 0x90, 0x14, 0x50, 0x7, 0xe0,

    /* U+00FE "þ" */
    0xcf, 0x80, 0xf, 0xff, 0xa7, 0x84, 0x6f, 0xfb,
    0x14, 0x3, 0xbf, 0x5c, 0x84, 0xe, 0xa8, 0x1,
    0x9c, 0x2f, 0xfb, 0xe0, 0x15, 0xc0, 0x37, 0xa0,
    0x4, 0xee, 0x8, 0x0, 0x8c, 0x80, 0x3a, 0x80,
    0x8, 0x0, 0x50, 0xf, 0x10, 0x81, 0x80, 0x4,
    0x3, 0xe3, 0xf, 0x0, 0xff, 0xe1, 0x88, 0x7,
    0xc6, 0x1e, 0x0, 0x50, 0xf, 0x10, 0x81, 0x80,
    0xc, 0xc0, 0x1d, 0x40, 0x28, 0x1, 0x72, 0x0,
    0x4e, 0xe0, 0x90, 0x9, 0xce, 0xff, 0xbe, 0x1,
    0x5c, 0x2, 0xff, 0x39, 0x8, 0x1d, 0x50, 0x3,
    0x86, 0x37, 0xfd, 0x8a, 0x1, 0xde, 0x1, 0xff,
    0xf2,

    /* U+00FF "ÿ" */
    0x0, 0xaf, 0x88, 0x1, 0xbc, 0x20, 0x1e, 0x41,
    0x70, 0x12, 0x12, 0x0, 0xf5, 0xc2, 0x80, 0xd4,
    0x98, 0x7, 0x91, 0xc0, 0x25, 0x60, 0xd, 0x9f,
    0x40, 0x1f, 0x37, 0xf8, 0x64, 0x14, 0x40, 0x3d,
    0xa0, 0x82, 0xa2, 0xe, 0x1, 0xc2, 0x81, 0xe0,
    0x6, 0xa, 0x0, 0xe6, 0x1, 0x40, 0x5, 0x1,
    0x98, 0x3, 0x50, 0x30, 0x4, 0x48, 0x14, 0x1,
    0x19, 0x5, 0x0, 0x6e, 0x7, 0x0, 0xa8, 0xc,
    0x80, 0x32, 0x88, 0x94, 0x0, 0xe1, 0x40, 0x1e,
    0x60, 0xe0, 0x41, 0x6, 0x0, 0xf5, 0x2, 0xe,
    0x82, 0x80, 0x7c, 0x48, 0x8, 0xe1, 0x20, 0x1f,
    0xb8, 0x20, 0x48, 0xc0, 0x3f, 0x28, 0x90, 0x50,
    0x7, 0xf9, 0x80, 0xc, 0x1, 0xfe, 0x10, 0x41,
    0x0, 0xff, 0x30, 0x70, 0x7, 0xfa, 0x0, 0x94,
    0x3, 0xf9, 0x9c, 0x20, 0x3, 0xea, 0xdf, 0x90,
    0x55, 0x0, 0x7c, 0x64, 0x5, 0x14, 0x1, 0xf8,

    /* U+0100 "Ā" */
    0x0, 0xd3, 0xff, 0xf0, 0x80, 0x7e, 0xe2, 0x2f,
    0x80, 0x3f, 0x9f, 0x77, 0xe1, 0x0, 0xff, 0xe8,
    0x77, 0xc0, 0x7, 0xff, 0x5, 0x44, 0x18, 0x3,
    0xff, 0x83, 0x20, 0x42, 0xa0, 0x1f, 0xf1, 0x18,
    0xc0, 0x48, 0x7, 0xfd, 0x60, 0xea, 0x26, 0x40,
    0x1f, 0xe7, 0xb, 0x7, 0xb, 0x0, 0xfe, 0x51,
    0x32, 0xb, 0x7, 0x0, 0xfe, 0x90, 0x90, 0x1,
    0x18, 0xa8, 0x7, 0xc4, 0x62, 0xa0, 0x14, 0x84,
    0x80, 0x7d, 0x60, 0xc0, 0x19, 0x44, 0xc8, 0x3,
    0xcc, 0xf, 0xff, 0xc2, 0x16, 0x1, 0xcc, 0x1,
    0xfe, 0x60, 0xe, 0xa0, 0x8e, 0xef, 0x84, 0x18,
    0x2, 0x33, 0x3, 0x8, 0xfc, 0xc1, 0x40, 0x15,
    0x2, 0x88, 0x7, 0xd4, 0x6, 0x40, 0x6, 0xe,
    0x0, 0xfc, 0x46, 0x16, 0xc, 0x2, 0x80, 0x1f,
    0xd4, 0xc, 0x14, 0xc, 0x1, 0xfe, 0x60, 0x3,
    0x0,

    /* U+0101 "ā" */
    0x0, 0x3e, 0xef, 0xc4, 0x1, 0x71, 0x17, 0xc0,
    0x1a, 0x7f, 0xfe, 0x20, 0xf, 0xfe, 0x19, 0x46,
    0x77, 0xf6, 0x28, 0x4, 0x3a, 0xe6, 0x4, 0x27,
    0x52, 0x0, 0x17, 0x9e, 0xe6, 0xfb, 0x3, 0x10,
    0x2, 0x18, 0x40, 0x29, 0x10, 0x40, 0xf, 0xe2,
    0x1, 0x0, 0x89, 0x5e, 0x26, 0x44, 0x1, 0x16,
    0x6d, 0x43, 0xb3, 0x4, 0x0, 0x5a, 0x66, 0xae,
    0xff, 0x8c, 0x1, 0x60, 0x3a, 0xa2, 0x1, 0xe5,
    0x4, 0x10, 0xe, 0x20, 0x3, 0x80, 0x7c, 0xa2,
    0x0, 0x30, 0x54, 0x0, 0x9e, 0x80, 0x29, 0x10,
    0xbe, 0xdf, 0x86, 0x80, 0x0, 0xfb, 0x90, 0x99,
    0xaa, 0x4c, 0x0,

    /* U+0102 "Ă" */
    0x0, 0xc8, 0xc0, 0x1d, 0x4, 0x1, 0xf8, 0xa5,
    0x40, 0x5, 0x2e, 0x1, 0xfc, 0xc5, 0x5f, 0xed,
    0x67, 0x20, 0xf, 0xed, 0x84, 0x35, 0xb8, 0x0,
    0xff, 0x9e, 0xf2, 0x90, 0x3, 0xff, 0xa5, 0xdf,
    0x0, 0x1f, 0xfc, 0x15, 0x10, 0x60, 0xf, 0xfe,
    0xc, 0x81, 0xa, 0x80, 0x7f, 0xc4, 0x63, 0x1,
    0x20, 0x1f, 0xf5, 0x83, 0xa8, 0x99, 0x0, 0x7f,
    0x9c, 0x2c, 0x1c, 0x2c, 0x3, 0xf9, 0x44, 0xc8,
    0x2c, 0x1c, 0x3, 0xfa, 0x42, 0x40, 0x4, 0x62,
    0xa0, 0x1f, 0x11, 0x8a, 0x80, 0x52, 0x12, 0x1,
    0xf5, 0x83, 0x0, 0x65, 0x13, 0x20, 0xf, 0x30,
    0x3f, 0xff, 0x8, 0x58, 0x7, 0x30, 0x7, 0xf9,
    0x80, 0x3a, 0x82, 0x3b, 0xbe, 0x10, 0x60, 0x8,
    0xcc, 0xc, 0x23, 0xf3, 0x5, 0x0, 0x54, 0xa,
    0x20, 0x1f, 0x50, 0x19, 0x0, 0x18, 0x38, 0x3,
    0xf1, 0x18, 0x58, 0x30, 0xa, 0x0, 0x7f, 0x50,
    0x30, 0x50, 0x30, 0x7, 0xf9, 0x80, 0xc,

    /* U+0103 "ă" */
    0x0, 0x3f, 0x88, 0x4, 0x9e, 0xa0, 0x12, 0x87,
    0x6e, 0xba, 0xc9, 0x40, 0x22, 0xc4, 0x32, 0x37,
    0xc0, 0xe, 0x3b, 0xef, 0xd8, 0x10, 0xf, 0xfe,
    0x21, 0x46, 0x77, 0xf6, 0x28, 0x4, 0x3a, 0xe6,
    0x4, 0x27, 0x52, 0x0, 0x17, 0x9e, 0xe6, 0xfb,
    0x3, 0x10, 0x2, 0x18, 0x40, 0x29, 0x10, 0x40,
    0xf, 0xe2, 0x1, 0x0, 0x89, 0x5e, 0x26, 0x44,
    0x1, 0x16, 0x6d, 0x43, 0xb3, 0x4, 0x0, 0x5a,
    0x66, 0xae, 0xff, 0x8c, 0x1, 0x60, 0x3a, 0xa2,
    0x1, 0xe5, 0x4, 0x10, 0xe, 0x20, 0x3, 0x80,
    0x7c, 0xa2, 0x0, 0x30, 0x54, 0x0, 0x9e, 0x80,
    0x29, 0x10, 0xbe, 0xdf, 0x86, 0x80, 0x0, 0xfb,
    0x90, 0x99, 0xaa, 0x4c, 0x0,

    /* U+0104 "Ą" */
    0x0, 0xfb, 0xbe, 0x0, 0x3f, 0xf8, 0x2a, 0x20,
    0xc0, 0x1f, 0xfc, 0x19, 0x2, 0x15, 0x0, 0xff,
    0x88, 0xc6, 0x2, 0x40, 0x3f, 0xeb, 0x7, 0x51,
    0x32, 0x0, 0xff, 0x38, 0x58, 0x38, 0x58, 0x7,
    0xf2, 0x89, 0x90, 0x58, 0x38, 0x7, 0xf4, 0x84,
    0x80, 0x8, 0xc5, 0x40, 0x3e, 0x23, 0x15, 0x0,
    0xa4, 0x24, 0x3, 0xeb, 0x6, 0x0, 0xca, 0x26,
    0x40, 0x1e, 0x60, 0x7f, 0xfe, 0x10, 0xb0, 0xe,
    0x60, 0xf, 0xf3, 0x0, 0x75, 0x4, 0x77, 0x7c,
    0x20, 0xc0, 0x11, 0x98, 0x18, 0x47, 0xe6, 0xa,
    0x0, 0xa8, 0x14, 0x40, 0x3e, 0xa0, 0x32, 0x0,
    0x30, 0x70, 0x7, 0xe2, 0x30, 0xb0, 0x60, 0x14,
    0x0, 0xfe, 0xa0, 0x60, 0xa0, 0x60, 0xf, 0xf3,
    0x0, 0x1b, 0x3e, 0x0, 0x3f, 0xca, 0x12, 0xc0,
    0x1f, 0xfc, 0x2, 0xa6, 0x60, 0x7, 0xff, 0x6,
    0xc2, 0x80, 0x3f, 0xf8, 0x46, 0xa, 0x1, 0xff,
    0xc2, 0xe0, 0x9f, 0x90, 0xf, 0xfe, 0x2, 0x64,
    0x42, 0x80,

    /* U+0105 "ą" */
    0x0, 0x14, 0x67, 0x7f, 0x62, 0x80, 0x61, 0xd7,
    0x30, 0x21, 0x3a, 0x90, 0x8, 0x5e, 0x7b, 0x9b,
    0xec, 0xc, 0x40, 0x14, 0x30, 0x80, 0x52, 0x20,
    0x80, 0x1f, 0xe2, 0x1, 0x0, 0xc4, 0xaf, 0x13,
    0x22, 0x0, 0xc5, 0x9b, 0x50, 0xec, 0xc1, 0x0,
    0x8b, 0x4c, 0xd5, 0xdf, 0xf1, 0x80, 0x56, 0x3,
    0xaa, 0x20, 0x1f, 0x28, 0x20, 0x80, 0x71, 0x0,
    0x4e, 0x1, 0xf2, 0x88, 0x4, 0x60, 0xa8, 0x1,
    0x3d, 0x0, 0x69, 0x10, 0xbe, 0xdf, 0x86, 0x80,
    0x8, 0x7d, 0xc8, 0x4c, 0xd5, 0x24, 0x1e, 0x0,
    0x18, 0xdf, 0xec, 0x50, 0x92, 0x90, 0xf, 0xe9,
    0x3f, 0x10, 0xf, 0xc2, 0xc6, 0x40, 0x1f, 0xf1,
    0x8, 0x7, 0xf0, 0x98, 0xf7, 0x90, 0x7, 0xec,
    0xa8, 0x92,

    /* U+0106 "Ć" */
    0x0, 0xfe, 0x28, 0x81, 0x80, 0x7f, 0xdc, 0xea,
    0x40, 0x1f, 0xe7, 0x31, 0xf1, 0x0, 0xfe, 0x38,
    0x2c, 0x20, 0xf, 0xf3, 0x46, 0x10, 0x7, 0xfc,
    0xae, 0x20, 0x1f, 0xfc, 0xd4, 0x9d, 0xff, 0xb6,
    0x94, 0x3, 0xd, 0xd9, 0x88, 0x2, 0x25, 0xa6,
    0x0, 0x17, 0xa0, 0x2d, 0xf7, 0xf5, 0xb1, 0xb0,
    0x3, 0x84, 0x2e, 0x90, 0x40, 0x52, 0x70, 0x0,
    0xe6, 0x14, 0x80, 0x1f, 0xea, 0x3, 0x50, 0xf,
    0xf1, 0x10, 0x28, 0x3, 0xfe, 0x60, 0x2, 0x0,
    0x7f, 0xc4, 0x0, 0x30, 0xf, 0xf8, 0xc0, 0x3f,
    0xf8, 0x42, 0x0, 0x30, 0xf, 0xf9, 0x80, 0xe,
    0x1, 0xff, 0x11, 0x3, 0x80, 0x3f, 0xf8, 0xa,
    0x8, 0x60, 0x1f, 0xf4, 0x88, 0x69, 0x0, 0x7f,
    0x86, 0x80, 0x76, 0x50, 0x40, 0x49, 0x60, 0x2,
    0x4c, 0x10, 0x6b, 0xef, 0xed, 0xa6, 0x0, 0xc7,
    0xd2, 0x82, 0x1, 0x12, 0xd8, 0x0,

    /* U+0107 "ć" */
    0x0, 0xf0, 0xf7, 0xe0, 0x7, 0xd4, 0x27, 0xa0,
    0x1e, 0x74, 0x46, 0x8, 0x7, 0xe, 0xc5, 0x80,
    0x7c, 0x34, 0xe0, 0x1f, 0x14, 0xef, 0xfb, 0x68,
    0xc0, 0xf, 0xac, 0x40, 0x2, 0x56, 0x5, 0x80,
    0x5c, 0xfe, 0xc8, 0x50, 0xb0, 0x5a, 0x30, 0x13,
    0x70, 0x31, 0x8, 0x0, 0xf9, 0x40, 0x48, 0x3,
    0xee, 0x3, 0x0, 0xff, 0xe3, 0xf0, 0x18, 0x7,
    0xe2, 0x1, 0x20, 0xf, 0x90, 0x42, 0x0, 0x3f,
    0x40, 0x2c, 0x88, 0x0, 0x59, 0x1, 0x9c, 0x1b,
    0xbf, 0xdd, 0x24, 0x0, 0x8c, 0x52, 0x0, 0x13,
    0x20,

    /* U+0108 "Ĉ" */
    0x0, 0xf8, 0xe2, 0x2, 0x1, 0xfe, 0x1d, 0x77,
    0x68, 0x7, 0xfb, 0x45, 0x8c, 0xd4, 0x1, 0xfa,
    0xce, 0x27, 0x15, 0x52, 0x1, 0xe3, 0x36, 0x38,
    0x2, 0xa8, 0x24, 0x1, 0xc7, 0x6, 0x1, 0x96,
    0x8, 0x3, 0xff, 0x92, 0x93, 0xbf, 0xf6, 0xd2,
    0x80, 0x61, 0xbb, 0x31, 0x0, 0x44, 0xb4, 0xc0,
    0x2, 0xf4, 0x5, 0xbe, 0xfe, 0xb6, 0x36, 0x0,
    0x70, 0x85, 0xd2, 0x8, 0xa, 0x4e, 0x0, 0x1c,
    0xc2, 0x90, 0x3, 0xfd, 0x40, 0x6a, 0x1, 0xfe,
    0x22, 0x5, 0x0, 0x7f, 0xcc, 0x0, 0x40, 0xf,
    0xf8, 0x80, 0x6, 0x1, 0xff, 0x18, 0x7, 0xff,
    0x8, 0x40, 0x6, 0x1, 0xff, 0x30, 0x1, 0xc0,
    0x3f, 0xe2, 0x20, 0x70, 0x7, 0xff, 0x1, 0x41,
    0xc, 0x3, 0xfe, 0x91, 0xd, 0x20, 0xf, 0xf0,
    0xd0, 0xe, 0xca, 0x8, 0x9, 0x2c, 0x0, 0x49,
    0x82, 0xd, 0x7d, 0xfd, 0xb4, 0xc0, 0x18, 0xfa,
    0x50, 0x40, 0x22, 0x5b, 0x0,

    /* U+0109 "ĉ" */
    0x0, 0xc7, 0xfe, 0xd1, 0x0, 0xe2, 0xd0, 0x32,
    0xd0, 0xc, 0x58, 0x35, 0x90, 0x78, 0x20, 0xa,
    0x7e, 0x50, 0x7c, 0x66, 0x0, 0x22, 0x44, 0x2,
    0x3a, 0x70, 0x8, 0xa7, 0x7f, 0xdb, 0x46, 0x0,
    0x7d, 0x62, 0x0, 0x12, 0xb0, 0x2c, 0x2, 0xe7,
    0xf6, 0x42, 0x85, 0x82, 0xd1, 0x80, 0x9b, 0x81,
    0x88, 0x40, 0x7, 0xca, 0x2, 0x40, 0x1f, 0x70,
    0x18, 0x7, 0xff, 0x1f, 0x80, 0xc0, 0x3f, 0x10,
    0x9, 0x0, 0x7c, 0x82, 0x10, 0x1, 0xfa, 0x1,
    0x64, 0x40, 0x2, 0xc8, 0xc, 0xe0, 0xdd, 0xfe,
    0xe9, 0x20, 0x4, 0x62, 0x90, 0x0, 0x99, 0x0,

    /* U+010A "Ċ" */
    0x0, 0xf8, 0x72, 0xc0, 0x3f, 0xf8, 0x8, 0x68,
    0x60, 0x1f, 0xf3, 0x89, 0x18, 0x7, 0xfc, 0x5d,
    0xa0, 0x1f, 0xfd, 0xc4, 0x9d, 0xff, 0xb6, 0x94,
    0x3, 0xd, 0xd9, 0x88, 0x2, 0x25, 0xa6, 0x0,
    0x17, 0xa0, 0x2d, 0xf7, 0xf5, 0xb1, 0xb0, 0x3,
    0x84, 0x2e, 0x90, 0x40, 0x52, 0x70, 0x0, 0xe6,
    0x14, 0x80, 0x1f, 0xea, 0x3, 0x50, 0xf, 0xf1,
    0x10, 0x28, 0x3, 0xfe, 0x60, 0x2, 0x0, 0x7f,
    0xc4, 0x0, 0x30, 0xf, 0xf8, 0xc0, 0x3f, 0xf8,
    0x42, 0x0, 0x30, 0xf, 0xf9, 0x80, 0xe, 0x1,
    0xff, 0x11, 0x3, 0x80, 0x3f, 0xf8, 0xa, 0x8,
    0x60, 0x1f, 0xf4, 0x88, 0x69, 0x0, 0x7f, 0x86,
    0x80, 0x76, 0x50, 0x40, 0x49, 0x60, 0x2, 0x4c,
    0x10, 0x6b, 0xef, 0xed, 0xa6, 0x0, 0xc7, 0xd2,
    0x82, 0x1, 0x12, 0xd8, 0x0,

    /* U+010B "ċ" */
    0x0, 0xe8, 0xf6, 0x0, 0xfc, 0xa1, 0xa0, 0x1f,
    0xac, 0xb8, 0x3, 0xf3, 0x6a, 0x80, 0x7f, 0xf1,
    0x4a, 0x77, 0xfd, 0xb4, 0x60, 0x7, 0xd6, 0x20,
    0x1, 0x2b, 0x2, 0xc0, 0x2e, 0x7f, 0x64, 0x28,
    0x58, 0x2d, 0x18, 0x9, 0xb8, 0x18, 0x84, 0x0,
    0x7c, 0xa0, 0x24, 0x1, 0xf7, 0x1, 0x80, 0x7f,
    0xf1, 0xf8, 0xc, 0x3, 0xf1, 0x0, 0x90, 0x7,
    0xc8, 0x21, 0x0, 0x1f, 0xa0, 0x16, 0x44, 0x0,
    0x2c, 0x80, 0xce, 0xd, 0xdf, 0xee, 0x92, 0x0,
    0x46, 0x29, 0x0, 0x9, 0x90,

    /* U+010C "Č" */
    0x0, 0xc7, 0x6, 0x1, 0x96, 0x8, 0x3, 0x89,
    0x31, 0x80, 0x15, 0x41, 0x20, 0xe, 0x1d, 0x29,
    0x8c, 0x55, 0x48, 0x7, 0xc3, 0xe2, 0xe6, 0x94,
    0x1, 0xfc, 0x54, 0xee, 0xa0, 0xf, 0xf9, 0x22,
    0x2, 0x1, 0xff, 0xcc, 0x49, 0xdf, 0xfb, 0x69,
    0x40, 0x30, 0xdd, 0x98, 0x80, 0x22, 0x5a, 0x60,
    0x1, 0x7a, 0x2, 0xdf, 0x7f, 0x5b, 0x1b, 0x0,
    0x38, 0x42, 0xe9, 0x4, 0x5, 0x27, 0x0, 0xe,
    0x61, 0x48, 0x1, 0xfe, 0xa0, 0x35, 0x0, 0xff,
    0x11, 0x2, 0x80, 0x3f, 0xe6, 0x0, 0x20, 0x7,
    0xfc, 0x40, 0x3, 0x0, 0xff, 0x8c, 0x3, 0xff,
    0x84, 0x20, 0x3, 0x0, 0xff, 0x98, 0x0, 0xe0,
    0x1f, 0xf1, 0x10, 0x38, 0x3, 0xff, 0x80, 0xa0,
    0x86, 0x1, 0xff, 0x48, 0x86, 0x90, 0x7, 0xf8,
    0x68, 0x7, 0x65, 0x4, 0x4, 0x96, 0x0, 0x24,
    0xc1, 0x6, 0xbe, 0xfe, 0xda, 0x60, 0xc, 0x7d,
    0x28, 0x20, 0x11, 0x2d, 0x80,

    /* U+010D "č" */
    0x0, 0x67, 0x28, 0x5, 0x3f, 0x0, 0xc, 0x5a,
    0x92, 0xd6, 0x88, 0x0, 0x56, 0x8d, 0xa5, 0xe,
    0x1, 0xd4, 0xcb, 0xe, 0x1, 0xe1, 0x9a, 0x70,
    0xf, 0x14, 0xef, 0xfb, 0x68, 0xc0, 0xf, 0xac,
    0x40, 0x2, 0x56, 0x5, 0x80, 0x5c, 0xfe, 0xc8,
    0x50, 0xb0, 0x5a, 0x30, 0x13, 0x70, 0x31, 0x8,
    0x0, 0xf9, 0x40, 0x48, 0x3, 0xee, 0x3, 0x0,
    0xff, 0xe3, 0xf0, 0x18, 0x7, 0xe2, 0x1, 0x20,
    0xf, 0x90, 0x42, 0x0, 0x3f, 0x40, 0x2c, 0x88,
    0x0, 0x59, 0x1, 0x9c, 0x1b, 0xbf, 0xdd, 0x24,
    0x0, 0x8c, 0x52, 0x0, 0x13, 0x20,

    /* U+010E "Ď" */
    0x0, 0xb3, 0x90, 0x2, 0x8f, 0x80, 0xf, 0xb4,
    0xed, 0xc2, 0xdd, 0xa0, 0x3, 0xe1, 0xc2, 0x8e,
    0x45, 0x90, 0xf, 0xe1, 0xe0, 0x12, 0xa0, 0xf,
    0xf8, 0xff, 0xda, 0x1, 0xff, 0xcb, 0x7f, 0xff,
    0x76, 0x49, 0x80, 0x7f, 0xf0, 0x4, 0xdb, 0x2c,
    0x40, 0x38, 0xbf, 0xf7, 0x5a, 0x82, 0x79, 0x0,
    0x7f, 0xa, 0x56, 0x8, 0xbc, 0x3, 0xff, 0x80,
    0x7a, 0x5, 0x0, 0x1f, 0xfc, 0x3, 0x50, 0x60,
    0xf, 0xfe, 0xf, 0x80, 0x90, 0x7, 0xff, 0x1,
    0xc0, 0xc, 0x1, 0xff, 0xc0, 0x30, 0x0, 0x80,
    0x7f, 0xf4, 0x8, 0x0, 0x20, 0x1f, 0xfc, 0x5,
    0x0, 0x28, 0x7, 0xff, 0x2, 0x80, 0x84, 0x3,
    0xfe, 0x53, 0xb, 0x0, 0xff, 0x96, 0x80, 0x98,
    0x3, 0xf1, 0x36, 0x50, 0x16, 0x0, 0x62, 0xff,
    0xdb, 0x26, 0xb, 0xa2, 0x1, 0xfc, 0x29, 0x1d,
    0x40, 0x18,

    /* U+010F "ď" */
    0x0, 0xff, 0x47, 0xe0, 0x3f, 0xe0, 0x7, 0xff,
    0xb, 0x42, 0x80, 0x3f, 0xf8, 0x4e, 0x2c, 0x1,
    0xff, 0xc1, 0x22, 0x40, 0x7, 0xff, 0x8, 0xb9,
    0x80, 0x32, 0xe7, 0x7e, 0xc0, 0x78, 0x4, 0x20,
    0x1a, 0xa8, 0x62, 0x22, 0x7d, 0xf0, 0xf, 0x9d,
    0x41, 0xff, 0xbe, 0xcd, 0xc0, 0x3e, 0x90, 0x58,
    0x0, 0x93, 0x40, 0x3e, 0x41, 0x9, 0x0, 0xe3,
    0x30, 0x7, 0x8c, 0x0, 0x60, 0x1e, 0x50, 0xf,
    0x78, 0x10, 0x7, 0xc2, 0x1, 0xff, 0xc4, 0xf0,
    0xf, 0x78, 0x18, 0x7, 0xde, 0x1, 0xe3, 0x1,
    0x10, 0x7, 0x8c, 0x3, 0xc8, 0x0, 0x90, 0xe,
    0x24, 0x0, 0xf9, 0xc1, 0xdc, 0x1, 0x1f, 0x80,
    0x7e, 0x84, 0x8, 0xfe, 0xfc, 0x9, 0x0, 0xfd,
    0x72, 0x60, 0x24, 0xfa, 0x80, 0x1e,

    /* U+0110 "Đ" */
    0x0, 0x27, 0xff, 0xbb, 0x24, 0xc0, 0x3f, 0xf8,
    0x42, 0x6d, 0x96, 0x20, 0x1f, 0xbf, 0xf7, 0x5a,
    0x82, 0x79, 0x0, 0x7f, 0xc2, 0x95, 0x82, 0x2f,
    0x0, 0xff, 0xe1, 0x1e, 0x81, 0x40, 0x7, 0xff,
    0x8, 0xd4, 0x18, 0x3, 0xff, 0x87, 0xe0, 0x24,
    0x1, 0xff, 0xc2, 0x70, 0x3, 0x1f, 0xd8, 0x3,
    0xff, 0x50, 0x6, 0x30, 0x0, 0x80, 0x7f, 0xf1,
    0x8f, 0xec, 0x1, 0xff, 0xa8, 0x3, 0x10, 0x0,
    0x40, 0x3f, 0xf8, 0x4a, 0x0, 0x50, 0xf, 0xfe,
    0x15, 0x1, 0x8, 0x7, 0xff, 0x5, 0x4c, 0x2c,
    0x3, 0xff, 0x82, 0xb4, 0x4, 0xc0, 0x1f, 0xe2,
    0x6c, 0xa0, 0x2c, 0x0, 0xfb, 0xff, 0x6c, 0x98,
    0x2e, 0x88, 0x7, 0xfc, 0x29, 0x1d, 0x40, 0x18,

    /* U+0111 "đ" */
    0x0, 0xff, 0x47, 0xe0, 0x7, 0xd7, 0x7c, 0xa0,
    0x57, 0x0, 0x1c, 0x89, 0xc4, 0x2, 0x88, 0x0,
    0xef, 0xfe, 0x70, 0x3f, 0xc0, 0xf, 0xfe, 0x32,
    0xe7, 0xfb, 0x60, 0x3c, 0x3, 0xd7, 0x46, 0x2,
    0x4f, 0xbe, 0x1, 0xd0, 0x80, 0xff, 0xdf, 0x66,
    0xe0, 0x1c, 0xe0, 0xd0, 0x1, 0x26, 0x80, 0x72,
    0x0, 0x2c, 0x3, 0x8c, 0xc0, 0x18, 0xc0, 0x4,
    0x1, 0xe5, 0x0, 0xde, 0x4, 0x1, 0xf0, 0x80,
    0x7f, 0xf0, 0xbc, 0x3, 0x78, 0x18, 0x7, 0xde,
    0x1, 0x8c, 0x4, 0x80, 0x3c, 0x60, 0x19, 0x0,
    0x16, 0x1, 0xc4, 0x80, 0x1c, 0xe0, 0xce, 0x1,
    0x1f, 0x80, 0x7a, 0x10, 0x23, 0xfb, 0xf0, 0x24,
    0x3, 0xd7, 0x26, 0x2, 0x4f, 0xa8, 0x1, 0x80,

    /* U+0112 "Ē" */
    0x0, 0x7f, 0xfd, 0x80, 0x11, 0x91, 0x79, 0x80,
    0x2c, 0xdd, 0xf5, 0x0, 0x7f, 0xf0, 0x1f, 0xff,
    0xfb, 0x80, 0x3f, 0xf8, 0x25, 0xff, 0xf7, 0x0,
    0x7f, 0xf8, 0x8b, 0xff, 0xe6, 0x0, 0xff, 0xe0,
    0x97, 0xff, 0xcc, 0x1, 0xff, 0xf8, 0x2f, 0xff,
    0xb8, 0x3, 0xfe,

    /* U+0113 "ē" */
    0x0, 0x36, 0xef, 0xc6, 0x1, 0x84, 0x8b, 0xe7,
    0x0, 0xcf, 0xff, 0xf2, 0x0, 0x7f, 0xf1, 0x8e,
    0xb7, 0xfa, 0xd4, 0x3, 0x9b, 0x14, 0x84, 0x49,
    0x54, 0x0, 0x92, 0x42, 0x3f, 0xbe, 0x41, 0x5c,
    0x1, 0x21, 0xe, 0x1, 0x34, 0x4, 0x81, 0x90,
    0x38, 0x7, 0x28, 0x9, 0xa8, 0x3, 0x33, 0xdc,
    0x0, 0x6e, 0x0, 0x19, 0xfc, 0x1, 0xc5, 0xff,
    0xfc, 0xbc, 0x4, 0x1, 0xfe, 0x50, 0x2, 0x0,
    0x7f, 0x19, 0x4, 0x0, 0x7f, 0xa4, 0xf, 0xc,
    0x2, 0x28, 0x90, 0x2, 0x48, 0x1e, 0x7f, 0xda,
    0xe4, 0x1, 0x36, 0xb9, 0x0, 0x4, 0xde, 0x40,

    /* U+0114 "Ĕ" */
    0x0, 0x39, 0x80, 0x63, 0x70, 0xa, 0xf8, 0x80,
    0x7, 0xd4, 0x1, 0x79, 0x6f, 0xfb, 0xb, 0x80,
    0x23, 0xd6, 0x44, 0x36, 0x98, 0x6, 0x29, 0xbb,
    0x49, 0x0, 0x7f, 0xf0, 0x5f, 0xff, 0xfb, 0x80,
    0x3f, 0xf8, 0x25, 0xff, 0xf7, 0x0, 0x7f, 0xf8,
    0x8b, 0xff, 0xe6, 0x0, 0xff, 0xe0, 0x97, 0xff,
    0xcc, 0x1, 0xff, 0xf8, 0x2f, 0xff, 0xb8, 0x3,
    0xfe,

    /* U+0115 "ĕ" */
    0x0, 0x37, 0x90, 0x4, 0x7e, 0xc0, 0x19, 0xc7,
    0x7b, 0x7b, 0x9, 0xc0, 0x30, 0xe2, 0x81, 0x3,
    0x60, 0x80, 0x71, 0x57, 0x7f, 0x48, 0x80, 0x7f,
    0xf1, 0xce, 0xb7, 0xfa, 0xd4, 0x3, 0x9b, 0x14,
    0x84, 0x49, 0x54, 0x0, 0x92, 0x42, 0x3f, 0xbe,
    0x41, 0x5c, 0x1, 0x21, 0xe, 0x1, 0x34, 0x4,
    0x81, 0x90, 0x38, 0x7, 0x28, 0x9, 0xa8, 0x3,
    0x33, 0xdc, 0x0, 0x6e, 0x0, 0x19, 0xfc, 0x1,
    0xc5, 0xff, 0xfc, 0xbc, 0x4, 0x1, 0xfe, 0x50,
    0x2, 0x0, 0x7f, 0x19, 0x4, 0x0, 0x7f, 0xa4,
    0xf, 0xc, 0x2, 0x28, 0x90, 0x2, 0x48, 0x1e,
    0x7f, 0xda, 0xe4, 0x1, 0x36, 0xb9, 0x0, 0x4,
    0xde, 0x40,

    /* U+0116 "Ė" */
    0x0, 0xc3, 0x76, 0x0, 0xfc, 0xa8, 0x90, 0x7,
    0xca, 0x44, 0x50, 0xf, 0x87, 0x74, 0x20, 0x1f,
    0xfc, 0xd7, 0xff, 0xfe, 0xe0, 0xf, 0xfe, 0x9,
    0x7f, 0xfd, 0xc0, 0x1f, 0xfe, 0x22, 0xff, 0xf9,
    0x80, 0x3f, 0xf8, 0x25, 0xff, 0xf3, 0x0, 0x7f,
    0xfe, 0xb, 0xff, 0xee, 0x0, 0xff, 0x80,

    /* U+0117 "ė" */
    0x0, 0xe8, 0xf7, 0x0, 0xff, 0x28, 0x58, 0x7,
    0xfa, 0xca, 0x40, 0x3f, 0xcd, 0xaa, 0x1, 0xff,
    0xc9, 0x3a, 0xdf, 0xeb, 0x50, 0xe, 0x6c, 0x52,
    0x11, 0x25, 0x50, 0x2, 0x49, 0x8, 0xfe, 0xf9,
    0x5, 0x70, 0x4, 0x84, 0x38, 0x4, 0xd0, 0x12,
    0x6, 0x40, 0xe0, 0x1c, 0xa0, 0x26, 0xa0, 0xc,
    0xcf, 0x70, 0x1, 0xb8, 0x0, 0x67, 0xf0, 0x7,
    0x17, 0xff, 0xf2, 0xf0, 0x10, 0x7, 0xf9, 0x40,
    0x8, 0x1, 0xfc, 0x64, 0x10, 0x1, 0xfe, 0x90,
    0x3c, 0x30, 0x8, 0xa2, 0x40, 0x9, 0x20, 0x79,
    0xff, 0x6b, 0x90, 0x4, 0xda, 0xe4, 0x0, 0x13,
    0x79, 0x0,

    /* U+0118 "Ę" */
    0x7f, 0xff, 0xee, 0x0, 0xff, 0xe0, 0x97, 0xff,
    0xdc, 0x1, 0xff, 0xe2, 0x2f, 0xff, 0x98, 0x3,
    0xff, 0x82, 0x5f, 0xff, 0x30, 0x7, 0xff, 0xe0,
    0xbf, 0xfe, 0xe0, 0xf, 0xf9, 0xff, 0xfd, 0x82,
    0xdc, 0x1, 0xe1, 0xd2, 0x90, 0xf, 0x9c, 0x68,
    0x3, 0xf0, 0x87, 0x80, 0x80, 0x79, 0x41, 0xbf,
    0x40, 0x3c, 0x5b, 0x31, 0x0,

    /* U+0119 "ę" */
    0x0, 0x8e, 0xb7, 0xfa, 0xd4, 0x3, 0x9b, 0x14,
    0x84, 0x49, 0x54, 0x0, 0x92, 0x42, 0x3f, 0xbe,
    0x41, 0x5c, 0x1, 0x21, 0xe, 0x1, 0x34, 0x4,
    0x81, 0x90, 0x38, 0x7, 0x28, 0x9, 0xa8, 0x3,
    0x33, 0xdc, 0x0, 0x6e, 0x0, 0x19, 0xfc, 0x1,
    0xc5, 0xff, 0xfc, 0xbc, 0x4, 0x1, 0xfe, 0x50,
    0x2, 0x0, 0x7f, 0x19, 0x4, 0x0, 0x7f, 0xa4,
    0xf, 0xc, 0x2, 0x28, 0x90, 0x2, 0x48, 0x1e,
    0x7f, 0xda, 0xe4, 0x1, 0x36, 0xb9, 0x0, 0x4,
    0x1, 0xe0, 0x18, 0xa3, 0x7f, 0xcc, 0x18, 0x80,
    0x1f, 0x91, 0xe0, 0xc0, 0x3f, 0xb8, 0x14, 0x3,
    0xfc, 0x20, 0xe0, 0x1f, 0xee, 0xa, 0xf8, 0x0,
    0xfc, 0xb9, 0x10, 0xa0,

    /* U+011A "Ě" */
    0x4, 0xfb, 0x10, 0x1, 0x6f, 0x90, 0x25, 0x26,
    0x12, 0x69, 0x61, 0x0, 0x16, 0x4b, 0x2c, 0x30,
    0xc0, 0x33, 0x28, 0x84, 0x98, 0x7, 0xab, 0xfc,
    0xc0, 0x1f, 0xfc, 0x27, 0xff, 0xfe, 0xe0, 0xf,
    0xfe, 0x9, 0x7f, 0xfd, 0xc0, 0x1f, 0xfe, 0x22,
    0xff, 0xf9, 0x80, 0x3f, 0xf8, 0x25, 0xff, 0xf3,
    0x0, 0x7f, 0xfe, 0xb, 0xff, 0xee, 0x0, 0xff,
    0x80,

    /* U+011B "ě" */
    0x0, 0x5f, 0xb0, 0x5, 0x1f, 0x0, 0x1a, 0xd2,
    0x68, 0xb1, 0xe2, 0x0, 0x1d, 0x68, 0xba, 0x70,
    0xe0, 0x1f, 0x5b, 0x2c, 0x38, 0x7, 0xf4, 0xd3,
    0x80, 0x7e, 0x3a, 0xdf, 0xeb, 0x50, 0xe, 0x6c,
    0x52, 0x11, 0x25, 0x50, 0x2, 0x49, 0x8, 0xfe,
    0xf9, 0x5, 0x70, 0x4, 0x84, 0x38, 0x4, 0xd0,
    0x12, 0x6, 0x40, 0xe0, 0x1c, 0xa0, 0x26, 0xa0,
    0xc, 0xcf, 0x70, 0x1, 0xb8, 0x0, 0x67, 0xf0,
    0x7, 0x17, 0xff, 0xf2, 0xf0, 0x10, 0x7, 0xf9,
    0x40, 0x8, 0x1, 0xfc, 0x64, 0x10, 0x1, 0xfe,
    0x90, 0x3c, 0x30, 0x8, 0xa2, 0x40, 0x9, 0x20,
    0x79, 0xff, 0x6b, 0x90, 0x4, 0xda, 0xe4, 0x0,
    0x13, 0x79, 0x0,

    /* U+011C "Ĝ" */
    0x0, 0xfc, 0xd0, 0xe0, 0x1f, 0xfc, 0x5, 0x97,
    0x86, 0x0, 0xff, 0x1d, 0x4, 0x4, 0xa8, 0x7,
    0xe2, 0xd1, 0xc7, 0xd2, 0xa4, 0x0, 0xf9, 0x27,
    0xcc, 0xb, 0x60, 0xc0, 0x3e, 0x67, 0x10, 0xc,
    0xee, 0x0, 0xff, 0xe5, 0x8b, 0xdf, 0x7f, 0xbb,
    0x25, 0x0, 0x3a, 0x3a, 0x10, 0x40, 0x2, 0x6d,
    0x70, 0x1, 0x63, 0x81, 0xce, 0xf7, 0xed, 0xb9,
    0xc8, 0x2, 0x8c, 0x27, 0x18, 0x84, 0x9, 0x23,
    0x4, 0x15, 0x41, 0x2c, 0x1, 0xff, 0x40, 0x1b,
    0x0, 0x7f, 0xc2, 0x41, 0x40, 0x1f, 0xfc, 0x5,
    0x0, 0x20, 0x7, 0xff, 0x0, 0x80, 0x6, 0x1,
    0xcd, 0xff, 0xe0, 0xf, 0xfe, 0x21, 0x80, 0xc,
    0x3, 0x9b, 0xfe, 0xa0, 0x3, 0x80, 0x10, 0x3,
    0xff, 0x80, 0x42, 0x1a, 0x1, 0xff, 0xc1, 0x60,
    0x44, 0x0, 0x7f, 0xf0, 0x20, 0x82, 0x90, 0x3,
    0xff, 0x81, 0xc2, 0x2b, 0xa5, 0x20, 0x0, 0x9e,
    0x0, 0x63, 0xc3, 0x5, 0xad, 0xff, 0x76, 0x30,
    0x7, 0x16, 0x5a, 0x90, 0x4, 0x24, 0xb1, 0x80,

    /* U+011D "ĝ" */
    0x0, 0xec, 0xff, 0x20, 0x7, 0xea, 0x32, 0xb,
    0x30, 0xf, 0x52, 0xb6, 0xe0, 0xe1, 0x80, 0x65,
    0xb, 0x90, 0x3f, 0x7a, 0x0, 0xcb, 0x48, 0x1,
    0xc, 0x48, 0x7, 0x2e, 0x77, 0xec, 0x1, 0x7e,
    0x0, 0x2a, 0x86, 0x22, 0x27, 0xd4, 0x0, 0x99,
    0x41, 0xfb, 0x9f, 0x47, 0x20, 0x14, 0x3, 0x40,
    0x80, 0x17, 0x40, 0x24, 0x10, 0xb0, 0xe, 0x33,
    0x0, 0xc, 0x4, 0x80, 0x3c, 0xa0, 0xf, 0x3,
    0x0, 0xfb, 0x80, 0x3f, 0xf8, 0x7e, 0x6, 0x1,
    0xf7, 0x80, 0xc, 0x4, 0x40, 0x1e, 0x20, 0x2,
    0x8, 0x48, 0x7, 0xa, 0x80, 0x52, 0xe, 0xe0,
    0x8, 0xf4, 0x3, 0x3a, 0x84, 0x7e, 0xf6, 0x13,
    0x80, 0x6a, 0x93, 0x2, 0x37, 0xff, 0x0, 0x73,
    0x67, 0xfb, 0x60, 0x7c, 0x1c, 0x3, 0xfc, 0x40,
    0x20, 0x1f, 0xc4, 0xa1, 0x80, 0xd0, 0x60, 0x19,
    0x3c, 0x5, 0x80, 0x5f, 0x3f, 0xb9, 0xf6, 0x43,
    0xa0, 0x6, 0x84, 0x11, 0x80, 0xdf, 0xcc, 0x0,

    /* U+011E "Ğ" */
    0x0, 0xe4, 0xf2, 0x0, 0xdd, 0x20, 0x1f, 0x28,
    0x41, 0x0, 0xc0, 0xe8, 0x7, 0xc3, 0xb, 0xbf,
    0xce, 0xa8, 0x1, 0xf9, 0xe9, 0xd, 0x26, 0x80,
    0x3f, 0xcb, 0x79, 0x6c, 0x1, 0xff, 0xcd, 0x17,
    0xbe, 0xff, 0x76, 0x4a, 0x0, 0x74, 0x74, 0x20,
    0x80, 0x4, 0xda, 0xe0, 0x2, 0xc7, 0x3, 0x9d,
    0xef, 0xdb, 0x73, 0x90, 0x5, 0x18, 0x4e, 0x31,
    0x8, 0x12, 0x46, 0x8, 0x2a, 0x82, 0x58, 0x3,
    0xfe, 0x80, 0x36, 0x0, 0xff, 0x84, 0x82, 0x80,
    0x3f, 0xf8, 0xa, 0x0, 0x40, 0xf, 0xfe, 0x1,
    0x0, 0xc, 0x3, 0x9b, 0xff, 0xc0, 0x1f, 0xfc,
    0x43, 0x0, 0x18, 0x7, 0x37, 0xfd, 0x40, 0x7,
    0x0, 0x20, 0x7, 0xff, 0x0, 0x84, 0x34, 0x3,
    0xff, 0x82, 0xc0, 0x88, 0x0, 0xff, 0xe0, 0x41,
    0x5, 0x20, 0x7, 0xff, 0x3, 0x84, 0x57, 0x4a,
    0x40, 0x1, 0x3c, 0x0, 0xc7, 0x86, 0xb, 0x5b,
    0xfe, 0xec, 0x60, 0xe, 0x2c, 0xb5, 0x20, 0x8,
    0x49, 0x63, 0x0,

    /* U+011F "ğ" */
    0x0, 0xf, 0xb8, 0x4, 0x39, 0x60, 0x18, 0x56,
    0x3b, 0x75, 0xc7, 0xe0, 0x1d, 0x4e, 0x64, 0x69,
    0x88, 0x1, 0xe8, 0xdf, 0xeb, 0x30, 0xf, 0xfe,
    0x3a, 0xe7, 0x7e, 0xc0, 0x17, 0xe0, 0x2, 0xa8,
    0x62, 0x22, 0x7d, 0x40, 0x9, 0x94, 0x1f, 0xb9,
    0xf4, 0x72, 0x1, 0x40, 0x34, 0x8, 0x1, 0x74,
    0x2, 0x41, 0xb, 0x0, 0xe3, 0x30, 0x0, 0xc0,
    0x48, 0x3, 0xca, 0x0, 0xf0, 0x30, 0xf, 0xb8,
    0x3, 0xff, 0x87, 0xe0, 0x60, 0x1f, 0x78, 0x0,
    0xc0, 0x44, 0x1, 0xe2, 0x0, 0x20, 0x84, 0x80,
    0x70, 0xa8, 0x5, 0x20, 0xee, 0x0, 0x8f, 0x40,
    0x33, 0xa8, 0x47, 0xef, 0x61, 0x38, 0x6, 0xa9,
    0x30, 0x23, 0x7f, 0xf0, 0x7, 0x36, 0x7f, 0xb6,
    0x7, 0xc1, 0xc0, 0x3f, 0xc4, 0x2, 0x1, 0xfc,
    0x4a, 0x18, 0xd, 0x6, 0x1, 0x93, 0xc0, 0x58,
    0x5, 0xf3, 0xfb, 0x9f, 0x64, 0x3a, 0x0, 0x68,
    0x41, 0x18, 0xd, 0xfc, 0xc0,

    /* U+0120 "Ġ" */
    0x0, 0xfc, 0x9a, 0xe0, 0x1f, 0xfc, 0x1f, 0x29,
    0x0, 0xff, 0xe0, 0xe8, 0x30, 0x7, 0xff, 0x5,
    0xbe, 0x0, 0x3f, 0xfb, 0xc2, 0xf7, 0xdf, 0xee,
    0xc9, 0x40, 0xe, 0x8e, 0x84, 0x10, 0x0, 0x9b,
    0x5c, 0x0, 0x58, 0xe0, 0x73, 0xbd, 0xfb, 0x6e,
    0x72, 0x0, 0xa3, 0x9, 0xc6, 0x21, 0x2, 0x48,
    0xc1, 0x5, 0x50, 0x4b, 0x0, 0x7f, 0xd0, 0x6,
    0xc0, 0x1f, 0xf0, 0x90, 0x50, 0x7, 0xff, 0x1,
    0x40, 0x8, 0x1, 0xff, 0xc0, 0x20, 0x1, 0x80,
    0x73, 0x7f, 0xf8, 0x3, 0xff, 0x88, 0x60, 0x3,
    0x0, 0xe6, 0xff, 0xa8, 0x0, 0xe0, 0x4, 0x0,
    0xff, 0xe0, 0x10, 0x86, 0x80, 0x7f, 0xf0, 0x58,
    0x11, 0x0, 0x1f, 0xfc, 0x8, 0x20, 0xa4, 0x0,
    0xff, 0xe0, 0x70, 0x8a, 0xe9, 0x48, 0x0, 0x27,
    0x80, 0x18, 0xf0, 0xc1, 0x6b, 0x7f, 0xdd, 0x8c,
    0x1, 0xc5, 0x96, 0xa4, 0x1, 0x9, 0x2c, 0x60,

    /* U+0121 "ġ" */
    0x0, 0xe3, 0xeb, 0x0, 0xff, 0x58, 0xa0, 0x80,
    0x7f, 0x51, 0xb0, 0x80, 0x7f, 0x16, 0x48, 0x7,
    0xff, 0x25, 0x73, 0xbf, 0x60, 0xb, 0xf0, 0x1,
    0x54, 0x31, 0x11, 0x3e, 0xa0, 0x4, 0xca, 0xf,
    0xdc, 0xfa, 0x39, 0x0, 0xa0, 0x1a, 0x4, 0x0,
    0xba, 0x1, 0x20, 0x85, 0x80, 0x71, 0x98, 0x0,
    0x60, 0x24, 0x1, 0xe5, 0x0, 0x78, 0x18, 0x7,
    0xdc, 0x1, 0xff, 0xc3, 0xf0, 0x30, 0xf, 0xbc,
    0x0, 0x60, 0x22, 0x0, 0xf1, 0x0, 0x10, 0x42,
    0x40, 0x38, 0x54, 0x2, 0x90, 0x77, 0x0, 0x47,
    0xa0, 0x19, 0xd4, 0x23, 0xf7, 0xb0, 0x9c, 0x3,
    0x54, 0x98, 0x11, 0xbf, 0xf8, 0x3, 0x9b, 0x3f,
    0xdb, 0x3, 0xe0, 0xe0, 0x1f, 0xe2, 0x1, 0x0,
    0xfe, 0x25, 0xc, 0x6, 0x83, 0x0, 0xc9, 0xe0,
    0x2c, 0x2, 0xf9, 0xfd, 0xcf, 0xb2, 0x1d, 0x0,
    0x34, 0x20, 0x8c, 0x6, 0xfe, 0x60,

    /* U+0122 "Ģ" */
    0x0, 0xe1, 0x7b, 0xef, 0xf7, 0x64, 0xa0, 0x7,
    0x47, 0x42, 0x8, 0x0, 0x4d, 0xae, 0x0, 0x2c,
    0x70, 0x39, 0xde, 0xfd, 0xa5, 0x1a, 0x0, 0x51,
    0x84, 0xe3, 0x10, 0x81, 0x2d, 0x71, 0x2, 0xa8,
    0x25, 0x80, 0x3f, 0xe8, 0x3, 0x60, 0xf, 0xf8,
    0x48, 0x28, 0x3, 0xff, 0x80, 0xa0, 0x4, 0x0,
    0xff, 0xe0, 0x10, 0x0, 0xc0, 0x3f, 0xf9, 0x2d,
    0xff, 0xe3, 0x0, 0x18, 0x7, 0xff, 0x1, 0xc0,
    0x8, 0x1, 0xcd, 0xff, 0x50, 0x0, 0x84, 0x34,
    0x3, 0xff, 0x82, 0xc0, 0x88, 0x0, 0xff, 0xe0,
    0x41, 0x5, 0x20, 0x7, 0xff, 0x3, 0x84, 0x57,
    0x4a, 0x40, 0x11, 0x68, 0x6, 0x3c, 0x30, 0x5a,
    0xdf, 0xfb, 0x5c, 0x3, 0x8b, 0x2d, 0x48, 0x2,
    0x12, 0x58, 0xc0, 0xe, 0x4a, 0xdf, 0xfb, 0xb6,
    0x9c, 0xc0, 0x3f, 0x84, 0x40, 0x1f, 0xfc, 0x14,
    0xee, 0x0, 0x7f, 0xf0, 0x4c, 0x18, 0x3, 0xff,
    0x83, 0x61, 0x0, 0x1f, 0xfc, 0x2, 0x39, 0x10,
    0xe,

    /* U+0123 "ģ" */
    0x0, 0xf1, 0xfa, 0x80, 0x7f, 0xb8, 0x14, 0x3,
    0xf9, 0x49, 0x0, 0x3f, 0xd2, 0x18, 0x1, 0xfe,
    0xde, 0x70, 0xf, 0xcb, 0x9f, 0xdb, 0x0, 0x5f,
    0x80, 0xa, 0xa1, 0x88, 0x89, 0xf5, 0x0, 0x26,
    0x50, 0x7e, 0xe7, 0xd1, 0xc8, 0x5, 0x0, 0xd0,
    0x20, 0x5, 0xd0, 0x9, 0x4, 0x2c, 0x3, 0x8c,
    0xc0, 0x3, 0x1, 0x20, 0xf, 0x28, 0x3, 0xc0,
    0xc0, 0x3e, 0xe0, 0xf, 0xfe, 0x1f, 0x81, 0x80,
    0x7d, 0xe0, 0x3, 0x1, 0x10, 0x7, 0x88, 0x0,
    0x82, 0x12, 0x1, 0xc2, 0xa0, 0x14, 0x83, 0xb8,
    0x2, 0x3d, 0x0, 0xce, 0xa1, 0x1f, 0xbd, 0x84,
    0xe0, 0x1a, 0xa4, 0xc0, 0x8d, 0xff, 0xc0, 0x1c,
    0xd9, 0xfe, 0xd8, 0x1f, 0x7, 0x0, 0xff, 0x10,
    0x8, 0x7, 0xf1, 0x28, 0x60, 0x34, 0x18, 0x6,
    0x4f, 0x1, 0x60, 0x17, 0xcf, 0xee, 0x7d, 0x90,
    0xe8, 0x1, 0xa1, 0x4, 0x60, 0x37, 0xf3, 0x0,

    /* U+0124 "Ĥ" */
    0x0, 0xf6, 0xff, 0x8c, 0x3, 0xfd, 0x44, 0x21,
    0xa2, 0x1, 0xfa, 0x15, 0x39, 0xc7, 0x44, 0x3,
    0xce, 0xf5, 0x84, 0x51, 0x68, 0x7, 0x9f, 0xe0,
    0x2, 0x5e, 0xc0, 0xf, 0xfe, 0x33, 0xfe, 0x80,
    0x7f, 0x57, 0xd8, 0x7, 0xff, 0xfc, 0x3, 0xff,
    0x8a, 0x5f, 0xff, 0xca, 0x1, 0xff, 0xc7, 0x2f,
    0xff, 0xe5, 0x0, 0xff, 0xff, 0x80, 0x7f, 0xf8,
    0xc0,

    /* U+0125 "ĥ" */
    0x0, 0x9e, 0x14, 0x3, 0xfe, 0x88, 0x3d, 0x20,
    0x7, 0xf2, 0xb8, 0xc0, 0x59, 0x80, 0x7c, 0x94,
    0x7e, 0xf6, 0x3a, 0x40, 0x1e, 0x38, 0xc1, 0x4,
    0xf9, 0x40, 0xf, 0x3b, 0x80, 0x30, 0xbb, 0x0,
    0x7f, 0xf3, 0x33, 0xe0, 0x3, 0xff, 0xfd, 0xe0,
    0xfb, 0xfe, 0xd8, 0x0, 0xfd, 0xb0, 0x42, 0x4,
    0xfa, 0x20, 0x1d, 0x7, 0x7f, 0xdf, 0x0, 0x52,
    0x1, 0xed, 0x40, 0x9, 0xd4, 0x14, 0x3, 0x8c,
    0xc0, 0x1d, 0x80, 0x60, 0x1c, 0xa0, 0x1e, 0x20,
    0x10, 0xe, 0x10, 0xf, 0xff, 0xf8, 0x7, 0xff,
    0x6c,

    /* U+0126 "Ħ" */
    0x0, 0x3f, 0xe8, 0x7, 0xf5, 0x7d, 0x80, 0x7f,
    0xf7, 0xff, 0xd0, 0x5, 0xff, 0xfc, 0xa0, 0x9f,
    0xe3, 0x22, 0x8, 0x0, 0x8b, 0xf8, 0x2, 0x22,
    0x6, 0xea, 0x40, 0xb7, 0x7f, 0x94, 0x13, 0x74,
    0x60, 0x1f, 0xfc, 0xc2, 0xff, 0xfe, 0x50, 0xf,
    0xfe, 0x89, 0x7f, 0xff, 0x28, 0x7, 0xff, 0xfc,
    0x3, 0xff, 0xfe, 0x1, 0xff, 0xc3,

    /* U+0127 "ħ" */
    0x0, 0x67, 0xc0, 0x7, 0xff, 0x2f, 0x3c, 0xc1,
    0xff, 0xf8, 0x3, 0x22, 0x4, 0x9, 0x13, 0x80,
    0x34, 0x59, 0x2, 0xdd, 0xf0, 0x7, 0xef, 0x7,
    0xdf, 0xf6, 0xc0, 0x7, 0xbf, 0x60, 0x84, 0x9,
    0xf4, 0x3, 0x9c, 0xeb, 0xfb, 0xe0, 0x9, 0xc0,
    0x3b, 0x54, 0x2, 0x75, 0xb, 0x0, 0xc4, 0x60,
    0x1d, 0x80, 0x40, 0x19, 0x0, 0x3c, 0x40, 0x20,
    0x18, 0x40, 0x3f, 0xff, 0xe0, 0x1f, 0xfd, 0x40,

    /* U+0128 "Ĩ" */
    0x3, 0xcf, 0xd8, 0x30, 0x7f, 0x0, 0x69, 0x91,
    0x1f, 0x3e, 0x14, 0xc, 0xb7, 0x5f, 0x2a, 0x8f,
    0x40, 0x78, 0x40, 0x6, 0xab, 0x80, 0xf, 0xfe,
    0x1f, 0xff, 0xb0, 0x3, 0x4a, 0x80, 0x5, 0xa0,
    0x3, 0x35, 0x18, 0x3c, 0xa0, 0x7, 0xff, 0xfc,
    0x3, 0xff, 0xf8, 0xd4, 0x60, 0xf2, 0x80, 0x1a,
    0x54, 0x0, 0x2d, 0x0, 0x0,

    /* U+0129 "ĩ" */
    0x4, 0xdf, 0xd8, 0x20, 0x9f, 0x1, 0xb2, 0x29,
    0xf7, 0xd9, 0x80, 0xa7, 0xdb, 0xd2, 0xa9, 0x12,
    0x9, 0x82, 0x2, 0xd5, 0x6e, 0x1, 0xec, 0xf8,
    0x0, 0xff, 0xff, 0x80, 0x7f, 0xff, 0x0,

    /* U+012A "Ī" */
    0x7f, 0xff, 0x90, 0x8b, 0xf3, 0xae, 0xef, 0xc6,
    0x1, 0xfe, 0xff, 0xf6, 0x0, 0x25, 0x40, 0x2,
    0xd0, 0x0, 0x6a, 0x30, 0x79, 0x40, 0xf, 0xff,
    0xf8, 0x7, 0xff, 0x81, 0xa8, 0xc1, 0xe5, 0x0,
    0x12, 0xa0, 0x1, 0x68, 0x0,

    /* U+012B "ī" */
    0x8f, 0xff, 0x8f, 0x88, 0xbe, 0x16, 0xdd, 0xf8,
    0x80, 0x2c, 0xf8, 0x0, 0xff, 0xff, 0x80, 0x7f,
    0xf8, 0x40,

    /* U+012C "Ĭ" */
    0x37, 0x0, 0xe7, 0x47, 0x87, 0x10, 0x17, 0x80,
    0x44, 0x47, 0x7f, 0x42, 0x20, 0x2e, 0x54, 0xd6,
    0x6c, 0x2, 0x6a, 0xca, 0x60, 0xf, 0xfe, 0x7,
    0xff, 0xb0, 0x1, 0x2a, 0x0, 0x16, 0x80, 0x3,
    0x51, 0x83, 0xca, 0x0, 0x7f, 0xff, 0xc0, 0x3f,
    0xfc, 0xd, 0x46, 0xf, 0x28, 0x0, 0x95, 0x0,
    0xb, 0x40, 0x0,

    /* U+012D "ĭ" */
    0x7f, 0x0, 0xc3, 0xec, 0x81, 0x2, 0x5, 0x60,
    0x86, 0xaf, 0xdf, 0xab, 0x4, 0x15, 0x8, 0x69,
    0x4e, 0x1, 0x3d, 0xe5, 0xa8, 0x7, 0x67, 0xc0,
    0x7, 0xff, 0xfc, 0x3, 0xff, 0xc2,

    /* U+012E "Į" */
    0xff, 0xf6, 0x4a, 0x80, 0x5, 0xa1, 0xa8, 0xc1,
    0xe5, 0x0, 0x3f, 0xff, 0xe0, 0x1f, 0xfc, 0x46,
    0xa3, 0x7, 0x94, 0x95, 0x0, 0xb, 0x47, 0xfd,
    0x80, 0xd8, 0x0, 0x1d, 0x49, 0x0, 0x98, 0x78,
    0x3, 0x78, 0x68, 0x8, 0x2, 0x81, 0xfe, 0x80,
    0x5, 0xb1, 0xf,

    /* U+012F "į" */
    0x0, 0x4f, 0xa8, 0x1, 0xc3, 0xc0, 0x12, 0x5c,
    0x0, 0x7d, 0x40, 0xf, 0xb3, 0xe0, 0x3, 0xff,
    0xe4, 0x20, 0x10, 0x81, 0xc0, 0x51, 0xe8, 0x12,
    0x20, 0x40, 0x41, 0x80, 0x4c, 0x8f, 0xf8, 0x36,
    0x62, 0x40,

    /* U+0130 "İ" */
    0x0, 0x36, 0xa8, 0x6, 0xb2, 0x90, 0xd, 0x41,
    0x60, 0x19, 0xfd, 0xc0, 0x3f, 0xf8, 0x9f, 0xfe,
    0xc9, 0x50, 0x0, 0xb4, 0x35, 0x18, 0x3c, 0xa0,
    0x7, 0xff, 0xfc, 0x3, 0xff, 0x88, 0xd4, 0x60,
    0xf2, 0x92, 0xa0, 0x1, 0x68,

    /* U+0131 "ı" */
    0xcf, 0x80, 0xf, 0xfe, 0xd8,

    /* U+0132 "Ĳ" */
    0xff, 0xf6, 0x0, 0x59, 0xf1, 0x2a, 0x0, 0x16,
    0x80, 0xf, 0x35, 0x18, 0x3c, 0xa0, 0x7, 0xff,
    0xfc, 0x3, 0xff, 0xfe, 0x1, 0xff, 0xcd, 0x6a,
    0x30, 0x79, 0x40, 0xf, 0x4a, 0x80, 0x5, 0xa0,
    0x3, 0xdf, 0xfe, 0xc0, 0x8, 0x40, 0x3f, 0xe1,
    0x20, 0xd0, 0xf, 0x10, 0x1d, 0x0, 0x10, 0x3,
    0x8f, 0x7f, 0x10, 0x24, 0x40, 0x38, 0x48, 0x5,
    0x2d, 0x80,

    /* U+0133 "ĳ" */
    0x9f, 0x50, 0xd, 0xbc, 0x4e, 0x1e, 0x1, 0x19,
    0xb, 0xc9, 0x70, 0x4, 0x68, 0x68, 0xfa, 0x80,
    0x1a, 0xf0, 0x40, 0x3f, 0xd9, 0xf0, 0x1, 0xf,
    0xf8, 0xc0, 0x3f, 0xff, 0xe0, 0x1f, 0xfe, 0xbc,
    0xf8, 0x0, 0xff, 0xe5, 0x98, 0x0, 0x80, 0x3d,
    0x40, 0x1, 0x0, 0xaf, 0xbd, 0xc2, 0x0, 0x31,
    0x80, 0xa, 0x1c, 0x0,

    /* U+0134 "Ĵ" */
    0x0, 0xc3, 0xdf, 0xe2, 0x0, 0xfa, 0x84, 0x41,
    0xe0, 0x1e, 0x94, 0x47, 0x31, 0x60, 0x6, 0x86,
    0x8b, 0x9, 0x91, 0xd8, 0x5, 0x1e, 0xe0, 0x13,
    0x7d, 0x80, 0x7f, 0xf1, 0xa7, 0xec, 0x3, 0xff,
    0xfe, 0x1, 0xff, 0xff, 0x0, 0xff, 0xf9, 0x98,
    0x7, 0xfc, 0xe0, 0x60, 0x1c, 0x40, 0x52, 0x41,
    0x60, 0x1d, 0xbf, 0xac, 0xc, 0x60, 0x1c, 0x40,
    0x3, 0x99, 0x0, 0x7b, 0x7f, 0xd8, 0xc0, 0x1e,

    /* U+0135 "ĵ" */
    0x0, 0x8f, 0xfd, 0xa2, 0x1, 0x8f, 0x41, 0xb,
    0x44, 0x0, 0x78, 0x79, 0x72, 0x78, 0x20, 0xb3,
    0xa6, 0xd, 0xd4, 0x80, 0xcc, 0x0, 0xc2, 0xea,
    0x1, 0xb3, 0xe0, 0x3, 0xff, 0xfe, 0x1, 0xff,
    0xfe, 0xf0, 0xf, 0x84, 0x4, 0x3, 0xc8, 0x40,
    0xa0, 0x13, 0xff, 0x58, 0x19, 0x80, 0x22, 0x11,
    0x97, 0x40, 0x30,

    /* U+0136 "Ķ" */
    0x7f, 0xd0, 0xf, 0x9b, 0xfc, 0xa0, 0x1f, 0xe5,
    0x90, 0x95, 0x0, 0xfe, 0x4a, 0x8, 0x60, 0xf,
    0xe3, 0xb0, 0x77, 0x0, 0x7f, 0x16, 0x83, 0x40,
    0x7, 0xf0, 0xe0, 0xac, 0x80, 0x7f, 0xe, 0xa,
    0x50, 0x7, 0xfb, 0x48, 0xec, 0x3, 0xf8, 0xf0,
    0xc0, 0x84, 0x3, 0xf8, 0x4d, 0x40, 0x68, 0x3,
    0xfd, 0x15, 0x20, 0x8e, 0x1, 0xf8, 0x9c, 0x19,
    0x42, 0xc, 0x3, 0xfe, 0xa2, 0xd, 0x10, 0xf,
    0xfb, 0xc0, 0x68, 0x3, 0xfe, 0x2a, 0x4, 0x70,
    0xf, 0xf9, 0x58, 0x20, 0xc0, 0x3f, 0xe9, 0x30,
    0xd1, 0x0, 0xff, 0xb4, 0x45, 0x40, 0xff, 0xa0,
    0x1f, 0xf, 0x7d, 0x80, 0x7c, 0x22, 0x0, 0xff,
    0xe0, 0x17, 0x70, 0x80, 0x3f, 0xe7, 0x4, 0x20,
    0xf, 0xfb, 0xc2, 0x40, 0x3f, 0xf8, 0xa, 0xe4,
    0x1, 0xf0,

    /* U+0137 "ķ" */
    0xcf, 0x70, 0xf, 0xff, 0xa0, 0xef, 0xe0, 0x7,
    0xed, 0x23, 0xc0, 0xf, 0xac, 0xcb, 0x40, 0x3e,
    0xa4, 0x2c, 0x10, 0xf, 0x52, 0x8f, 0x88, 0x7,
    0xb, 0xa8, 0xe1, 0x0, 0x7b, 0x60, 0x0, 0x60,
    0x1f, 0x21, 0x10, 0x74, 0x3, 0xe3, 0xce, 0x3,
    0x80, 0xf, 0x58, 0x9c, 0x3, 0xa0, 0x7, 0xe7,
    0x40, 0xa1, 0x0, 0xfd, 0x42, 0x2d, 0x0, 0xfc,
    0x3a, 0x7, 0x0, 0x1f, 0x8e, 0x1, 0xd3, 0x3d,
    0xc0, 0x39, 0xff, 0xc8, 0x1, 0xc2, 0x1, 0xfe,
    0xce, 0x70, 0xf, 0xe3, 0x6, 0x0, 0xfc, 0x80,
    0xe2, 0x1, 0xfb, 0x8a, 0x0, 0x3c,

    /* U+0138 "ĸ" */
    0xcf, 0xa0, 0xc, 0x3b, 0xf8, 0x1, 0xfb, 0x48,
    0x9a, 0x1, 0xf5, 0x18, 0x78, 0x80, 0x46, 0x0,
    0x75, 0xb, 0x20, 0xf, 0x2c, 0x4, 0xa0, 0x7,
    0x8e, 0x81, 0xd8, 0x3, 0xed, 0x0, 0x58, 0x7,
    0xcc, 0x22, 0xe, 0x0, 0xfd, 0x5e, 0x25, 0x40,
    0x1e, 0x55, 0xd, 0x82, 0xa8, 0x3, 0xf2, 0xb0,
    0x51, 0x0, 0x7e, 0x92, 0xe, 0x0, 0xfe, 0xe0,
    0x38, 0x0, 0xfc, 0x70, 0xe, 0x80,

    /* U+0139 "Ĺ" */
    0x0, 0x5f, 0xf8, 0x80, 0x3c, 0xa8, 0x16, 0x40,
    0x1c, 0x36, 0x16, 0x80, 0x1e, 0xa0, 0xb4, 0x0,
    0xfa, 0xf9, 0x0, 0x3f, 0xf8, 0xef, 0xfa, 0x1,
    0xff, 0xff, 0x0, 0xff, 0xff, 0x80, 0x7f, 0xf3,
    0x4b, 0xff, 0xf0, 0x7, 0xfc,

    /* U+013A "ĺ" */
    0x0, 0x9e, 0x1c, 0x2, 0x58, 0x71, 0x0, 0xd,
    0x84, 0x30, 0x2, 0xc6, 0x1c, 0x0, 0x25, 0x6e,
    0x1, 0xc, 0x20, 0x7, 0xff, 0x3, 0x3e, 0x0,
    0x3f, 0xff, 0xe0, 0x1f, 0xfe, 0xa0,

    /* U+013B "Ļ" */
    0x7f, 0xd0, 0xf, 0xff, 0xf8, 0x7, 0xff, 0xfc,
    0x3, 0xff, 0x9a, 0x5f, 0xff, 0x80, 0x3f, 0xe7,
    0xff, 0xff, 0x0, 0x70, 0x88, 0x3, 0xfb, 0xf9,
    0x40, 0x3e, 0x21, 0x12, 0x80, 0x7c, 0x81, 0x0,
    0x1f, 0xa9, 0x18, 0x3, 0x0,

    /* U+013C "ļ" */
    0xc, 0xf8, 0x0, 0xff, 0xff, 0x80, 0x7f, 0xf1,
    0x73, 0xe0, 0x2, 0x11, 0x0, 0x17, 0xbc, 0x1,
    0x81, 0x20, 0x4, 0x17, 0x3, 0x2a, 0x0, 0x0,

    /* U+013D "Ľ" */
    0x7f, 0xd0, 0xe, 0x5f, 0xd0, 0xf, 0xda, 0x14,
    0x1, 0xf9, 0x1, 0x80, 0x3e, 0x13, 0x81, 0x0,
    0xf8, 0x79, 0xc0, 0x3f, 0x84, 0x3, 0xff, 0xfe,
    0x1, 0xff, 0xdb, 0x2f, 0xff, 0xc0, 0x1f, 0xf0,

    /* U+013E "ľ" */
    0xcf, 0x80, 0x9f, 0xa0, 0xc, 0xa1, 0xc0, 0x18,
    0xc9, 0x0, 0x24, 0x9, 0x0, 0xc9, 0xc8, 0x1,
    0xc2, 0x1, 0xff, 0xff, 0x0, 0xff, 0xe3, 0x0,

    /* U+013F "Ŀ" */
    0x7f, 0xd0, 0xf, 0xff, 0xf8, 0x7, 0xd, 0xd8,
    0x3, 0xf2, 0x24, 0x60, 0x1f, 0x38, 0x91, 0x80,
    0x7c, 0x5d, 0xa0, 0x1f, 0xfe, 0xf2, 0xff, 0xfc,
    0x1, 0xff, 0x0,

    /* U+0140 "ŀ" */
    0xcf, 0x80, 0xf, 0xff, 0x61, 0xf6, 0x0, 0x64,
    0x13, 0x10, 0x9, 0x4d, 0x84, 0x2, 0x2c, 0x90,
    0xf, 0xff, 0x30,

    /* U+0141 "Ł" */
    0x0, 0x3f, 0xe8, 0x7, 0xff, 0xfc, 0x3, 0x89,
    0x80, 0x3f, 0x86, 0x76, 0x48, 0x3, 0xe2, 0xf6,
    0x19, 0x20, 0xe, 0xe0, 0x0, 0xbf, 0x30, 0x6,
    0x2b, 0x60, 0x1e, 0x80, 0xf, 0x3a, 0x0, 0xc,
    0x40, 0x3e, 0x5c, 0x80, 0xf, 0xf8, 0xc0, 0x3f,
    0xfb, 0xa5, 0xff, 0xf8, 0x3, 0xff, 0x82,

    /* U+0142 "ł" */
    0x0, 0xbf, 0xca, 0x1, 0xff, 0xec, 0x62, 0x0,
    0xeb, 0x99, 0x0, 0x70, 0xad, 0x2, 0x68, 0x2,
    0x28, 0x42, 0xc8, 0x0, 0x40, 0x15, 0x60, 0x7,
    0x94, 0xc0, 0x3f, 0xfc, 0x20,

    /* U+0143 "Ń" */
    0x0, 0xfd, 0x1f, 0xe5, 0x0, 0xff, 0x89, 0xc2,
    0x14, 0x3, 0xfe, 0xe0, 0x77, 0x0, 0x7f, 0xd0,
    0x71, 0x0, 0xf, 0xfe, 0x4, 0x7b, 0x80, 0x7f,
    0xf2, 0xdf, 0xfd, 0x0, 0x1f, 0xdf, 0xe3, 0x0,
    0x9c, 0xc0, 0x3f, 0xf8, 0x7c, 0x1, 0xff, 0xc1,
    0x50, 0x28, 0x0, 0xff, 0xe0, 0x1c, 0x3, 0x90,
    0x7, 0xff, 0x1, 0xcc, 0x38, 0x3, 0xfe, 0x30,
    0xe0, 0x37, 0x0, 0xff, 0xe0, 0x14, 0x4, 0x10,
    0x7, 0xf0, 0x80, 0x1c, 0xc3, 0x80, 0x3f, 0xf8,
    0x3c, 0x6, 0xc0, 0x1f, 0xfc, 0x2, 0x80, 0x92,
    0x0, 0xff, 0xe0, 0x39, 0x84, 0x80, 0x4, 0x3,
    0xfd, 0xc0, 0x8c, 0x1, 0xff, 0xc0, 0x28, 0x9,
    0x13, 0x0, 0xff, 0x9c, 0xc2, 0x84, 0x3, 0xff,
    0x81, 0xc0, 0x86, 0x1, 0xff, 0xc0, 0x28, 0x0,
    0xff, 0xe1, 0xb9, 0x80, 0x40,

    /* U+0144 "ń" */
    0x0, 0xf3, 0x7f, 0x9c, 0x3, 0xe2, 0x80, 0x77,
    0x0, 0x7d, 0xc3, 0x10, 0x0, 0xf9, 0x1a, 0xdc,
    0x3, 0xf2, 0x52, 0x0, 0x76, 0x79, 0x3, 0xe7,
    0xfb, 0x60, 0x3, 0x3e, 0xc1, 0x88, 0x13, 0xe8,
    0x80, 0x28, 0xeb, 0xfb, 0xe0, 0xa, 0x40, 0x2d,
    0x50, 0x9, 0xd4, 0x10, 0x0, 0x66, 0x0, 0xec,
    0x2, 0x0, 0x28, 0x7, 0x88, 0x4, 0x0, 0x20,
    0x1f, 0xff, 0xf0, 0xf, 0xfe, 0x30,

    /* U+0145 "Ņ" */
    0x7f, 0xf4, 0x0, 0x7f, 0x7f, 0x8c, 0x2, 0x73,
    0x0, 0xff, 0xe1, 0xf0, 0x7, 0xff, 0x5, 0x40,
    0xa0, 0x3, 0xff, 0x80, 0x70, 0xe, 0x40, 0x1f,
    0xfc, 0x7, 0x30, 0xe0, 0xf, 0xf8, 0xc3, 0x80,
    0xdc, 0x3, 0xff, 0x80, 0x50, 0x10, 0x40, 0x1f,
    0xc2, 0x0, 0x73, 0xe, 0x0, 0xff, 0xe0, 0xf0,
    0x1b, 0x0, 0x7f, 0xf0, 0xa, 0x2, 0x48, 0x3,
    0xff, 0x80, 0xe6, 0x12, 0x0, 0x10, 0xf, 0xf7,
    0x2, 0x30, 0x7, 0xff, 0x0, 0xa0, 0x24, 0x4c,
    0x3, 0xfe, 0x73, 0xa, 0x10, 0xf, 0xfe, 0x7,
    0x2, 0x18, 0x7, 0xff, 0x0, 0xa0, 0x3, 0xff,
    0x86, 0xe6, 0x1, 0x3f, 0xd8, 0x7, 0xf6, 0x7f,
    0x8c, 0x3, 0xe1, 0x10, 0x7, 0xff, 0xb, 0x39,
    0x80, 0x3f, 0xf8, 0x2, 0x40, 0xe0, 0x1f, 0xfc,
    0x4, 0x8, 0x10, 0xf, 0xfe, 0x7, 0x1b, 0x80,
    0x7c,

    /* U+0146 "ņ" */
    0xcf, 0x20, 0x7c, 0xff, 0x6c, 0x0, 0x67, 0xd8,
    0x31, 0x2, 0x7d, 0x10, 0x5, 0x1d, 0x7f, 0x7c,
    0x1, 0x48, 0x5, 0xaa, 0x1, 0x3a, 0x82, 0x0,
    0xc, 0xc0, 0x1d, 0x80, 0x40, 0x5, 0x0, 0xf1,
    0x0, 0x80, 0x4, 0x3, 0xff, 0xfe, 0x1, 0xff,
    0xc6, 0xcf, 0x80, 0xf, 0x27, 0xf8, 0x3, 0xc2,
    0x20, 0xf, 0xea, 0xe8, 0x0, 0xfe, 0x40, 0xb0,
    0xf, 0xc6, 0x2a, 0x40, 0x1f, 0xac, 0x6c, 0x3,
    0x80,

    /* U+0147 "Ň" */
    0x0, 0x93, 0xe8, 0x2, 0x3d, 0xe2, 0x0, 0xf2,
    0x4a, 0xe8, 0xae, 0x1e, 0x10, 0x7, 0xcd, 0x5,
    0xf4, 0x1a, 0x40, 0x1f, 0xce, 0xa2, 0x14, 0x60,
    0x1f, 0xf5, 0x7f, 0x94, 0x3, 0xff, 0x94, 0xff,
    0xe8, 0x0, 0xfe, 0xff, 0x18, 0x4, 0xe6, 0x1,
    0xff, 0xc3, 0xe0, 0xf, 0xfe, 0xa, 0x81, 0x40,
    0x7, 0xff, 0x0, 0xe0, 0x1c, 0x80, 0x3f, 0xf8,
    0xe, 0x61, 0xc0, 0x1f, 0xf1, 0x87, 0x1, 0xb8,
    0x7, 0xff, 0x0, 0xa0, 0x20, 0x80, 0x3f, 0x84,
    0x0, 0xe6, 0x1c, 0x1, 0xff, 0xc1, 0xe0, 0x36,
    0x0, 0xff, 0xe0, 0x14, 0x4, 0x90, 0x7, 0xff,
    0x1, 0xcc, 0x24, 0x0, 0x20, 0x1f, 0xee, 0x4,
    0x60, 0xf, 0xfe, 0x1, 0x40, 0x48, 0x98, 0x7,
    0xfc, 0xe6, 0x14, 0x20, 0x1f, 0xfc, 0xe, 0x4,
    0x30, 0xf, 0xfe, 0x1, 0x40, 0x7, 0xff, 0xd,
    0xcc, 0x2,

    /* U+0148 "ň" */
    0x2, 0xec, 0x20, 0x1, 0x67, 0x98, 0x0, 0xb0,
    0xb5, 0x55, 0xa5, 0x86, 0x1, 0x16, 0x5, 0x50,
    0x70, 0xc0, 0x38, 0xad, 0x55, 0x44, 0x1, 0xf2,
    0x55, 0x10, 0x3, 0x67, 0x90, 0x3e, 0x7f, 0xb6,
    0x0, 0x33, 0xec, 0x18, 0x81, 0x3e, 0x88, 0x2,
    0x8e, 0xbf, 0xbe, 0x0, 0xa4, 0x2, 0xd5, 0x0,
    0x9d, 0x41, 0x0, 0x6, 0x60, 0xe, 0xc0, 0x20,
    0x2, 0x80, 0x78, 0x80, 0x40, 0x2, 0x1, 0xff,
    0xff, 0x0, 0xff, 0xe3, 0x0,

    /* U+0149 "ŉ" */
    0xc, 0xfd, 0x0, 0xff, 0xe0, 0x90, 0x20, 0x7,
    0xff, 0x0, 0x84, 0x28, 0x3, 0xff, 0x80, 0xe0,
    0x46, 0x1, 0xff, 0xc0, 0xd0, 0xa0, 0xff, 0x0,
    0x1f, 0x7f, 0xd8, 0xe0, 0x4, 0x6, 0x0, 0x8b,
    0x60, 0x80, 0x7, 0x16, 0x1f, 0xa2, 0x1, 0x79,
    0x3d, 0xe4, 0x90, 0x22, 0x99, 0x0, 0x62, 0xc8,
    0x43, 0x6d, 0x10, 0xc0, 0xf, 0x21, 0x80, 0x73,
    0x81, 0x0, 0x7b, 0x0, 0x3d, 0xc0, 0xe0, 0x1e,
    0x20, 0xf, 0xff, 0xf8, 0x7, 0xff, 0x88,

    /* U+014A "Ŋ" */
    0x7f, 0xf4, 0x0, 0x7f, 0x7f, 0x8c, 0x2, 0x74,
    0x0, 0xff, 0xe1, 0xd0, 0x7, 0xff, 0x5, 0x84,
    0x52, 0x1, 0xff, 0xc1, 0xa0, 0x64, 0x0, 0xff,
    0xe0, 0x23, 0x5, 0x8, 0x7, 0xf8, 0xc2, 0x48,
    0x6c, 0x3, 0xff, 0x83, 0xc0, 0xaa, 0x0, 0xff,
    0xe0, 0x1c, 0x5, 0x8, 0x7, 0xe1, 0x0, 0x9c,
    0xc2, 0x80, 0x3f, 0xf8, 0x3c, 0x8, 0xc0, 0x1f,
    0xfc, 0x2, 0x90, 0x92, 0x1, 0x0, 0xff, 0x32,
    0x7, 0x0, 0x7f, 0xf0, 0x68, 0xd, 0xcc, 0x3,
    0xfe, 0x1a, 0x8, 0x30, 0xf, 0xfe, 0x2, 0xa8,
    0x4, 0x3, 0xff, 0x83, 0x62, 0x1, 0xff, 0xc2,
    0x1a, 0x0, 0x9f, 0xec, 0x3, 0xf9, 0x0, 0x3f,
    0xf8, 0x66, 0x0, 0x20, 0xf, 0xc4, 0x22, 0x4e,
    0x3, 0x10, 0xf, 0xd1, 0xdc, 0xb2, 0xe, 0x0,
    0xfe, 0xd1, 0x1, 0x6d, 0x20,

    /* U+014B "ŋ" */
    0xcf, 0x20, 0x7d, 0xff, 0x6c, 0x8, 0x4, 0x9b,
    0x4, 0x20, 0x4f, 0x82, 0x0, 0x93, 0xaf, 0xef,
    0x80, 0x29, 0x0, 0xb5, 0x40, 0x27, 0x50, 0x50,
    0x1, 0x98, 0x3, 0xb0, 0x8, 0x0, 0xa0, 0x1e,
    0x20, 0xc, 0x20, 0x1f, 0xff, 0xf0, 0xf, 0xfe,
    0x36, 0x7c, 0x0, 0x7f, 0xf4, 0x84, 0x4, 0x3,
    0xfb, 0x81, 0x40, 0x3d, 0x3d, 0xe8, 0x1e, 0x1,
    0xee, 0x0, 0x14, 0xa0,

    /* U+014C "Ō" */
    0x0, 0xeb, 0xff, 0xf8, 0x3, 0xfc, 0x45, 0xf8,
    0x3, 0xfd, 0x3b, 0xbf, 0x0, 0x7f, 0xf4, 0x1a,
    0xfb, 0xfd, 0xd8, 0xe2, 0x1, 0xf1, 0xf4, 0xa0,
    0x80, 0x4, 0xe3, 0x98, 0x3, 0x93, 0x4, 0x51,
    0x9d, 0xfb, 0x46, 0x13, 0x0, 0x10, 0xd0, 0x17,
    0xb9, 0x88, 0x12, 0xe3, 0x3, 0x98, 0x2, 0x44,
    0x3c, 0x40, 0x3e, 0x93, 0xf, 0x0, 0x28, 0x29,
    0x0, 0x7f, 0x48, 0x19, 0x14, 0x1e, 0x1, 0xfe,
    0x50, 0x2, 0xb0, 0x1, 0xc0, 0x3f, 0xe2, 0xe,
    0x10, 0x1, 0x80, 0x7f, 0xc2, 0x6, 0x1, 0xff,
    0xc6, 0x10, 0x1, 0x80, 0x7f, 0xc2, 0x6, 0xc0,
    0x7, 0x0, 0xff, 0x88, 0x38, 0x88, 0x1e, 0x1,
    0xfe, 0x50, 0x2, 0x82, 0x82, 0x90, 0x7, 0xf4,
    0x81, 0x90, 0x48, 0x87, 0x88, 0x7, 0xd2, 0x61,
    0xe0, 0x1, 0xa0, 0x2f, 0x72, 0x0, 0xa, 0xe3,
    0x3, 0x98, 0x4, 0x98, 0x22, 0x8d, 0xff, 0x75,
    0x18, 0x54, 0x0, 0x71, 0xf4, 0xa0, 0x80, 0x4,
    0xe3, 0x94, 0x2,

    /* U+014D "ō" */
    0x0, 0xb7, 0x7e, 0x90, 0xf, 0x11, 0x7e, 0x0,
    0xf7, 0xff, 0xd6, 0x1, 0xff, 0xc8, 0x29, 0xdf,
    0xec, 0x71, 0x0, 0xe7, 0xd6, 0x20, 0x13, 0x8f,
    0x30, 0x9, 0x60, 0x1b, 0xbf, 0xd8, 0x63, 0xa2,
    0x0, 0xb0, 0x59, 0x10, 0x1, 0xe1, 0xc, 0x1,
    0x88, 0x40, 0x7, 0xac, 0x1c, 0x10, 0x4, 0x80,
    0x3c, 0x80, 0x25, 0xe0, 0x60, 0x1f, 0x18, 0x1,
    0x80, 0x3f, 0xf8, 0x5c, 0x4, 0x1, 0xf1, 0x0,
    0x1d, 0x40, 0x6, 0x1, 0xe4, 0x0, 0x19, 0x88,
    0x24, 0x3, 0xd2, 0xa, 0x0, 0xe0, 0x58, 0x10,
    0x1, 0x58, 0x84, 0x0, 0xe, 0x81, 0xfb, 0xad,
    0x41, 0xc2, 0x0, 0x97, 0x58, 0x84, 0x46, 0xfe,
    0x60, 0x0,

    /* U+014E "Ŏ" */
    0x0, 0xea, 0xc0, 0xc, 0x9e, 0x60, 0x1f, 0xd8,
    0x6c, 0x20, 0x70, 0x26, 0x1, 0xfc, 0xc5, 0x3d,
    0xf8, 0x76, 0x1, 0xff, 0x63, 0x99, 0x97, 0x14,
    0x3, 0xfe, 0x18, 0xcc, 0x51, 0x80, 0x7f, 0xf4,
    0x5a, 0xfb, 0xfd, 0xd8, 0xe2, 0x1, 0xf1, 0xf4,
    0xa0, 0x80, 0x4, 0xe3, 0x98, 0x3, 0x93, 0x4,
    0x51, 0x9d, 0xfb, 0x46, 0x13, 0x0, 0x10, 0xd0,
    0x17, 0xb9, 0x88, 0x12, 0xe3, 0x3, 0x98, 0x2,
    0x44, 0x3c, 0x40, 0x3e, 0x93, 0xf, 0x0, 0x28,
    0x29, 0x0, 0x7f, 0x48, 0x19, 0x14, 0x1e, 0x1,
    0xfe, 0x50, 0x2, 0xb0, 0x1, 0xc0, 0x3f, 0xe2,
    0xe, 0x10, 0x1, 0x80, 0x7f, 0xc2, 0x6, 0x1,
    0xff, 0xc6, 0x10, 0x1, 0x80, 0x7f, 0xc2, 0x6,
    0xc0, 0x7, 0x0, 0xff, 0x88, 0x38, 0x88, 0x1e,
    0x1, 0xfe, 0x50, 0x2, 0x82, 0x82, 0x90, 0x7,
    0xf4, 0x81, 0x90, 0x48, 0x87, 0x88, 0x7, 0xd2,
    0x61, 0xe0, 0x1, 0xa0, 0x2f, 0x72, 0x0, 0xa,
    0xe3, 0x3, 0x98, 0x4, 0x98, 0x22, 0x8d, 0xff,
    0x75, 0x18, 0x54, 0x0, 0x71, 0xf4, 0xa0, 0x80,
    0x4, 0xe3, 0x94, 0x2,

    /* U+014F "ŏ" */
    0x0, 0xba, 0x40, 0x35, 0x70, 0x7, 0xa5, 0xbf,
    0x75, 0xeb, 0x0, 0x1e, 0x79, 0x22, 0x19, 0xa9,
    0x80, 0x3e, 0x6d, 0xfe, 0xc5, 0x0, 0xff, 0xe4,
    0x94, 0xef, 0xf6, 0x38, 0x80, 0x73, 0xeb, 0x10,
    0x9, 0xc7, 0x98, 0x4, 0xb0, 0xd, 0xdf, 0xec,
    0x31, 0xd1, 0x0, 0x58, 0x2c, 0x88, 0x0, 0xf0,
    0x86, 0x0, 0xc4, 0x20, 0x3, 0xd6, 0xe, 0x8,
    0x2, 0x40, 0x1e, 0x40, 0x12, 0xf0, 0x30, 0xf,
    0x8c, 0x0, 0xc0, 0x1f, 0xfc, 0x2e, 0x2, 0x0,
    0xf8, 0x80, 0xe, 0xa0, 0x3, 0x0, 0xf2, 0x0,
    0xc, 0xc4, 0x12, 0x1, 0xe9, 0x5, 0x0, 0x70,
    0x2c, 0x8, 0x0, 0xac, 0x42, 0x0, 0x7, 0x40,
    0xfd, 0xd6, 0xa0, 0xe1, 0x0, 0x4b, 0xac, 0x42,
    0x23, 0x7f, 0x30, 0x0,

    /* U+0150 "Ő" */
    0x0, 0xfc, 0x23, 0x0, 0x4, 0x40, 0x1f, 0xe2,
    0xee, 0x30, 0x47, 0x78, 0x80, 0x7f, 0x40, 0x23,
    0x8b, 0x85, 0x8, 0x7, 0xe4, 0x53, 0xb0, 0xb0,
    0x94, 0x0, 0xfe, 0xa3, 0xc0, 0x55, 0x4b, 0x0,
    0x7f, 0xbb, 0x0, 0xb, 0xec, 0x1, 0xff, 0xd0,
    0x6b, 0xef, 0xf7, 0x63, 0x88, 0x7, 0xc7, 0xd2,
    0x82, 0x0, 0x13, 0x8e, 0x60, 0xe, 0x4c, 0x11,
    0x46, 0x77, 0xed, 0x18, 0x4c, 0x0, 0x43, 0x40,
    0x5e, 0xe6, 0x20, 0x4b, 0x8c, 0xe, 0x60, 0x9,
    0x10, 0xf1, 0x0, 0xfa, 0x4c, 0x3c, 0x0, 0xa0,
    0xa4, 0x1, 0xfd, 0x20, 0x64, 0x50, 0x78, 0x7,
    0xf9, 0x40, 0xa, 0xc0, 0x7, 0x0, 0xff, 0x88,
    0x38, 0x40, 0x6, 0x1, 0xff, 0x8, 0x18, 0x7,
    0xff, 0x18, 0x40, 0x6, 0x1, 0xff, 0x8, 0x1b,
    0x0, 0x1c, 0x3, 0xfe, 0x20, 0xe2, 0x20, 0x78,
    0x7, 0xf9, 0x40, 0xa, 0xa, 0xa, 0x40, 0x1f,
    0xd2, 0x6, 0x41, 0x22, 0x1e, 0x20, 0x1f, 0x49,
    0x87, 0x80, 0x6, 0x80, 0xbd, 0xc8, 0x0, 0x2b,
    0x8c, 0xe, 0x60, 0x12, 0x60, 0x8a, 0x37, 0xfd,
    0xd4, 0x61, 0x50, 0x1, 0xc7, 0xd2, 0x82, 0x0,
    0x13, 0x8e, 0x50, 0x8,

    /* U+0151 "ő" */
    0x0, 0xe5, 0xff, 0x18, 0x67, 0xe0, 0x7, 0xac,
    0x20, 0xd4, 0xc7, 0x80, 0x39, 0xc5, 0x9c, 0x2c,
    0x34, 0x80, 0x31, 0x43, 0x48, 0x40, 0xd9, 0x80,
    0x71, 0x74, 0x80, 0x27, 0xd0, 0x3, 0xc5, 0x1b,
    0xfd, 0xae, 0x20, 0x1c, 0xfa, 0xc4, 0x2, 0x71,
    0xe6, 0x1, 0x2c, 0x3, 0x77, 0xfb, 0xc, 0x74,
    0x40, 0x16, 0xb, 0x22, 0x0, 0x3c, 0x21, 0x80,
    0x31, 0x8, 0x0, 0xf5, 0x83, 0x82, 0x0, 0x90,
    0x7, 0x90, 0x4, 0xbc, 0xc, 0x3, 0xe3, 0x0,
    0x30, 0x7, 0xff, 0xb, 0x80, 0x80, 0x3e, 0x20,
    0x3, 0xa8, 0x0, 0xc0, 0x3c, 0x80, 0x3, 0x31,
    0x4, 0x80, 0x7a, 0x41, 0x40, 0x1c, 0xb, 0x2,
    0x0, 0x2b, 0x10, 0x80, 0x1, 0xd0, 0x3f, 0x75,
    0xa8, 0x38, 0x40, 0x12, 0xeb, 0x10, 0x88, 0xdf,
    0xcc, 0x0,

    /* U+0152 "Œ" */
    0x0, 0xe6, 0xbe, 0xff, 0xff, 0xe0, 0xc8, 0x4,
    0x7d, 0x28, 0x20, 0x1f, 0xfc, 0x45, 0xc1, 0x13,
    0xe7, 0x7f, 0xac, 0x1, 0xdf, 0xfe, 0x90, 0x1b,
    0x2, 0xf8, 0x31, 0x0, 0x38, 0x7, 0xfd, 0x22,
    0x1e, 0x20, 0x1f, 0xfc, 0x56, 0x5, 0x20, 0xf,
    0xfe, 0x29, 0x8, 0x78, 0x7, 0xff, 0x19, 0x80,
    0xe, 0x1, 0xfe, 0xef, 0xff, 0x8, 0x80, 0x4,
    0x1, 0xff, 0xd4, 0xef, 0xff, 0x8, 0x80, 0x4,
    0x1, 0xff, 0xc6, 0x60, 0x3, 0x80, 0x7f, 0xf1,
    0x88, 0x81, 0xe0, 0x1f, 0xfc, 0x75, 0x5, 0x20,
    0xf, 0xfe, 0x34, 0x88, 0x78, 0x80, 0x7f, 0xf1,
    0x46, 0x80, 0xbd, 0xc8, 0x2, 0x60, 0x1, 0x80,
    0x7f, 0x26, 0x8, 0xa3, 0x7f, 0xea, 0x0, 0x6f,
    0xff, 0xa4, 0x2, 0x3e, 0x94, 0x10, 0xf, 0xfe,
    0x10,

    /* U+0153 "œ" */
    0x0, 0x8e, 0xbb, 0xfa, 0xd4, 0x2, 0x29, 0xdf,
    0xeb, 0x50, 0xe, 0x8c, 0x51, 0x20, 0x4a, 0xb0,
    0x4d, 0x62, 0x11, 0x25, 0x48, 0x4, 0xce, 0x13,
    0xfb, 0xd8, 0x49, 0x74, 0x11, 0xfd, 0xf2, 0xc,
    0xc0, 0x4, 0x4, 0x30, 0x4, 0x7e, 0x8, 0x2c,
    0xe0, 0x13, 0x38, 0x40, 0x20, 0x83, 0x0, 0x71,
    0x20, 0x2, 0x80, 0x3b, 0x0, 0x48, 0xc0, 0x44,
    0x1, 0xec, 0x0, 0x7e, 0x67, 0x48, 0x0, 0x78,
    0xc, 0x3, 0xe1, 0x0, 0x19, 0xf8, 0x80, 0xe,
    0x20, 0x1f, 0xfc, 0xf, 0xff, 0xe4, 0xf0, 0x30,
    0xf, 0x84, 0x0, 0x40, 0x1f, 0xc8, 0x2, 0x40,
    0x1e, 0xc0, 0x2, 0x0, 0x7f, 0x19, 0x5, 0x80,
    0x71, 0x20, 0x2, 0xc0, 0x3f, 0xd2, 0xd, 0x2,
    0x0, 0x4c, 0x6, 0x32, 0xc3, 0x0, 0x8e, 0x20,
    0x0, 0x49, 0x7, 0xef, 0xf5, 0x8a, 0x4e, 0x91,
    0xe7, 0xfd, 0x8e, 0x40, 0x13, 0x6b, 0x10, 0xa,
    0x55, 0x80, 0xec, 0x18, 0x80, 0x9c, 0x40, 0x0,

    /* U+0154 "Ŕ" */
    0x0, 0xf2, 0x7f, 0xa0, 0x3, 0xfd, 0x20, 0xb0,
    0x1, 0xfd, 0x24, 0x94, 0x1, 0xfc, 0x8c, 0xb6,
    0x1, 0xfe, 0x4f, 0xa0, 0xf, 0xfe, 0x4b, 0xff,
    0xfb, 0xad, 0x80, 0x3f, 0xe1, 0x49, 0xe2, 0x0,
    0xc5, 0xff, 0xb6, 0x0, 0x7c, 0x3, 0xf8, 0x9e,
    0x80, 0x8c, 0x3, 0xfc, 0xa0, 0x6, 0x0, 0xff,
    0x8, 0x7, 0xff, 0x5, 0xc0, 0x8, 0x1, 0xf8,
    0x9e, 0x41, 0xc4, 0x2, 0x2f, 0xfd, 0xb0, 0x31,
    0x0, 0xf, 0xf0, 0xf3, 0x80, 0x71, 0x7f, 0xda,
    0x2, 0xa0, 0x1f, 0xe2, 0x60, 0xb0, 0xf, 0xfa,
    0x0, 0x60, 0x3, 0xfc, 0x30, 0xe, 0x40, 0x1f,
    0xe7, 0x10, 0x90, 0xf, 0xfa, 0xc1, 0x10, 0x1,
    0xfe, 0x53, 0x9, 0x0, 0xff, 0xbc, 0x9, 0xc0,

    /* U+0155 "ŕ" */
    0x0, 0xc7, 0xfe, 0xa0, 0xe, 0xe0, 0x4a, 0x0,
    0xd2, 0x4d, 0x60, 0x18, 0x8e, 0x64, 0x1, 0xc5,
    0x4c, 0x1, 0xb3, 0xc4, 0x17, 0x3f, 0xc8, 0x0,
    0x28, 0xa3, 0x0, 0x30, 0x2, 0x5d, 0x2f, 0xb4,
    0x80, 0xa, 0xd6, 0x82, 0x40, 0x10, 0xc8, 0x7,
    0xc8, 0x1, 0xf8, 0x80, 0x3f, 0xff, 0x20,

    /* U+0156 "Ŗ" */
    0x7f, 0xff, 0x6d, 0x28, 0x7, 0xfc, 0x4b, 0x58,
    0x20, 0x18, 0xbf, 0xf6, 0x30, 0x1d, 0x0, 0x7f,
    0x1c, 0xc0, 0x21, 0x0, 0x7f, 0x98, 0x0, 0xe0,
    0x1f, 0xe1, 0x0, 0x18, 0x7, 0xf8, 0x80, 0x4,
    0x1, 0xfe, 0xb0, 0x14, 0x0, 0xfc, 0x74, 0xc1,
    0x60, 0x18, 0xbf, 0xf6, 0x28, 0xd2, 0x80, 0x7f,
    0x87, 0x94, 0x3, 0x8b, 0xfe, 0xd0, 0x17, 0x0,
    0xff, 0x14, 0x4, 0x10, 0x7, 0xf9, 0xcc, 0x38,
    0x3, 0xfe, 0xf0, 0x37, 0x0, 0xff, 0x1b, 0x84,
    0x10, 0x7, 0xfa, 0x8, 0x38, 0x3, 0xfe, 0x90,
    0x37, 0x77, 0xe8, 0x7, 0xc9, 0xfe, 0x70, 0xf,
    0x8, 0x80, 0x3f, 0xe2, 0xee, 0x8, 0x7, 0xf9,
    0x1, 0x44, 0x3, 0xfd, 0xa1, 0x0, 0x1f, 0xe1,
    0x48, 0x20, 0xf, 0x0,

    /* U+0157 "ŗ" */
    0xc, 0xf1, 0x5, 0xcf, 0xf2, 0x0, 0x45, 0x14,
    0x60, 0x6, 0x0, 0xa5, 0xd2, 0xfb, 0x48, 0x2,
    0x56, 0xb4, 0x12, 0x0, 0xc3, 0x20, 0x1f, 0x90,
    0x3, 0xf8, 0x80, 0x3f, 0xff, 0xe0, 0xc, 0xf8,
    0x0, 0xfc, 0x22, 0x0, 0xf9, 0xfb, 0x0, 0x3e,
    0xd0, 0xb0, 0xf, 0x90, 0x98, 0x3, 0xc8, 0x3c,
    0x1, 0xf0,

    /* U+0158 "Ř" */
    0x2, 0xfc, 0x20, 0x0, 0xdf, 0xa0, 0x6, 0x2c,
    0x3d, 0x32, 0xf4, 0xa4, 0x0, 0xe3, 0xb0, 0xcd,
    0x19, 0x50, 0xf, 0x92, 0x0, 0xc, 0xc0, 0xf,
    0xe7, 0xff, 0x48, 0x7, 0xff, 0x21, 0xff, 0xfd,
    0xd6, 0xc0, 0x1f, 0xf0, 0xa4, 0xf1, 0x0, 0x62,
    0xff, 0xdb, 0x0, 0x3e, 0x1, 0xfc, 0x4f, 0x40,
    0x46, 0x1, 0xfe, 0x50, 0x3, 0x0, 0x7f, 0x84,
    0x3, 0xff, 0x82, 0xe0, 0x4, 0x0, 0xfc, 0x4f,
    0x20, 0xe2, 0x1, 0x17, 0xfe, 0xd8, 0x18, 0x80,
    0x7, 0xf8, 0x79, 0xc0, 0x38, 0xbf, 0xed, 0x1,
    0x50, 0xf, 0xf1, 0x30, 0x58, 0x7, 0xfd, 0x0,
    0x30, 0x1, 0xfe, 0x18, 0x7, 0x20, 0xf, 0xf3,
    0x88, 0x48, 0x7, 0xfd, 0x60, 0x88, 0x0, 0xff,
    0x29, 0x84, 0x80, 0x7f, 0xde, 0x4, 0xe0,

    /* U+0159 "ř" */
    0xd, 0xe4, 0x0, 0xd, 0x7b, 0x6, 0x1d, 0xb9,
    0xfa, 0xd3, 0x0, 0xe1, 0x46, 0xd, 0x28, 0x4,
    0x3e, 0xaa, 0x95, 0x0, 0xe2, 0xaa, 0x30, 0x6,
    0xcf, 0x10, 0x5c, 0xff, 0x20, 0x4, 0x51, 0x46,
    0x0, 0x60, 0xa, 0x5d, 0x2f, 0xb4, 0x80, 0x25,
    0x6b, 0x41, 0x20, 0xc, 0x32, 0x1, 0xf9, 0x0,
    0x3f, 0x88, 0x3, 0xff, 0xfe, 0x0,

    /* U+015A "Ś" */
    0x0, 0xf9, 0xa1, 0xc0, 0x3f, 0x92, 0x5c, 0x3,
    0xfd, 0x20, 0xee, 0x0, 0xfd, 0x44, 0xf0, 0x1,
    0xf8, 0x4a, 0xa0, 0x3, 0xf8, 0x61, 0x40, 0x3f,
    0xf9, 0x4f, 0x9d, 0xfe, 0xda, 0x50, 0x8, 0xba,
    0xc, 0x40, 0x4, 0xb4, 0xc0, 0xc, 0x11, 0x4e,
    0xff, 0x5b, 0x93, 0x82, 0x8, 0x6b, 0x10, 0xa,
    0x46, 0x88, 0x10, 0x0, 0xc0, 0x3f, 0x8c, 0x0,
    0x20, 0x1f, 0xc8, 0x0, 0xa1, 0x0, 0xfc, 0x34,
    0x9, 0xf0, 0x20, 0x1f, 0x2e, 0x10, 0xbf, 0x5a,
    0x80, 0x78, 0xf6, 0xd4, 0x12, 0xb4, 0xc0, 0x3c,
    0x95, 0xd0, 0x25, 0x86, 0x1, 0xf0, 0xbf, 0x90,
    0x40, 0x7, 0xf0, 0xd8, 0x20, 0x7, 0xf8, 0xc0,
    0x3f, 0xf8, 0x1e, 0x4, 0x13, 0x25, 0x20, 0x8,
    0xe9, 0x42, 0x0, 0xda, 0xb7, 0xfe, 0xc5, 0x8,
    0x50, 0x87, 0x42, 0x10, 0x1, 0xbe, 0xb8, 0x0,

    /* U+015B "ś" */
    0x0, 0xe3, 0xff, 0x50, 0x7, 0xdc, 0x9, 0x40,
    0x1e, 0x92, 0x6b, 0x0, 0xf1, 0x1c, 0xc8, 0x3,
    0xe2, 0xa6, 0x0, 0xf9, 0x6f, 0xbf, 0xd9, 0x6,
    0x0, 0xca, 0x41, 0x10, 0x1b, 0xc0, 0x39, 0x8e,
    0x7f, 0x7e, 0xc7, 0x86, 0x83, 0x98, 0x4, 0x4e,
    0x80, 0x40, 0x84, 0x1, 0xf4, 0x89, 0x6c, 0x98,
    0x7, 0xf, 0xa8, 0x36, 0x61, 0x80, 0x30, 0xd6,
    0xb8, 0x9c, 0xe9, 0x0, 0x62, 0x8e, 0x91, 0x2f,
    0x0, 0xf9, 0xb0, 0x8, 0xc0, 0x3e, 0x20, 0x9,
    0xd8, 0x40, 0x21, 0x90, 0x1, 0xec, 0xf7, 0x37,
    0xb8, 0xc1, 0x41, 0xe, 0x62, 0x42, 0x4d, 0xaa,
    0x0,

    /* U+015C "Ŝ" */
    0x0, 0xe7, 0x86, 0x0, 0xfe, 0x78, 0x79, 0x50,
    0xf, 0x96, 0x6, 0x2, 0x8c, 0x3, 0x92, 0x8b,
    0x1e, 0xc7, 0x4c, 0x3, 0x1c, 0x69, 0x2, 0x7c,
    0xa8, 0x6, 0x77, 0x0, 0x61, 0x76, 0x0, 0xff,
    0xe3, 0x3e, 0x77, 0xfb, 0x69, 0x40, 0x22, 0xe8,
    0x31, 0x0, 0x12, 0xd3, 0x0, 0x30, 0x45, 0x3b,
    0xfd, 0x6e, 0x4e, 0x8, 0x21, 0xac, 0x40, 0x29,
    0x1a, 0x20, 0x40, 0x3, 0x0, 0xfe, 0x30, 0x0,
    0x80, 0x7f, 0x20, 0x2, 0x84, 0x3, 0xf0, 0xd0,
    0x27, 0xc0, 0x80, 0x7c, 0xb8, 0x42, 0xfd, 0x6a,
    0x1, 0xe3, 0xdb, 0x50, 0x4a, 0xd3, 0x0, 0xf2,
    0x57, 0x40, 0x96, 0x18, 0x7, 0xc2, 0xfe, 0x41,
    0x0, 0x1f, 0xc3, 0x60, 0x80, 0x1f, 0xe3, 0x0,
    0xff, 0xe0, 0x78, 0x10, 0x4c, 0x94, 0x80, 0x23,
    0xa5, 0x8, 0x3, 0x6a, 0xdf, 0xfb, 0x14, 0x21,
    0x42, 0x1d, 0x8, 0x40, 0x6, 0xfa, 0xe0, 0x0,

    /* U+015D "ŝ" */
    0x0, 0x97, 0xfd, 0x80, 0x1e, 0x3a, 0x2, 0x3a,
    0x0, 0xc7, 0x83, 0x9a, 0xcb, 0x40, 0x15, 0x3f,
    0x18, 0x4d, 0x82, 0x80, 0x26, 0x0, 0x32, 0x52,
    0x80, 0x4b, 0x7d, 0xfe, 0xc8, 0x30, 0x6, 0x52,
    0x8, 0x80, 0xde, 0x1, 0xcc, 0x73, 0xfb, 0xf6,
    0x3c, 0x34, 0x1c, 0xc0, 0x22, 0x74, 0x2, 0x4,
    0x20, 0xf, 0xa4, 0x4b, 0x64, 0xc0, 0x38, 0x7d,
    0x41, 0xb3, 0xc, 0x1, 0x86, 0xb5, 0xc4, 0xe7,
    0x48, 0x3, 0x14, 0x74, 0x89, 0x78, 0x7, 0xcd,
    0x80, 0x46, 0x1, 0xf1, 0x0, 0x4e, 0xc2, 0x1,
    0xc, 0x80, 0xf, 0x67, 0xb9, 0xbd, 0xc6, 0xa,
    0x8, 0x73, 0x12, 0x12, 0x6d, 0x50,

    /* U+015E "Ş" */
    0x0, 0x9f, 0x3b, 0xfd, 0xb4, 0xa0, 0x11, 0x74,
    0x18, 0x80, 0x9, 0x69, 0x80, 0x18, 0x22, 0x9d,
    0xfe, 0xb7, 0x27, 0x4, 0x10, 0xd6, 0x20, 0x14,
    0x8d, 0x10, 0x20, 0x1, 0x80, 0x7f, 0x18, 0x0,
    0x40, 0x3f, 0x90, 0x1, 0x42, 0x1, 0xf8, 0x68,
    0x13, 0xe0, 0x40, 0x3e, 0x5c, 0x21, 0x7e, 0xb5,
    0x0, 0xf1, 0xed, 0xa8, 0x25, 0x69, 0x80, 0x79,
    0x2b, 0xa0, 0x4b, 0xc, 0x3, 0xe1, 0x7f, 0x20,
    0x80, 0xf, 0xe1, 0xb0, 0x40, 0xf, 0xf1, 0x80,
    0x7f, 0xf0, 0x3c, 0x8, 0x26, 0x4a, 0x40, 0x11,
    0xd2, 0x84, 0x1, 0xb5, 0x6f, 0xfd, 0x8a, 0x10,
    0xa1, 0xe, 0x84, 0x20, 0x3, 0x7d, 0x70, 0x1,
    0x45, 0xee, 0x5, 0x64, 0x10, 0x7, 0xd0, 0x1c,
    0x60, 0x1f, 0xd7, 0x4b, 0x82, 0x1, 0xf8, 0x55,
    0xc1, 0x40, 0x3e, 0x66, 0x43, 0xa, 0x0, 0x7d,
    0x52, 0xcb, 0x80, 0x1c,

    /* U+015F "ş" */
    0x0, 0x2d, 0xf7, 0xfb, 0x20, 0xc0, 0x19, 0x48,
    0x22, 0x3, 0x78, 0x7, 0x31, 0xcf, 0xef, 0xd8,
    0xf0, 0xd0, 0x73, 0x0, 0x89, 0xd0, 0x8, 0x10,
    0x80, 0x3e, 0x91, 0x2d, 0x93, 0x0, 0xe1, 0xf5,
    0x6, 0xcc, 0x30, 0x6, 0x1a, 0xd7, 0x13, 0x9d,
    0x20, 0xc, 0x51, 0xd2, 0x25, 0xe0, 0x1f, 0x36,
    0x1, 0x18, 0x7, 0xc4, 0x1, 0x3b, 0x8, 0x4,
    0x32, 0x0, 0x3d, 0x9e, 0xe6, 0xf7, 0x18, 0x28,
    0x21, 0xc8, 0x48, 0x44, 0xda, 0xa0, 0x51, 0xbe,
    0xc3, 0xd2, 0x40, 0x1c, 0x2c, 0x10, 0x1, 0xf0,
    0xeb, 0xba, 0x40, 0x3e, 0x29, 0x5, 0x0, 0xe2,
    0x77, 0x58, 0x20, 0x7, 0x34, 0x41, 0xa2, 0x0,
    0x10,

    /* U+0160 "Š" */
    0x0, 0x3b, 0x0, 0x61, 0x76, 0x0, 0xc5, 0x38,
    0x20, 0x9f, 0x2a, 0x1, 0x96, 0x4f, 0xde, 0xc7,
    0x4c, 0x3, 0x99, 0xc6, 0x2, 0xcc, 0x3, 0xe8,
    0x83, 0xd2, 0x0, 0x7f, 0x3c, 0x28, 0x7, 0xff,
    0x25, 0xf3, 0xbf, 0xdb, 0x4a, 0x1, 0x17, 0x41,
    0x88, 0x0, 0x96, 0x98, 0x1, 0x82, 0x29, 0xdf,
    0xeb, 0x72, 0x70, 0x41, 0xd, 0x62, 0x1, 0x48,
    0xd1, 0x2, 0x0, 0x18, 0x7, 0xf1, 0x80, 0x4,
    0x3, 0xf9, 0x0, 0x14, 0x20, 0x1f, 0x86, 0x81,
    0x3e, 0x4, 0x3, 0xe5, 0xc2, 0x17, 0xeb, 0x50,
    0xf, 0x1e, 0xda, 0x82, 0x56, 0x98, 0x7, 0x92,
    0xba, 0x4, 0xb0, 0xc0, 0x3e, 0x17, 0xf2, 0x8,
    0x0, 0xfe, 0x1b, 0x4, 0x0, 0xff, 0x18, 0x7,
    0xff, 0x3, 0xc0, 0x82, 0x64, 0xa4, 0x1, 0x1d,
    0x28, 0x40, 0x1b, 0x56, 0xff, 0xd8, 0xa1, 0xa,
    0x10, 0xe8, 0x42, 0x0, 0x37, 0xd7, 0x0, 0x0,

    /* U+0161 "š" */
    0xd, 0xe4, 0x0, 0xd, 0x7b, 0x0, 0x30, 0xed,
    0xcf, 0xd6, 0x98, 0x0, 0x38, 0x51, 0x83, 0x4a,
    0x1, 0x87, 0xd5, 0x52, 0xa0, 0x1e, 0x2a, 0xa3,
    0x0, 0x79, 0x6f, 0xbf, 0xd9, 0x6, 0x0, 0xca,
    0x41, 0x10, 0x1b, 0xc0, 0x39, 0x8e, 0x7f, 0x7e,
    0xc7, 0x86, 0x83, 0x98, 0x4, 0x4e, 0x80, 0x40,
    0x84, 0x1, 0xf4, 0x89, 0x6c, 0x98, 0x7, 0xf,
    0xa8, 0x36, 0x61, 0x80, 0x30, 0xd6, 0xb8, 0x9c,
    0xe9, 0x0, 0x62, 0x8e, 0x91, 0x2f, 0x0, 0xf9,
    0xb0, 0x8, 0xc0, 0x3e, 0x20, 0x9, 0xd8, 0x40,
    0x21, 0x90, 0x1, 0xec, 0xf7, 0x37, 0xb8, 0xc1,
    0x41, 0xe, 0x62, 0x42, 0x4d, 0xaa, 0x0,

    /* U+0162 "Ţ" */
    0xbf, 0xff, 0xfe, 0x9, 0x0, 0x7f, 0xf0, 0xef,
    0xff, 0x80, 0x13, 0xff, 0xc4, 0x1, 0xff, 0xff,
    0x0, 0xff, 0xff, 0x80, 0x7f, 0xff, 0xc0, 0x3c,
    0xe0, 0xe0, 0x1f, 0xf0, 0xb9, 0x20, 0x7, 0xfc,
    0x36, 0xd5, 0x0, 0x1f, 0xf2, 0x58, 0x20, 0x7,
    0xf1, 0x3b, 0xac, 0x10, 0x3, 0xf9, 0xa2, 0xc,
    0xf0, 0x1, 0xc0,

    /* U+0163 "ţ" */
    0x0, 0xb6, 0xc0, 0x3c, 0x44, 0x0, 0xfa, 0x80,
    0x3c, 0x98, 0xe0, 0x9f, 0xf5, 0x93, 0x88, 0xa,
    0x24, 0x6d, 0x6e, 0xb, 0x77, 0x40, 0x7, 0xff,
    0xd4, 0x41, 0xc0, 0x3d, 0xa0, 0x6a, 0x1, 0xca,
    0x41, 0x5d, 0xcc, 0x0, 0xb1, 0x80, 0x41, 0x40,
    0x21, 0xd0, 0xce, 0x90, 0xd, 0x1, 0x24, 0x1,
    0xdb, 0x2b, 0x80, 0x1c, 0x2c, 0x82, 0x40, 0x13,
    0xba, 0x50, 0x88, 0x1, 0x4c, 0x3b, 0x60, 0x0,

    /* U+0164 "Ť" */
    0x0, 0xf, 0x69, 0x80, 0x55, 0xec, 0x1, 0xc3,
    0x87, 0x8a, 0x3a, 0xb0, 0xc0, 0x1e, 0x2d, 0xa,
    0xf2, 0x77, 0x0, 0x7e, 0x3a, 0x1, 0x48, 0x0,
    0xff, 0x2f, 0xfa, 0xc0, 0x3f, 0xf9, 0x37, 0xff,
    0xff, 0xc1, 0x20, 0xf, 0xfe, 0x1d, 0xff, 0xf0,
    0x2, 0x7f, 0xf8, 0x80, 0x3f, 0xff, 0xe0, 0x1f,
    0xff, 0xf0, 0xf, 0xff, 0xf8,

    /* U+0165 "ť" */
    0x0, 0xfe, 0x2f, 0xf0, 0x80, 0x7f, 0x30, 0x20,
    0x80, 0x48, 0x80, 0xd, 0x81, 0xe0, 0x1a, 0xfc,
    0x3, 0x22, 0x40, 0x13, 0x0, 0x7b, 0x6c, 0x0,
    0x97, 0x20, 0x9f, 0xf5, 0x88, 0x4, 0x40, 0x20,
    0x28, 0x91, 0x80, 0x66, 0xb7, 0x5, 0xbb, 0xa0,
    0x3, 0xff, 0xfe, 0x1, 0xff, 0xca, 0x10, 0x70,
    0xf, 0xf6, 0x81, 0xa8, 0x7, 0xf2, 0x90, 0x57,
    0x73, 0x0, 0x3e, 0xc6, 0x11, 0x2, 0x80, 0x60,

    /* U+0166 "Ŧ" */
    0xbf, 0xff, 0xfe, 0x9, 0x0, 0x7f, 0xf0, 0xef,
    0xff, 0x80, 0x13, 0xff, 0xc4, 0x1, 0xff, 0xff,
    0x0, 0x6f, 0xfc, 0x0, 0x9f, 0xf8, 0xc0, 0x30,
    0x8e, 0x0, 0x8, 0xe0, 0xe, 0xce, 0xe8, 0x1,
    0x1d, 0xd1, 0x80, 0x7f, 0xff, 0xc0, 0x3f, 0xfa,
    0x80,

    /* U+0167 "ŧ" */
    0x0, 0xb6, 0xc0, 0x3c, 0x44, 0x0, 0xfa, 0x80,
    0x3c, 0x98, 0xe0, 0x9f, 0xf5, 0x93, 0x88, 0xa,
    0x24, 0x6d, 0x6e, 0xb, 0x77, 0x40, 0x7, 0xff,
    0x19, 0xbd, 0x81, 0x3f, 0xe7, 0x24, 0x10, 0x14,
    0x48, 0x92, 0xdc, 0x16, 0xee, 0x50, 0xf, 0xfe,
    0x40, 0x83, 0x80, 0x7b, 0x80, 0xd4, 0x3, 0x98,
    0x82, 0xbb, 0x98, 0x1, 0x63, 0x8, 0x81, 0x40,

    /* U+0168 "Ũ" */
    0x0, 0xcf, 0x72, 0x20, 0x1, 0xc2, 0x0, 0xe8,
    0x82, 0x37, 0xb0, 0x41, 0x90, 0x7, 0x3b, 0x7d,
    0x4, 0xfb, 0x38, 0x7, 0x11, 0xd8, 0x2f, 0xb2,
    0x44, 0x0, 0x38, 0xb0, 0x80, 0x3, 0x36, 0xe0,
    0x1f, 0xfc, 0x7a, 0xfb, 0x0, 0xfe, 0xaf, 0xa0,
    0xf, 0xff, 0xf8, 0x7, 0xff, 0xfc, 0x3, 0xff,
    0x86, 0x60, 0xe0, 0x1f, 0xcc, 0x5, 0x80, 0x62,
    0x1, 0xf0, 0x98, 0x6a, 0x0, 0x2c, 0x3, 0xeb,
    0x1, 0x51, 0x90, 0x5b, 0x41, 0x1, 0x4b, 0x50,
    0xb0, 0x3, 0x40, 0x25, 0xf7, 0xf5, 0xa0, 0x4a,
    0x80, 0x4f, 0xac, 0x40, 0x1, 0x38, 0xe6, 0x0,
    0x0,

    /* U+0169 "ũ" */
    0x0, 0x4f, 0x7f, 0x6e, 0x63, 0xe4, 0x1, 0xc,
    0x64, 0x4, 0x64, 0xb2, 0x0, 0x8f, 0xdd, 0x77,
    0xfb, 0xa8, 0x3, 0xff, 0x85, 0xfe, 0x60, 0xf,
    0x3f, 0xe8, 0x7, 0xff, 0xfc, 0x3, 0xff, 0x8d,
    0xe0, 0x1, 0x1, 0x0, 0xf1, 0x80, 0x8, 0x30,
    0x3, 0x89, 0x0, 0x8, 0x8, 0xe0, 0x11, 0xf8,
    0x5, 0x24, 0x11, 0xfd, 0xf8, 0x72, 0x0, 0x1c,
    0x72, 0x1, 0x27, 0xf7, 0x0, 0x0,

    /* U+016A "Ū" */
    0x0, 0x97, 0xff, 0xe5, 0x0, 0xf0, 0x91, 0x7c,
    0x20, 0x1e, 0x4d, 0xdf, 0x90, 0x3, 0xff, 0x8d,
    0x5f, 0x60, 0x1f, 0xd5, 0xf4, 0x1, 0xff, 0xff,
    0x0, 0xff, 0xff, 0x80, 0x7f, 0xf0, 0xcc, 0x1c,
    0x3, 0xf9, 0x80, 0xb0, 0xc, 0x40, 0x3e, 0x13,
    0xd, 0x40, 0x5, 0x80, 0x7d, 0x60, 0x2a, 0x32,
    0xb, 0x68, 0x20, 0x29, 0x6a, 0x16, 0x0, 0x68,
    0x4, 0xbe, 0xfe, 0xb4, 0x9, 0x50, 0x9, 0xf5,
    0x88, 0x0, 0x27, 0x1c, 0xc0, 0x0,

    /* U+016B "ū" */
    0x0, 0x56, 0xef, 0xac, 0x3, 0x39, 0x17, 0x94,
    0x3, 0x6f, 0xff, 0xb8, 0x3, 0xff, 0x85, 0xfe,
    0x60, 0xf, 0x3f, 0xe8, 0x7, 0xff, 0xfc, 0x3,
    0xff, 0x8d, 0xe0, 0x1, 0x1, 0x0, 0xf1, 0x80,
    0x8, 0x30, 0x3, 0x89, 0x0, 0x8, 0x8, 0xe0,
    0x11, 0xf8, 0x5, 0x24, 0x11, 0xfd, 0xf8, 0x72,
    0x0, 0x1c, 0x72, 0x1, 0x27, 0xf7, 0x0, 0x0,

    /* U+016C "Ŭ" */
    0x0, 0x93, 0xc4, 0x3, 0x74, 0x0, 0x79, 0x42,
    0xc8, 0x6, 0x7, 0x0, 0x3c, 0x2e, 0xbb, 0xfc,
    0xea, 0x80, 0x1f, 0x45, 0x21, 0xa4, 0xd0, 0x7,
    0xf2, 0xde, 0x5b, 0x0, 0x7f, 0xf2, 0x2b, 0xec,
    0x3, 0xfa, 0xbe, 0x80, 0x3f, 0xff, 0xe0, 0x1f,
    0xff, 0xf0, 0xf, 0xfe, 0x19, 0x83, 0x80, 0x7f,
    0x30, 0x16, 0x1, 0x88, 0x7, 0xc2, 0x61, 0xa8,
    0x0, 0xb0, 0xf, 0xac, 0x5, 0x46, 0x41, 0x6d,
    0x4, 0x5, 0x2d, 0x42, 0xc0, 0xd, 0x0, 0x97,
    0xdf, 0xd6, 0x81, 0x2a, 0x1, 0x3e, 0xb1, 0x0,
    0x4, 0xe3, 0x98, 0x0,

    /* U+016D "ŭ" */
    0x0, 0x66, 0x0, 0x34, 0x78, 0x6, 0x93, 0xfd,
    0xd7, 0xbb, 0x0, 0x65, 0xa3, 0x31, 0x12, 0x64,
    0x1, 0xcb, 0x9d, 0xfa, 0xc0, 0x1f, 0xfc, 0x3f,
    0xf3, 0x0, 0x79, 0xff, 0x40, 0x3f, 0xff, 0xe0,
    0x1f, 0xfc, 0x6f, 0x0, 0x8, 0x8, 0x7, 0x8c,
    0x0, 0x41, 0x80, 0x1c, 0x48, 0x0, 0x40, 0x47,
    0x0, 0x8f, 0xc0, 0x29, 0x20, 0x8f, 0xef, 0xc3,
    0x90, 0x0, 0xe3, 0x90, 0x9, 0x3f, 0xb8, 0x0,

    /* U+016E "Ů" */
    0x0, 0xff, 0xe4, 0x26, 0xfe, 0xa8, 0x7, 0xf0,
    0xdb, 0xda, 0x51, 0x0, 0x7e, 0x50, 0x84, 0x90,
    0x70, 0xf, 0xca, 0xa, 0x2c, 0xc, 0x1, 0xf8,
    0x62, 0x1d, 0x2e, 0x60, 0x1f, 0xcf, 0xd9, 0xd0,
    0x1, 0xff, 0x9, 0x88, 0x7, 0xff, 0x26, 0xbe,
    0xc0, 0x3f, 0xab, 0xe8, 0x3, 0xff, 0xfe, 0x1,
    0xff, 0xff, 0x0, 0xff, 0xe1, 0x98, 0x38, 0x7,
    0xf3, 0x1, 0x60, 0x18, 0x80, 0x7c, 0x26, 0x1a,
    0x80, 0xb, 0x0, 0xfa, 0xc0, 0x54, 0x64, 0x16,
    0xd0, 0x40, 0x52, 0xd4, 0x2c, 0x0, 0xd0, 0x9,
    0x7d, 0xfd, 0x68, 0x12, 0xa0, 0x13, 0xeb, 0x10,
    0x0, 0x4e, 0x39, 0x80, 0x0,

    /* U+016F "ů" */
    0x0, 0xff, 0xe2, 0x57, 0xfa, 0x84, 0x3, 0xd0,
    0xb5, 0x44, 0xb0, 0xf, 0x1a, 0xac, 0xc8, 0x1,
    0xe2, 0x42, 0x22, 0x90, 0x7, 0xa0, 0xb7, 0x41,
    0xc0, 0x1e, 0x1c, 0xdd, 0x88, 0x3, 0xf1, 0x10,
    0x3, 0xbf, 0xcc, 0x1, 0xe7, 0xfd, 0x0, 0xff,
    0xff, 0x80, 0x7f, 0xf1, 0xbc, 0x0, 0x20, 0x20,
    0x1e, 0x30, 0x1, 0x6, 0x0, 0x71, 0x20, 0x1,
    0x1, 0x1c, 0x2, 0x3f, 0x0, 0xa4, 0x82, 0x3f,
    0xbf, 0xe, 0x40, 0x3, 0x8e, 0x40, 0x24, 0xfe,
    0xe0, 0x0,

    /* U+0170 "Ű" */
    0x0, 0xf8, 0x44, 0x0, 0x11, 0x0, 0x7e, 0xce,
    0xd0, 0x3e, 0xe3, 0x0, 0x79, 0x4c, 0x78, 0x20,
    0x19, 0x80, 0x1e, 0x80, 0xd2, 0x54, 0x44, 0x80,
    0x7a, 0xf, 0xc, 0x2d, 0x2c, 0x3, 0xe8, 0xe3,
    0x0, 0x75, 0x80, 0x7f, 0xf1, 0xeb, 0xec, 0x3,
    0xfa, 0xbe, 0x80, 0x3f, 0xff, 0xe0, 0x1f, 0xff,
    0xf0, 0xf, 0xfe, 0x19, 0x83, 0x80, 0x7f, 0x30,
    0x16, 0x1, 0x88, 0x7, 0xc2, 0x61, 0xa8, 0x0,
    0xb0, 0xf, 0xac, 0x5, 0x46, 0x41, 0x6d, 0x4,
    0x5, 0x2d, 0x42, 0xc0, 0xd, 0x0, 0x97, 0xdf,
    0xd6, 0x81, 0x2a, 0x1, 0x3e, 0xb1, 0x0, 0x4,
    0xe3, 0x98, 0x0,

    /* U+0171 "ű" */
    0x0, 0xc7, 0xfe, 0x50, 0x9f, 0xe0, 0xe, 0xf0,
    0x55, 0x13, 0x6, 0x80, 0x65, 0x34, 0xa0, 0xe0,
    0xa3, 0x0, 0x86, 0xd2, 0xc1, 0x8e, 0x54, 0x3,
    0xf, 0xd8, 0x1, 0xb9, 0x80, 0x2f, 0xf3, 0x8,
    0x6, 0x17, 0xfd, 0x0, 0xff, 0xff, 0x80, 0x7f,
    0xf3, 0xbc, 0x2, 0x10, 0x10, 0xf, 0x18, 0x4,
    0x41, 0x80, 0x1c, 0x48, 0x1, 0x20, 0x23, 0x80,
    0x47, 0xe0, 0x1a, 0x48, 0x23, 0xfb, 0xf0, 0xe4,
    0x2, 0x1c, 0x72, 0x1, 0x27, 0xf7, 0x0, 0x80,

    /* U+0172 "Ų" */
    0xaf, 0xb0, 0xf, 0xea, 0xfa, 0x0, 0xff, 0xff,
    0x80, 0x7f, 0xff, 0xc0, 0x3f, 0xf8, 0x66, 0xe,
    0x1, 0xfc, 0xc0, 0x58, 0x6, 0x20, 0x1f, 0x9,
    0x87, 0x20, 0x2, 0xc0, 0x3e, 0xb0, 0x3, 0x8c,
    0x82, 0xda, 0x8, 0xa, 0x5a, 0x84, 0x8, 0x34,
    0x2, 0x5f, 0x7f, 0x5a, 0x3, 0x38, 0x4, 0xfa,
    0xc4, 0x0, 0x11, 0x2, 0x48, 0x7, 0x14, 0xef,
    0xfb, 0x8c, 0x68, 0x3, 0xfe, 0x72, 0x81, 0x0,
    0xff, 0xb0, 0x10, 0x3, 0xff, 0x80, 0x20, 0x80,
    0x1f, 0xfc, 0xe, 0x9, 0xf8, 0x0, 0xff, 0x26,
    0x44, 0x28, 0x0,

    /* U+0173 "ų" */
    0xff, 0x30, 0x7, 0x9f, 0xf4, 0x3, 0xff, 0xfe,
    0x1, 0xff, 0xce, 0xf0, 0x8, 0x40, 0x40, 0x3c,
    0x60, 0x11, 0x6, 0x0, 0x71, 0x20, 0x4, 0x80,
    0x8e, 0x1, 0x1f, 0x80, 0x69, 0x20, 0x8f, 0xef,
    0xc3, 0x90, 0x8, 0x71, 0xc8, 0x4, 0x9f, 0xd0,
    0xc, 0x0, 0x31, 0xbf, 0xed, 0x81, 0xf2, 0xf0,
    0xf, 0xea, 0x2c, 0x10, 0xf, 0xc2, 0xa8, 0x20,
    0x1f, 0xc6, 0xc, 0x22, 0x0, 0xfc, 0x46, 0x5d,
    0xc1, 0x0, 0xfd, 0x93, 0x12, 0x20,

    /* U+0174 "Ŵ" */
    0x0, 0xff, 0x37, 0xfa, 0x40, 0x3f, 0xf8, 0xe7,
    0x20, 0x6, 0x60, 0x7, 0xff, 0x14, 0xb4, 0x2f,
    0x46, 0x54, 0x3, 0xff, 0x86, 0x38, 0x7a, 0x85,
    0xe9, 0x48, 0x1, 0xff, 0xc2, 0x1e, 0xd2, 0x0,
    0xd, 0xfa, 0x0, 0x7f, 0xf4, 0xe3, 0xf8, 0x3,
    0xe5, 0xff, 0x28, 0x7, 0xd7, 0xf7, 0x80, 0x24,
    0x1, 0xef, 0x0, 0x78, 0x7, 0xc8, 0x1a, 0x80,
    0x4, 0x0, 0xf2, 0x80, 0x14, 0x3, 0xc8, 0x0,
    0x40, 0x40, 0xc0, 0xe, 0x40, 0x22, 0x2, 0x0,
    0x76, 0x0, 0x90, 0x60, 0x20, 0x7, 0x68, 0x22,
    0x3, 0x40, 0x39, 0x1, 0xc0, 0x8, 0x2, 0x60,
    0x19, 0x3, 0x34, 0x1c, 0x3, 0x8c, 0x30, 0x0,
    0x62, 0x8, 0x1, 0x11, 0x1, 0x50, 0x4, 0xc0,
    0x24, 0x0, 0x20, 0x4, 0x81, 0x80, 0x12, 0x82,
    0x0, 0x14, 0x2c, 0x2, 0xd0, 0x31, 0x0, 0xbc,
    0x10, 0x2, 0xb0, 0xc0, 0x6, 0x2, 0x80, 0x48,
    0x8, 0x1, 0x90, 0x0, 0x60, 0x26, 0xa, 0x0,
    0x70, 0x22, 0x0, 0x90, 0x58, 0x6, 0x12, 0xb,
    0x4, 0x2, 0x20, 0x0, 0x4c, 0x14, 0x10, 0x0,
    0x60, 0x1c, 0xa0, 0x81, 0xe0, 0xa0, 0x1a, 0xc2,
    0xc3, 0x1, 0x0, 0x3d, 0x80, 0x60, 0x81, 0x60,
    0x19, 0x40, 0xc1, 0x3, 0x40, 0x3c, 0x80, 0x5,
    0x11, 0x18, 0x6, 0x22, 0x2, 0x90, 0x20, 0x7,
    0xc8, 0x1c, 0x8, 0x1, 0xe5, 0xe, 0x2, 0x20,
    0x7, 0xd8, 0x8, 0x1e, 0x1, 0xeb, 0x4, 0x4,
    0x0, 0xfc, 0x80, 0x12, 0x80, 0x78, 0xc4, 0x1,
    0x80, 0x1f, 0x8c, 0x41, 0x0, 0x3f, 0x38, 0x1,
    0x40, 0x30,

    /* U+0175 "ŵ" */
    0x0, 0xfc, 0xbf, 0xec, 0x0, 0xff, 0xe2, 0x25,
    0x1, 0x9a, 0xc0, 0x3f, 0xf8, 0x49, 0x67, 0xb8,
    0xe9, 0x60, 0x1f, 0xfc, 0x13, 0x9c, 0x20, 0x8d,
    0xc4, 0x0, 0xff, 0xe0, 0x3b, 0x0, 0x62, 0x74,
    0x0, 0xf4, 0xfe, 0x0, 0x71, 0x7f, 0xa8, 0x3,
    0x97, 0xfc, 0x18, 0x6, 0x1, 0xca, 0x0, 0x40,
    0xe, 0xc0, 0x40, 0x50, 0x2, 0x0, 0x6b, 0x2,
    0x13, 0x0, 0xc8, 0x18, 0x0, 0x30, 0xc0, 0x8,
    0x4c, 0x68, 0x2c, 0x2, 0x12, 0x5, 0x0, 0x58,
    0x28, 0x4, 0xe0, 0x88, 0x5, 0x0, 0x90, 0x4,
    0x80, 0x8, 0x4, 0x20, 0xd, 0xc, 0x30, 0x22,
    0x0, 0x3c, 0x10, 0x2, 0x31, 0x4, 0x0, 0x20,
    0x38, 0x28, 0x28, 0x1, 0x3, 0xc0, 0x32, 0x6,
    0x2, 0x81, 0x88, 0x60, 0x58, 0x10, 0x82, 0x0,
    0x6c, 0x4, 0xf, 0xb, 0x0, 0x38, 0x18, 0xa0,
    0x18, 0x80, 0x67, 0x2, 0x4, 0x5, 0x0, 0x9,
    0x82, 0x60, 0x20, 0x7, 0x9, 0x3, 0x9, 0x10,
    0x2, 0xb0, 0xc4, 0xb, 0x0, 0xf2, 0x5, 0x85,
    0x0, 0x65, 0x4, 0x10, 0x30, 0xf, 0x68, 0x10,
    0x28, 0x6, 0x22, 0x81, 0x0, 0x3e, 0x40, 0x1,
    0x10, 0x3, 0x94, 0x1, 0xa0, 0x18,

    /* U+0176 "Ŷ" */
    0x0, 0xe3, 0xff, 0x68, 0x7, 0xf8, 0x78, 0x4,
    0xa8, 0x3, 0xfb, 0x49, 0xfd, 0x16, 0x40, 0x3e,
    0xb2, 0xa8, 0x1b, 0x76, 0x80, 0xf, 0x5f, 0x28,
    0x5, 0x1f, 0x0, 0x1f, 0xfc, 0x6b, 0xfc, 0x0,
    0xfc, 0x3f, 0xe6, 0x90, 0x35, 0x0, 0xfa, 0x0,
    0x98, 0x98, 0x20, 0x3, 0xc4, 0xc1, 0x0, 0x8,
    0x2, 0x60, 0xe, 0x90, 0x35, 0x0, 0xb, 0x84,
    0x0, 0x63, 0x40, 0xf0, 0xd, 0x2, 0x27, 0x0,
    0xbc, 0x14, 0xc0, 0x3a, 0x2, 0x4, 0x10, 0xc2,
    0xc0, 0x3c, 0xc4, 0x12, 0x12, 0xe, 0x20, 0x1f,
    0x48, 0x3b, 0x88, 0x60, 0x3, 0xf2, 0x20, 0x20,
    0x20, 0x3, 0xfd, 0x20, 0x3, 0x60, 0xf, 0xf1,
    0x10, 0x10, 0x3, 0xff, 0xfe, 0x1, 0xff, 0xc9,

    /* U+0177 "ŷ" */
    0x0, 0xc3, 0xbf, 0xe3, 0x0, 0xfc, 0x3a, 0x48,
    0x1a, 0x60, 0x1e, 0x1d, 0x39, 0xbc, 0x3c, 0x40,
    0xe, 0x5b, 0xe6, 0x3, 0xd9, 0x30, 0xe, 0x47,
    0x10, 0xc, 0xce, 0x1, 0x67, 0xd0, 0x7, 0xcd,
    0xfe, 0x19, 0x5, 0x10, 0xf, 0x68, 0x20, 0xa8,
    0x83, 0x80, 0x70, 0xa0, 0x78, 0x1, 0x82, 0x80,
    0x39, 0x80, 0x50, 0x1, 0x40, 0x66, 0x0, 0xd4,
    0xc, 0x1, 0x12, 0x5, 0x0, 0x46, 0x41, 0x40,
    0x1b, 0x81, 0xc0, 0x2a, 0x3, 0x20, 0xc, 0xa2,
    0x25, 0x0, 0x38, 0x50, 0x7, 0x98, 0x38, 0x10,
    0x41, 0x80, 0x3d, 0x40, 0x83, 0xa0, 0xa0, 0x1f,
    0x12, 0x2, 0x38, 0x48, 0x7, 0xee, 0x8, 0x12,
    0x30, 0xf, 0xca, 0x24, 0x14, 0x1, 0xfe, 0x60,
    0x3, 0x0, 0x7f, 0x84, 0x10, 0x40, 0x3f, 0xcc,
    0x1c, 0x1, 0xfe, 0x80, 0x25, 0x0, 0xfe, 0x67,
    0x8, 0x0, 0xfa, 0xb7, 0xe4, 0x15, 0x40, 0x1f,
    0x19, 0x1, 0x45, 0x0, 0x7e,

    /* U+0178 "Ÿ" */
    0x0, 0x87, 0xb0, 0x0, 0x7d, 0x60, 0x1f, 0x28,
    0x98, 0x83, 0xa, 0x0, 0x7c, 0x93, 0x42, 0xb,
    0x16, 0x1, 0xf9, 0x94, 0x2, 0x74, 0x0, 0xff,
    0xe3, 0xdf, 0xe0, 0x7, 0xe1, 0xff, 0x34, 0x81,
    0xa8, 0x7, 0xd0, 0x4, 0xc4, 0xc1, 0x0, 0x1e,
    0x26, 0x8, 0x0, 0x40, 0x13, 0x0, 0x74, 0x81,
    0xa8, 0x0, 0x5c, 0x20, 0x3, 0x1a, 0x7, 0x80,
    0x68, 0x11, 0x38, 0x5, 0xe0, 0xa6, 0x1, 0xd0,
    0x10, 0x20, 0x86, 0x16, 0x1, 0xe6, 0x20, 0x90,
    0x90, 0x71, 0x0, 0xfa, 0x41, 0xdc, 0x43, 0x0,
    0x1f, 0x91, 0x1, 0x1, 0x0, 0x1f, 0xe9, 0x0,
    0x1b, 0x0, 0x7f, 0x88, 0x80, 0x80, 0x1f, 0xff,
    0xf0, 0xf, 0xfe, 0x48,

    /* U+0179 "Ź" */
    0x0, 0xfd, 0xbf, 0xc2, 0x1, 0xfc, 0xe4, 0x1a,
    0x20, 0x1f, 0x8a, 0x3, 0xc, 0x3, 0xfb, 0xc7,
    0xc, 0x3, 0xfd, 0xbc, 0x60, 0x1f, 0xfc, 0x8b,
    0xff, 0xff, 0xa4, 0x3, 0xff, 0x87, 0x7f, 0xff,
    0x98, 0x1, 0x0, 0x1f, 0xc6, 0xc1, 0x22, 0x1,
    0xfd, 0xc0, 0x8c, 0x1, 0xfd, 0x24, 0x34, 0x1,
    0xfc, 0x8c, 0x16, 0x20, 0x1f, 0x86, 0x81, 0x54,
    0x1, 0xfd, 0x62, 0x2a, 0x0, 0xfe, 0x55, 0x5,
    0x0, 0x7f, 0xd, 0x83, 0x20, 0x7, 0xf5, 0x9,
    0x48, 0x7, 0xf3, 0x20, 0x70, 0x7, 0xf1, 0x48,
    0x39, 0x80, 0x7f, 0x70, 0x1c, 0x0, 0x7f, 0x39,
    0x87, 0x80, 0x7f, 0xa0, 0x1, 0x9f, 0xff, 0xb4,
    0x3, 0xff, 0x84,

    /* U+017A "ź" */
    0x0, 0xe5, 0xff, 0x40, 0x7, 0x86, 0xc1, 0xe0,
    0x3, 0xda, 0x33, 0x0, 0x1e, 0x3b, 0xd6, 0x0,
    0xf8, 0xdc, 0x80, 0x3a, 0x3f, 0xff, 0x83, 0x91,
    0x3c, 0x20, 0x13, 0x5d, 0xf5, 0x0, 0x20, 0x3,
    0xea, 0x13, 0x70, 0xf, 0x32, 0x6, 0x80, 0x78,
    0xa4, 0x28, 0x40, 0x3d, 0xc0, 0xaa, 0x0, 0xf4,
    0x18, 0xd8, 0x7, 0x8d, 0xc2, 0x84, 0x3, 0xdc,
    0xc, 0x80, 0x1e, 0x92, 0x24, 0x80, 0x79, 0x18,
    0x38, 0x3, 0xea, 0x1, 0xfc, 0xcf, 0x10, 0x80,
    0x99, 0xfc, 0x20,

    /* U+017B "Ż" */
    0x0, 0xf2, 0x6b, 0x80, 0x7f, 0xde, 0x52, 0x1,
    0xff, 0x68, 0x30, 0x7, 0xfc, 0xdf, 0x0, 0x1f,
    0xfd, 0x6b, 0xff, 0xff, 0xa4, 0x3, 0xff, 0x87,
    0x7f, 0xff, 0x98, 0x1, 0x0, 0x1f, 0xc6, 0xc1,
    0x22, 0x1, 0xfd, 0xc0, 0x8c, 0x1, 0xfd, 0x24,
    0x34, 0x1, 0xfc, 0x8c, 0x16, 0x20, 0x1f, 0x86,
    0x81, 0x54, 0x1, 0xfd, 0x62, 0x2a, 0x0, 0xfe,
    0x55, 0x5, 0x0, 0x7f, 0xd, 0x83, 0x20, 0x7,
    0xf5, 0x9, 0x48, 0x7, 0xf3, 0x20, 0x70, 0x7,
    0xf1, 0x48, 0x39, 0x80, 0x7f, 0x70, 0x1c, 0x0,
    0x7f, 0x39, 0x87, 0x80, 0x7f, 0xa0, 0x1, 0x9f,
    0xff, 0xb4, 0x3, 0xff, 0x84,

    /* U+017C "ż" */
    0x0, 0xd9, 0xc6, 0x1, 0xf0, 0x98, 0xa0, 0x7,
    0xc2, 0xa6, 0xa0, 0x1f, 0xab, 0x8, 0x3, 0xff,
    0x87, 0x1f, 0xff, 0xc1, 0xc8, 0x9e, 0x10, 0x9,
    0xae, 0xfa, 0x80, 0x10, 0x1, 0xf5, 0x9, 0xb8,
    0x7, 0x99, 0x3, 0x40, 0x3c, 0x52, 0x14, 0x20,
    0x1e, 0xe0, 0x55, 0x0, 0x7a, 0xc, 0x6c, 0x3,
    0xc6, 0xe1, 0x42, 0x1, 0xee, 0x6, 0x40, 0xf,
    0x49, 0x12, 0x40, 0x3c, 0x8c, 0x1c, 0x1, 0xf5,
    0x0, 0xfe, 0x67, 0x88, 0x40, 0x4c, 0xfe, 0x10,

    /* U+017D "Ž" */
    0x0, 0xab, 0xd8, 0x2, 0x6f, 0xb0, 0xe, 0xa4,
    0x99, 0x4, 0xc9, 0x2c, 0x3, 0xd6, 0x6d, 0xcc,
    0x76, 0x1, 0xfb, 0x44, 0x6d, 0x0, 0xfe, 0x1e,
    0xfe, 0x10, 0xf, 0xfe, 0x3d, 0xff, 0xff, 0xd2,
    0x1, 0xff, 0xc3, 0xbf, 0xff, 0xcc, 0x0, 0x80,
    0xf, 0xe3, 0x60, 0x91, 0x0, 0xfe, 0xe0, 0x46,
    0x0, 0xfe, 0x92, 0x1a, 0x0, 0xfe, 0x46, 0xb,
    0x10, 0xf, 0xc3, 0x40, 0xaa, 0x0, 0xfe, 0xb1,
    0x15, 0x0, 0x7f, 0x2a, 0x82, 0x80, 0x3f, 0x86,
    0xc1, 0x90, 0x3, 0xfa, 0x84, 0xa4, 0x3, 0xf9,
    0x90, 0x38, 0x3, 0xf8, 0xa4, 0x1c, 0xc0, 0x3f,
    0xb8, 0xe, 0x0, 0x3f, 0x9c, 0xc3, 0xc0, 0x3f,
    0xd0, 0x0, 0xcf, 0xff, 0xda, 0x1, 0xff, 0xc2,

    /* U+017E "ž" */
    0x1e, 0xd3, 0x0, 0x15, 0xf9, 0x80, 0xf8, 0x63,
    0xae, 0xae, 0x18, 0x0, 0x70, 0xa2, 0x87, 0xc,
    0x3, 0xf, 0xc4, 0x34, 0x80, 0x3c, 0x4e, 0xe3,
    0x0, 0xd1, 0xff, 0xfc, 0x1c, 0x89, 0xe1, 0x0,
    0x9a, 0xef, 0xa8, 0x1, 0x0, 0x1f, 0x50, 0x9b,
    0x80, 0x79, 0x90, 0x34, 0x3, 0xc5, 0x21, 0x42,
    0x1, 0xee, 0x5, 0x50, 0x7, 0xa0, 0xc6, 0xc0,
    0x3c, 0x6e, 0x14, 0x20, 0x1e, 0xe0, 0x64, 0x0,
    0xf4, 0x91, 0x24, 0x3, 0xc8, 0xc1, 0xc0, 0x1f,
    0x50, 0xf, 0xe6, 0x78, 0x84, 0x4, 0xcf, 0xe1,

    /* U+017F "ſ" */
    0x1, 0x8d, 0xfe, 0xc3, 0xc, 0x72, 0x11, 0x19,
    0x39, 0x5, 0xf7, 0xe8, 0xe0, 0x2a, 0x0, 0x8,
    0x1c, 0x8, 0x3, 0xff, 0xfe, 0x1, 0xff, 0xde,

    /* U+1EA0 "Ạ" */
    0x0, 0xfb, 0xbe, 0x0, 0x3f, 0xf8, 0x2a, 0x20,
    0xc0, 0x1f, 0xfc, 0x19, 0x2, 0x15, 0x0, 0xff,
    0x88, 0xc6, 0x2, 0x40, 0x3f, 0xeb, 0x7, 0x51,
    0x32, 0x0, 0xff, 0x38, 0x58, 0x38, 0x58, 0x7,
    0xf2, 0x89, 0x90, 0x58, 0x38, 0x7, 0xf4, 0x84,
    0x80, 0x8, 0xc5, 0x40, 0x3e, 0x23, 0x15, 0x0,
    0xa4, 0x24, 0x3, 0xeb, 0x6, 0x0, 0xca, 0x26,
    0x40, 0x1e, 0x60, 0x7f, 0xfe, 0x10, 0xb0, 0xe,
    0x60, 0xf, 0xf3, 0x0, 0x75, 0x4, 0x77, 0x7c,
    0x20, 0xc0, 0x11, 0x98, 0x18, 0x47, 0xe6, 0xa,
    0x0, 0xa8, 0x14, 0x40, 0x3e, 0xa0, 0x32, 0x0,
    0x30, 0x70, 0x7, 0xe2, 0x30, 0xb0, 0x60, 0x14,
    0x0, 0xfe, 0xa0, 0x60, 0xa0, 0x60, 0xf, 0xf3,
    0x0, 0x1b, 0x3e, 0x0, 0x3f, 0xef, 0xf3, 0x0,
    0x7f, 0xf3, 0x27, 0xd8, 0x3, 0xff, 0x84, 0xe1,
    0xa0, 0x1f, 0xfc, 0x29, 0x2f, 0x0, 0xf8,

    /* U+1EA1 "ạ" */
    0x0, 0x14, 0x67, 0x7f, 0x62, 0x80, 0x43, 0xae,
    0x60, 0x42, 0x75, 0x20, 0x1, 0x79, 0xee, 0x6f,
    0xb0, 0x31, 0x0, 0x21, 0x84, 0x2, 0x91, 0x4,
    0x0, 0xfe, 0x20, 0x10, 0x8, 0x95, 0xe2, 0x64,
    0x40, 0x11, 0x66, 0xd4, 0x3b, 0x30, 0x40, 0x5,
    0xa6, 0x6a, 0xef, 0xf8, 0xc0, 0x16, 0x3, 0xaa,
    0x20, 0x1e, 0x50, 0x41, 0x0, 0xe2, 0x0, 0x38,
    0x7, 0xca, 0x20, 0x3, 0x5, 0x40, 0x9, 0xe8,
    0x2, 0x91, 0xb, 0xed, 0xf8, 0x68, 0x0, 0xf,
    0xb9, 0x9, 0x9a, 0xa4, 0xc0, 0x21, 0x8d, 0xfe,
    0xc5, 0x4, 0xf7, 0x0, 0xe9, 0xd3, 0x0, 0xfe,
    0x62, 0xa0, 0xf, 0xe5, 0xd, 0x0, 0xc0,

    /* U+1EA2 "Ả" */
    0x0, 0xf8, 0x40, 0x3f, 0xf8, 0x6f, 0xdf, 0xaa,
    0x1, 0xff, 0xc0, 0x5b, 0x93, 0xa1, 0x0, 0xff,
    0x89, 0x19, 0xc0, 0xc0, 0x3f, 0xf8, 0x7, 0x2c,
    0x44, 0x0, 0xff, 0xe0, 0x5b, 0x3e, 0x80, 0x7f,
    0xf0, 0x7c, 0x20, 0x3, 0xff, 0x84, 0xfe, 0x1,
    0xff, 0xc3, 0xef, 0x80, 0xf, 0xfe, 0xa, 0x88,
    0x30, 0x7, 0xff, 0x6, 0x40, 0x85, 0x40, 0x3f,
    0xe2, 0x31, 0x80, 0x90, 0xf, 0xfa, 0xc1, 0xd4,
    0x4c, 0x80, 0x3f, 0xce, 0x16, 0xe, 0x16, 0x1,
    0xfc, 0xa2, 0x64, 0x16, 0xe, 0x1, 0xfd, 0x21,
    0x20, 0x2, 0x31, 0x50, 0xf, 0x88, 0xc5, 0x40,
    0x29, 0x9, 0x0, 0xfa, 0xc1, 0x80, 0x32, 0x89,
    0x90, 0x7, 0x98, 0x1f, 0xff, 0x84, 0x2c, 0x3,
    0x98, 0x3, 0xfc, 0xc0, 0x1d, 0x41, 0x1d, 0xdf,
    0x8, 0x30, 0x4, 0x66, 0x6, 0x11, 0xf9, 0x82,
    0x80, 0x2a, 0x5, 0x10, 0xf, 0xa8, 0xc, 0x80,
    0xc, 0x1c, 0x1, 0xf8, 0x8c, 0x2c, 0x18, 0x5,
    0x0, 0x3f, 0xa8, 0x18, 0x28, 0x18, 0x3, 0xfc,
    0xc0, 0x6,

    /* U+1EA3 "ả" */
    0x0, 0xe1, 0x0, 0xff, 0x47, 0x7e, 0xa0, 0x7,
    0xd7, 0x69, 0x3b, 0x0, 0xf8, 0xd1, 0x94, 0x4,
    0x3, 0xe4, 0xa4, 0x40, 0x80, 0x7d, 0xab, 0x56,
    0x1, 0xfb, 0x8d, 0x40, 0x3f, 0x9f, 0x0, 0x3e,
    0x28, 0xce, 0xfe, 0xc5, 0x0, 0x87, 0x5c, 0xc0,
    0x84, 0xea, 0x40, 0x2, 0xf3, 0xdc, 0xdf, 0x60,
    0x62, 0x0, 0x43, 0x8, 0x5, 0x22, 0x8, 0x1,
    0xfc, 0x40, 0x20, 0x11, 0x2b, 0xc4, 0xc8, 0x80,
    0x22, 0xcd, 0xa8, 0x76, 0x60, 0x80, 0xb, 0x4c,
    0xd5, 0xdf, 0xf1, 0x80, 0x2c, 0x7, 0x54, 0x40,
    0x3c, 0xa0, 0x82, 0x1, 0xc4, 0x0, 0x70, 0xf,
    0x94, 0x40, 0x6, 0xa, 0x80, 0x13, 0xd0, 0x5,
    0x22, 0x17, 0xdb, 0xf0, 0xd0, 0x0, 0x1f, 0x72,
    0x13, 0x35, 0x49, 0x80, 0x0,

    /* U+1EA4 "Ấ" */
    0x0, 0xff, 0xe0, 0x3f, 0xe8, 0x7, 0xe1, 0x78,
    0x50, 0x19, 0x1f, 0x0, 0xfd, 0x50, 0xf4, 0x96,
    0x18, 0x40, 0x1f, 0x4a, 0x1b, 0x85, 0x47, 0x10,
    0x7, 0xcc, 0xc8, 0xc8, 0xd5, 0xc1, 0x0, 0xfc,
    0xde, 0xe0, 0x2, 0xbe, 0x10, 0xf, 0xfe, 0x87,
    0x7c, 0x0, 0x7f, 0xf0, 0x54, 0x41, 0x80, 0x3f,
    0xf8, 0x32, 0x4, 0x2a, 0x1, 0xff, 0x11, 0x8c,
    0x4, 0x80, 0x7f, 0xd6, 0xe, 0xa2, 0x64, 0x1,
    0xfe, 0x70, 0xb0, 0x70, 0xb0, 0xf, 0xe5, 0x13,
    0x20, 0xb0, 0x70, 0xf, 0xe9, 0x9, 0x0, 0x11,
    0x8a, 0x80, 0x7c, 0x46, 0x2a, 0x1, 0x48, 0x48,
    0x7, 0xd6, 0xc, 0x1, 0x94, 0x4c, 0x80, 0x3c,
    0xc0, 0xff, 0xfc, 0x21, 0x60, 0x1c, 0xc0, 0x1f,
    0xe6, 0x0, 0xea, 0x8, 0xee, 0xf8, 0x41, 0x80,
    0x23, 0x30, 0x30, 0x8f, 0xcc, 0x14, 0x1, 0x50,
    0x28, 0x80, 0x7d, 0x40, 0x64, 0x0, 0x60, 0xe0,
    0xf, 0xc4, 0x61, 0x60, 0xc0, 0x28, 0x1, 0xfd,
    0x40, 0xc1, 0x40, 0xc0, 0x1f, 0xe6, 0x0, 0x30,

    /* U+1EA5 "ấ" */
    0x0, 0xff, 0x3f, 0xe8, 0x7, 0xf8, 0x64, 0x7c,
    0x3, 0x9b, 0xfd, 0x81, 0x1, 0xa4, 0x1, 0x8e,
    0x45, 0xe, 0xa3, 0xcc, 0x3, 0x16, 0x9e, 0x5c,
    0x2c, 0x88, 0x7, 0x3c, 0x61, 0x3, 0xe7, 0x88,
    0x7, 0x2b, 0x0, 0x63, 0x71, 0x0, 0xe2, 0x8c,
    0xef, 0xec, 0x50, 0xe, 0x1d, 0x73, 0x2, 0x13,
    0xa9, 0x0, 0xc2, 0xf3, 0xdc, 0xdf, 0x60, 0x62,
    0x0, 0xd0, 0xc2, 0x1, 0x48, 0x82, 0x0, 0x7f,
    0xc4, 0x2, 0x1, 0xc4, 0xaf, 0x13, 0x22, 0x0,
    0xe2, 0xcd, 0xa8, 0x76, 0x60, 0x80, 0x62, 0xd3,
    0x35, 0x77, 0xfc, 0x60, 0x1a, 0xc0, 0x75, 0x44,
    0x3, 0xf2, 0x82, 0x8, 0x7, 0x10, 0x6, 0x70,
    0xf, 0x94, 0x40, 0x31, 0x82, 0xa0, 0x4, 0xf4,
    0x1, 0xd2, 0x21, 0x7d, 0xbf, 0xd, 0x0, 0x18,
    0x7d, 0xc8, 0x4c, 0xd5, 0x26, 0x1, 0x80,

    /* U+1EA6 "Ầ" */
    0x5, 0xfe, 0x0, 0xff, 0xe1, 0x2c, 0xc, 0x0,
    0xbc, 0x28, 0x7, 0xf3, 0xc3, 0x9d, 0x43, 0xd2,
    0x0, 0x7f, 0x3f, 0xd2, 0x1b, 0x85, 0x10, 0x7,
    0xf3, 0xb4, 0x64, 0x69, 0x60, 0x80, 0x7e, 0x7f,
    0x70, 0x1, 0x67, 0x8, 0x7, 0xff, 0x43, 0xbe,
    0x0, 0x3f, 0xf8, 0x2a, 0x20, 0xc0, 0x1f, 0xfc,
    0x19, 0x2, 0x15, 0x0, 0xff, 0x88, 0xc6, 0x2,
    0x40, 0x3f, 0xeb, 0x7, 0x51, 0x32, 0x0, 0xff,
    0x38, 0x58, 0x38, 0x58, 0x7, 0xf2, 0x89, 0x90,
    0x58, 0x38, 0x7, 0xf4, 0x84, 0x80, 0x8, 0xc5,
    0x40, 0x3e, 0x23, 0x15, 0x0, 0xa4, 0x24, 0x3,
    0xeb, 0x6, 0x0, 0xca, 0x26, 0x40, 0x1e, 0x60,
    0x7f, 0xfe, 0x10, 0xb0, 0xe, 0x60, 0xf, 0xf3,
    0x0, 0x75, 0x4, 0x77, 0x7c, 0x20, 0xc0, 0x11,
    0x98, 0x18, 0x47, 0xe6, 0xa, 0x0, 0xa8, 0x14,
    0x40, 0x3e, 0xa0, 0x32, 0x0, 0x30, 0x70, 0x7,
    0xe2, 0x30, 0xb0, 0x60, 0x14, 0x0, 0xfe, 0xa0,
    0x60, 0xa0, 0x60, 0xf, 0xf3, 0x0, 0x18,

    /* U+1EA7 "ầ" */
    0x5f, 0xe0, 0xf, 0xf2, 0xb8, 0xb8, 0x7, 0xfa,
    0x1e, 0x9, 0x7f, 0xda, 0x1, 0xe8, 0xe1, 0xa1,
    0x52, 0xb0, 0xf, 0x1e, 0x96, 0x54, 0xa4, 0x80,
    0x73, 0x46, 0x90, 0x36, 0xf0, 0x80, 0x64, 0x60,
    0xc, 0x4e, 0x20, 0x18, 0xa3, 0x3b, 0xfb, 0x14,
    0x3, 0xe, 0xb9, 0x81, 0x9, 0xd4, 0x80, 0x42,
    0xf3, 0xdc, 0xdf, 0x60, 0x62, 0x0, 0xa1, 0x84,
    0x2, 0x91, 0x4, 0x0, 0xff, 0x10, 0x8, 0x6,
    0x25, 0x78, 0x99, 0x10, 0x6, 0x2c, 0xda, 0x87,
    0x66, 0x8, 0x4, 0x5a, 0x66, 0xae, 0xff, 0x8c,
    0x2, 0xb0, 0x1d, 0x51, 0x0, 0xf9, 0x41, 0x4,
    0x3, 0x88, 0x2, 0x70, 0xf, 0x94, 0x40, 0x23,
    0x5, 0x40, 0x9, 0xe8, 0x3, 0x48, 0x85, 0xf6,
    0xfc, 0x34, 0x0, 0x43, 0xee, 0x42, 0x66, 0xa9,
    0x30, 0x0,

    /* U+1EA8 "Ẩ" */
    0x0, 0xff, 0x1f, 0x6b, 0x80, 0x7f, 0xf0, 0x4f,
    0x2e, 0x8, 0x3, 0xff, 0x82, 0x40, 0x1f, 0xf0,
    0xc4, 0x10, 0x26, 0x28, 0x80, 0x3f, 0x6b, 0xba,
    0x87, 0xd9, 0x40, 0x3f, 0x41, 0xa3, 0x8e, 0xb4,
    0x0, 0x7e, 0x57, 0x6b, 0x89, 0x39, 0x0, 0xff,
    0x54, 0x80, 0x1b, 0x38, 0x3, 0xf9, 0x54, 0x1,
    0x8d, 0xc0, 0x3f, 0xf8, 0x1d, 0xf0, 0x1, 0xff,
    0xc1, 0x51, 0x6, 0x0, 0xff, 0xe0, 0xc8, 0x10,
    0xa8, 0x7, 0xfc, 0x46, 0x30, 0x12, 0x1, 0xff,
    0x58, 0x3a, 0x89, 0x90, 0x7, 0xf9, 0xc2, 0xc1,
    0xc2, 0xc0, 0x3f, 0x94, 0x4c, 0x82, 0xc1, 0xc0,
    0x3f, 0xa4, 0x24, 0x0, 0x46, 0x2a, 0x1, 0xf1,
    0x18, 0xa8, 0x5, 0x21, 0x20, 0x1f, 0x58, 0x30,
    0x6, 0x51, 0x32, 0x0, 0xf3, 0x3, 0xff, 0xf0,
    0x85, 0x80, 0x73, 0x0, 0x7f, 0x98, 0x3, 0xa8,
    0x23, 0xbb, 0xe1, 0x6, 0x0, 0x8c, 0xc0, 0xc2,
    0x3f, 0x30, 0x50, 0x5, 0x40, 0xa2, 0x1, 0xf5,
    0x1, 0x90, 0x1, 0x83, 0x80, 0x3f, 0x11, 0x85,
    0x83, 0x0, 0xa0, 0x7, 0xf5, 0x3, 0x5, 0x3,
    0x0, 0x7f, 0x98, 0x0, 0xc0,

    /* U+1EA9 "ẩ" */
    0x0, 0xfe, 0xed, 0x80, 0xf, 0xf6, 0x4b, 0xa8,
    0x7, 0xf1, 0x20, 0x18, 0x7, 0xf1, 0xea, 0x30,
    0x6, 0x4f, 0xf6, 0x8b, 0x5, 0x80, 0x62, 0xb0,
    0x42, 0xa4, 0xf0, 0xc, 0x38, 0x5b, 0x72, 0x96,
    0x40, 0x19, 0x67, 0x48, 0x1b, 0x74, 0x20, 0x19,
    0x1c, 0x3, 0x13, 0x88, 0x6, 0x28, 0xce, 0xfe,
    0xc5, 0x0, 0xc3, 0xae, 0x60, 0x42, 0x75, 0x20,
    0x10, 0xbc, 0xf7, 0x37, 0xd8, 0x18, 0x80, 0x28,
    0x61, 0x0, 0xa4, 0x41, 0x0, 0x3f, 0xc4, 0x2,
    0x1, 0x89, 0x5e, 0x26, 0x44, 0x1, 0x8b, 0x36,
    0xa1, 0xd9, 0x82, 0x1, 0x16, 0x99, 0xab, 0xbf,
    0xe3, 0x0, 0xac, 0x7, 0x54, 0x40, 0x3e, 0x50,
    0x41, 0x0, 0xe2, 0x0, 0x9c, 0x3, 0xe5, 0x10,
    0x8, 0xc1, 0x50, 0x2, 0x7a, 0x0, 0xd2, 0x21,
    0x7d, 0xbf, 0xd, 0x0, 0x10, 0xfb, 0x90, 0x99,
    0xaa, 0x4c, 0x2,

    /* U+1EAA "Ẫ" */
    0x0, 0xe9, 0xfc, 0x40, 0x7, 0x28, 0x7, 0xe5,
    0x65, 0x1b, 0xb8, 0x50, 0x3, 0xf7, 0xb5, 0x6c,
    0xaa, 0xa8, 0x40, 0x3f, 0x54, 0x81, 0x96, 0x72,
    0x80, 0x7f, 0xcf, 0x97, 0xa4, 0x1, 0xff, 0x34,
    0x1d, 0xe, 0x8, 0x7, 0xf2, 0xcc, 0x62, 0xfa,
    0xe0, 0x80, 0x7e, 0x5f, 0x70, 0x0, 0xde, 0x88,
    0x7, 0xff, 0x43, 0xbe, 0x0, 0x3f, 0xf8, 0x2a,
    0x20, 0xc0, 0x1f, 0xfc, 0x19, 0x2, 0x15, 0x0,
    0xff, 0x88, 0xc6, 0x2, 0x40, 0x3f, 0xeb, 0x7,
    0x51, 0x32, 0x0, 0xff, 0x38, 0x58, 0x38, 0x58,
    0x7, 0xf2, 0x89, 0x90, 0x58, 0x38, 0x7, 0xf4,
    0x84, 0x80, 0x8, 0xc5, 0x40, 0x3e, 0x23, 0x15,
    0x0, 0xa4, 0x24, 0x3, 0xeb, 0x6, 0x0, 0xca,
    0x26, 0x40, 0x1e, 0x60, 0x7f, 0xfe, 0x10, 0xb0,
    0xe, 0x60, 0xf, 0xf3, 0x0, 0x75, 0x4, 0x77,
    0x7c, 0x20, 0xc0, 0x11, 0x98, 0x18, 0x47, 0xe6,
    0xa, 0x0, 0xa8, 0x14, 0x40, 0x3e, 0xa0, 0x32,
    0x0, 0x30, 0x70, 0x7, 0xe2, 0x30, 0xb0, 0x60,
    0x14, 0x0, 0xfe, 0xa0, 0x60, 0xa0, 0x60, 0xf,
    0xf3, 0x0, 0x18,

    /* U+1EAB "ẫ" */
    0x0, 0xa7, 0xf0, 0xc0, 0x1e, 0x80, 0x13, 0x34,
    0x39, 0x78, 0x28, 0x1, 0x6b, 0xce, 0xc2, 0x95,
    0x0, 0x6b, 0x80, 0x3, 0xf7, 0x10, 0x3, 0xcd,
    0xfe, 0xd1, 0x0, 0xf2, 0xc9, 0xb9, 0x68, 0x7,
    0x2d, 0x3e, 0x46, 0x6, 0x0, 0x65, 0xf8, 0x0,
    0x1e, 0x68, 0x7, 0xfc, 0x20, 0x18, 0xa3, 0x3b,
    0xfb, 0x14, 0x2, 0x1d, 0x73, 0x2, 0x13, 0xa9,
    0x0, 0xb, 0xcf, 0x73, 0x7d, 0x81, 0x88, 0x1,
    0xc, 0x20, 0x14, 0x88, 0x20, 0x7, 0xf1, 0x0,
    0x80, 0x44, 0xaf, 0x13, 0x22, 0x0, 0x8b, 0x36,
    0xa1, 0xd9, 0x82, 0x0, 0x2d, 0x33, 0x57, 0x7f,
    0xc6, 0x0, 0xb0, 0x1d, 0x51, 0x0, 0xf2, 0x82,
    0x8, 0x7, 0x10, 0x1, 0xc0, 0x3e, 0x51, 0x0,
    0x18, 0x2a, 0x0, 0x4f, 0x40, 0x14, 0x88, 0x5f,
    0x6f, 0xc3, 0x40, 0x0, 0x7d, 0xc8, 0x4c, 0xd5,
    0x26, 0x0,

    /* U+1EAC "Ậ" */
    0x0, 0xf2, 0x7f, 0xb0, 0x3, 0xff, 0x80, 0x34,
    0x2, 0x72, 0x1, 0xfe, 0x1c, 0x18, 0xf3, 0x68,
    0x0, 0xfe, 0xd3, 0xb7, 0x1c, 0x67, 0x70, 0x7,
    0xec, 0xe4, 0x0, 0xa7, 0xdc, 0x3, 0xff, 0xa1,
    0xdf, 0x0, 0x1f, 0xfc, 0x15, 0x10, 0x60, 0xf,
    0xfe, 0xc, 0x81, 0xa, 0x80, 0x7f, 0xc4, 0x63,
    0x1, 0x20, 0x1f, 0xf5, 0x83, 0xa8, 0x99, 0x0,
    0x7f, 0x9c, 0x2c, 0x1c, 0x2c, 0x3, 0xf9, 0x44,
    0xc8, 0x2c, 0x1c, 0x3, 0xfa, 0x42, 0x40, 0x4,
    0x62, 0xa0, 0x1f, 0x11, 0x8a, 0x80, 0x52, 0x12,
    0x1, 0xf5, 0x83, 0x0, 0x65, 0x13, 0x20, 0xf,
    0x30, 0x3f, 0xff, 0x8, 0x58, 0x7, 0x30, 0x7,
    0xf9, 0x80, 0x3a, 0x82, 0x3b, 0xbe, 0x10, 0x60,
    0x8, 0xcc, 0xc, 0x23, 0xf3, 0x5, 0x0, 0x54,
    0xa, 0x20, 0x1f, 0x50, 0x19, 0x0, 0x18, 0x38,
    0x3, 0xf1, 0x18, 0x58, 0x30, 0xa, 0x0, 0x7f,
    0x50, 0x30, 0x50, 0x30, 0x7, 0xf9, 0x80, 0xd,
    0x9f, 0x0, 0x1f, 0xf7, 0xf9, 0x80, 0x3f, 0xf9,
    0x93, 0xec, 0x1, 0xff, 0xc2, 0x70, 0xd0, 0xf,
    0xfe, 0x14, 0x97, 0x80, 0x7c,

    /* U+1EAD "ậ" */
    0x0, 0xc9, 0xfe, 0xd0, 0xf, 0x8a, 0x80, 0xca,
    0xc0, 0x38, 0xf0, 0x2f, 0x1d, 0x2c, 0x3, 0x5b,
    0x7a, 0x4, 0x61, 0x30, 0x5, 0x10, 0x10, 0x8,
    0xe5, 0x80, 0x22, 0x8c, 0xef, 0xec, 0x50, 0x8,
    0x75, 0xcc, 0x8, 0x4e, 0xa4, 0x0, 0x2f, 0x3d,
    0xcd, 0xf6, 0x6, 0x20, 0x4, 0x30, 0x80, 0x52,
    0x20, 0x80, 0x1f, 0xc4, 0x2, 0x1, 0x12, 0xbc,
    0x4c, 0x88, 0x2, 0x2c, 0xda, 0x87, 0x66, 0x8,
    0x0, 0xb4, 0xcd, 0x5d, 0xff, 0x18, 0x2, 0xc0,
    0x75, 0x44, 0x3, 0xca, 0x8, 0x20, 0x1c, 0x40,
    0x7, 0x0, 0xf9, 0x44, 0x0, 0x60, 0xa8, 0x1,
    0x3d, 0x0, 0x52, 0x21, 0x7d, 0xbf, 0xd, 0x0,
    0x1, 0xf7, 0x21, 0x33, 0x54, 0x98, 0x4, 0x31,
    0xbf, 0xd8, 0xa0, 0x9e, 0xe0, 0x1d, 0x58, 0x40,
    0x1f, 0x8d, 0x4d, 0x0, 0x3f, 0x19, 0x85, 0x0,
    0x30,

    /* U+1EAE "Ắ" */
    0x0, 0xfc, 0x5f, 0xe2, 0x0, 0xff, 0xe0, 0xc8,
    0x59, 0x0, 0x7f, 0xf0, 0x15, 0x2d, 0x0, 0x3f,
    0xcd, 0xe2, 0xbe, 0x8f, 0xe0, 0x1f, 0xce, 0x3d,
    0x76, 0xd8, 0x60, 0xf, 0xe1, 0xc5, 0x52, 0x4,
    0x48, 0x7, 0xf8, 0xab, 0xbf, 0x5c, 0x3, 0xff,
    0xa5, 0xdf, 0x0, 0x1f, 0xfc, 0x15, 0x10, 0x60,
    0xf, 0xfe, 0xc, 0x81, 0xa, 0x80, 0x7f, 0xc4,
    0x63, 0x1, 0x20, 0x1f, 0xf5, 0x83, 0xa8, 0x99,
    0x0, 0x7f, 0x9c, 0x2c, 0x1c, 0x2c, 0x3, 0xf9,
    0x44, 0xc8, 0x2c, 0x1c, 0x3, 0xfa, 0x42, 0x40,
    0x4, 0x62, 0xa0, 0x1f, 0x11, 0x8a, 0x80, 0x52,
    0x12, 0x1, 0xf5, 0x83, 0x0, 0x65, 0x13, 0x20,
    0xf, 0x30, 0x3f, 0xff, 0x8, 0x58, 0x7, 0x30,
    0x7, 0xf9, 0x80, 0x3a, 0x82, 0x3b, 0xbe, 0x10,
    0x60, 0x8, 0xcc, 0xc, 0x23, 0xf3, 0x5, 0x0,
    0x54, 0xa, 0x20, 0x1f, 0x50, 0x19, 0x0, 0x18,
    0x38, 0x3, 0xf1, 0x18, 0x58, 0x30, 0xa, 0x0,
    0x7f, 0x50, 0x30, 0x50, 0x30, 0x7, 0xf9, 0x80,
    0xc,

    /* U+1EAF "ắ" */
    0x0, 0xf1, 0xff, 0x8, 0x7, 0xef, 0xa, 0x10,
    0xf, 0x98, 0xed, 0x0, 0x39, 0xfc, 0x5b, 0xd2,
    0x3c, 0x3, 0x30, 0x7d, 0xdb, 0x5d, 0xc0, 0x18,
    0x71, 0x54, 0x81, 0x10, 0x0, 0xe3, 0xbe, 0xfd,
    0x70, 0xf, 0xfe, 0x29, 0x46, 0x77, 0xf6, 0x28,
    0x4, 0x3a, 0xe6, 0x4, 0x27, 0x52, 0x0, 0x17,
    0x9e, 0xe6, 0xfb, 0x3, 0x10, 0x2, 0x18, 0x40,
    0x29, 0x10, 0x40, 0xf, 0xe2, 0x1, 0x0, 0x89,
    0x5e, 0x26, 0x44, 0x1, 0x16, 0x6d, 0x43, 0xb3,
    0x4, 0x0, 0x5a, 0x66, 0xae, 0xff, 0x8c, 0x1,
    0x60, 0x3a, 0xa2, 0x1, 0xe5, 0x4, 0x10, 0xe,
    0x20, 0x3, 0x80, 0x7c, 0xa2, 0x0, 0x30, 0x54,
    0x0, 0x9e, 0x80, 0x29, 0x10, 0xbe, 0xdf, 0x86,
    0x80, 0x0, 0xfb, 0x90, 0x99, 0xaa, 0x4c, 0x0,

    /* U+1EB0 "Ằ" */
    0x0, 0xea, 0xfa, 0x0, 0xff, 0xe1, 0x51, 0xa9,
    0x0, 0x7f, 0xf0, 0xb1, 0x38, 0x3, 0xff, 0x80,
    0xde, 0x37, 0x80, 0xfe, 0x1, 0xfc, 0xe3, 0xd7,
    0x6d, 0x86, 0x0, 0xfe, 0x1c, 0x45, 0x40, 0x89,
    0x0, 0xff, 0x15, 0xf7, 0xeb, 0x80, 0x7f, 0xf4,
    0xbb, 0xe0, 0x3, 0xff, 0x82, 0xa2, 0xc, 0x1,
    0xff, 0xc1, 0x90, 0x21, 0x50, 0xf, 0xf8, 0x8c,
    0x60, 0x24, 0x3, 0xfe, 0xb0, 0x75, 0x13, 0x20,
    0xf, 0xf3, 0x85, 0x83, 0x85, 0x80, 0x7f, 0x28,
    0x99, 0x5, 0x83, 0x80, 0x7f, 0x48, 0x48, 0x0,
    0x8c, 0x54, 0x3, 0xe2, 0x31, 0x50, 0xa, 0x42,
    0x40, 0x3e, 0xb0, 0x60, 0xc, 0xa2, 0x64, 0x1,
    0xe6, 0x7, 0xff, 0xe1, 0xb, 0x0, 0xe6, 0x0,
    0xff, 0x30, 0x7, 0x50, 0x47, 0x77, 0xc2, 0xc,
    0x1, 0x19, 0x81, 0x84, 0x7e, 0x60, 0xa0, 0xa,
    0x81, 0x44, 0x3, 0xea, 0x3, 0x20, 0x3, 0x7,
    0x0, 0x7e, 0x23, 0xb, 0x6, 0x1, 0x40, 0xf,
    0xea, 0x6, 0xa, 0x6, 0x0, 0xff, 0x30, 0x1,
    0x80,

    /* U+1EB1 "ằ" */
    0x0, 0xaf, 0xe4, 0x3, 0xfa, 0x89, 0x88, 0x3,
    0xf0, 0xe1, 0x48, 0x7, 0xcf, 0xc1, 0xb4, 0x11,
    0xc0, 0x19, 0x47, 0xee, 0xb5, 0xd8, 0x3, 0x16,
    0x2a, 0x90, 0x22, 0x0, 0x1c, 0x77, 0xdf, 0xae,
    0x1, 0xff, 0xc5, 0x28, 0xce, 0xfe, 0xc5, 0x0,
    0x87, 0x5c, 0xc0, 0x84, 0xea, 0x40, 0x2, 0xf3,
    0xdc, 0xdf, 0x60, 0x62, 0x0, 0x43, 0x8, 0x5,
    0x22, 0x8, 0x1, 0xfc, 0x40, 0x20, 0x11, 0x2b,
    0xc4, 0xc8, 0x80, 0x22, 0xcd, 0xa8, 0x76, 0x60,
    0x80, 0xb, 0x4c, 0xd5, 0xdf, 0xf1, 0x80, 0x2c,
    0x7, 0x54, 0x40, 0x3c, 0xa0, 0x82, 0x1, 0xc4,
    0x0, 0x70, 0xf, 0x94, 0x40, 0x6, 0xa, 0x80,
    0x13, 0xd0, 0x5, 0x22, 0x17, 0xdb, 0xf0, 0xd0,
    0x0, 0x1f, 0x72, 0x13, 0x35, 0x49, 0x80, 0x0,

    /* U+1EB2 "Ẳ" */
    0x0, 0xf2, 0x76, 0xb0, 0x7, 0xff, 0x5, 0x32,
    0xa4, 0x40, 0x3f, 0xf8, 0x5a, 0x22, 0x0, 0xff,
    0x12, 0x5, 0x87, 0x8a, 0x80, 0x7f, 0x3d, 0x94,
    0xd0, 0xc5, 0x80, 0x7f, 0x29, 0x6e, 0x5e, 0xb4,
    0x80, 0x7f, 0xbd, 0x49, 0x2, 0x5c, 0x3, 0xfc,
    0x55, 0xdf, 0xac, 0x1, 0xff, 0xd2, 0xef, 0x80,
    0xf, 0xfe, 0xa, 0x88, 0x30, 0x7, 0xff, 0x6,
    0x40, 0x85, 0x40, 0x3f, 0xe2, 0x31, 0x80, 0x90,
    0xf, 0xfa, 0xc1, 0xd4, 0x4c, 0x80, 0x3f, 0xce,
    0x16, 0xe, 0x16, 0x1, 0xfc, 0xa2, 0x64, 0x16,
    0xe, 0x1, 0xfd, 0x21, 0x20, 0x2, 0x31, 0x50,
    0xf, 0x88, 0xc5, 0x40, 0x29, 0x9, 0x0, 0xfa,
    0xc1, 0x80, 0x32, 0x89, 0x90, 0x7, 0x98, 0x1f,
    0xff, 0x84, 0x2c, 0x3, 0x98, 0x3, 0xfc, 0xc0,
    0x1d, 0x41, 0x1d, 0xdf, 0x8, 0x30, 0x4, 0x66,
    0x6, 0x11, 0xf9, 0x82, 0x80, 0x2a, 0x5, 0x10,
    0xf, 0xa8, 0xc, 0x80, 0xc, 0x1c, 0x1, 0xf8,
    0x8c, 0x2c, 0x18, 0x5, 0x0, 0x3f, 0xa8, 0x18,
    0x28, 0x18, 0x3, 0xfc, 0xc0, 0x6,

    /* U+1EB3 "ẳ" */
    0x0, 0xc9, 0xda, 0xc0, 0x1f, 0x93, 0x2a, 0x44,
    0x3, 0xf1, 0x0, 0x7f, 0xd3, 0x58, 0x20, 0x1c,
    0xbe, 0x51, 0x86, 0xfe, 0x1, 0x90, 0x76, 0xa9,
    0xb0, 0xc0, 0x18, 0x71, 0x54, 0x80, 0xf2, 0x1,
    0xc5, 0x5d, 0xfb, 0x0, 0x1f, 0xfc, 0x52, 0x8c,
    0xef, 0xec, 0x50, 0x8, 0x75, 0xcc, 0x8, 0x4e,
    0xa4, 0x0, 0x2f, 0x3d, 0xcd, 0xf6, 0x6, 0x20,
    0x4, 0x30, 0x80, 0x52, 0x20, 0x80, 0x1f, 0xc4,
    0x2, 0x1, 0x12, 0xbc, 0x4c, 0x88, 0x2, 0x2c,
    0xda, 0x87, 0x66, 0x8, 0x0, 0xb4, 0xcd, 0x5d,
    0xff, 0x18, 0x2, 0xc0, 0x75, 0x44, 0x3, 0xca,
    0x8, 0x20, 0x1c, 0x40, 0x7, 0x0, 0xf9, 0x44,
    0x0, 0x60, 0xa8, 0x1, 0x3d, 0x0, 0x52, 0x21,
    0x7d, 0xbf, 0xd, 0x0, 0x1, 0xf7, 0x21, 0x33,
    0x54, 0x98, 0x0,

    /* U+1EB4 "Ẵ" */
    0x0, 0xe9, 0xfc, 0x30, 0x7, 0x28, 0x7, 0xe5,
    0x66, 0x6, 0x55, 0x5, 0x0, 0x3f, 0x7b, 0x4e,
    0x4a, 0x22, 0x84, 0x3, 0xf5, 0x40, 0x1, 0xbb,
    0x88, 0x1, 0xfc, 0xfc, 0x20, 0x14, 0xf8, 0x7,
    0xf3, 0x7, 0xdd, 0xb5, 0xa4, 0x3, 0xf8, 0x71,
    0x54, 0x81, 0x2e, 0x1, 0xfe, 0x3b, 0xef, 0xd6,
    0x0, 0xff, 0xe9, 0x77, 0xc0, 0x7, 0xff, 0x5,
    0x44, 0x18, 0x3, 0xff, 0x83, 0x20, 0x42, 0xa0,
    0x1f, 0xf1, 0x18, 0xc0, 0x48, 0x7, 0xfd, 0x60,
    0xea, 0x26, 0x40, 0x1f, 0xe7, 0xb, 0x7, 0xb,
    0x0, 0xfe, 0x51, 0x32, 0xb, 0x7, 0x0, 0xfe,
    0x90, 0x90, 0x1, 0x18, 0xa8, 0x7, 0xc4, 0x62,
    0xa0, 0x14, 0x84, 0x80, 0x7d, 0x60, 0xc0, 0x19,
    0x44, 0xc8, 0x3, 0xcc, 0xf, 0xff, 0xc2, 0x16,
    0x1, 0xcc, 0x1, 0xfe, 0x60, 0xe, 0xa0, 0x8e,
    0xef, 0x84, 0x18, 0x2, 0x33, 0x3, 0x8, 0xfc,
    0xc1, 0x40, 0x15, 0x2, 0x88, 0x7, 0xd4, 0x6,
    0x40, 0x6, 0xe, 0x0, 0xfc, 0x46, 0x16, 0xc,
    0x2, 0x80, 0x1f, 0xd4, 0xc, 0x14, 0xc, 0x1,
    0xfe, 0x60, 0x3, 0x0,

    /* U+1EB5 "ẵ" */
    0x0, 0xa3, 0xf0, 0xc0, 0x1c, 0xa0, 0x12, 0xbb,
    0x6, 0x55, 0x5, 0x0, 0x2c, 0x69, 0xc9, 0x44,
    0x50, 0x80, 0x53, 0x20, 0x3, 0x77, 0x14, 0x3,
    0x3f, 0x8, 0x5, 0x1c, 0x1, 0x94, 0x7e, 0xed,
    0xae, 0xc0, 0x18, 0xb1, 0x54, 0x81, 0x10, 0x0,
    0xe3, 0xbe, 0xfd, 0x70, 0xf, 0xfe, 0x29, 0x46,
    0x77, 0xf6, 0x28, 0x4, 0x3a, 0xe6, 0x4, 0x27,
    0x52, 0x0, 0x17, 0x9e, 0xe6, 0xfb, 0x3, 0x10,
    0x2, 0x18, 0x40, 0x29, 0x10, 0x40, 0xf, 0xe2,
    0x1, 0x0, 0x89, 0x5e, 0x26, 0x44, 0x1, 0x16,
    0x6d, 0x43, 0xb3, 0x4, 0x0, 0x5a, 0x66, 0xae,
    0xff, 0x8c, 0x1, 0x60, 0x3a, 0xa2, 0x1, 0xe5,
    0x4, 0x10, 0xe, 0x20, 0x3, 0x80, 0x7c, 0xa2,
    0x0, 0x30, 0x54, 0x0, 0x9e, 0x80, 0x29, 0x10,
    0xbe, 0xdf, 0x86, 0x80, 0x0, 0xfb, 0x90, 0x99,
    0xaa, 0x4c, 0x0,

    /* U+1EB6 "Ặ" */
    0x0, 0xc8, 0xc0, 0x1d, 0x4, 0x1, 0xf8, 0xa5,
    0x40, 0x5, 0x2e, 0x1, 0xfc, 0xc5, 0x5f, 0xed,
    0x67, 0x20, 0xf, 0xed, 0x84, 0x35, 0xb8, 0x0,
    0xff, 0x9e, 0xf2, 0x90, 0x3, 0xff, 0xa5, 0xdf,
    0x0, 0x1f, 0xfc, 0x15, 0x10, 0x60, 0xf, 0xfe,
    0xc, 0x81, 0xa, 0x80, 0x7f, 0xc4, 0x63, 0x1,
    0x20, 0x1f, 0xf5, 0x83, 0xa8, 0x99, 0x0, 0x7f,
    0x9c, 0x2c, 0x1c, 0x2c, 0x3, 0xf9, 0x44, 0xc8,
    0x2c, 0x1c, 0x3, 0xfa, 0x42, 0x40, 0x4, 0x62,
    0xa0, 0x1f, 0x11, 0x8a, 0x80, 0x52, 0x12, 0x1,
    0xf5, 0x83, 0x0, 0x65, 0x13, 0x20, 0xf, 0x30,
    0x3f, 0xff, 0x8, 0x58, 0x7, 0x30, 0x7, 0xf9,
    0x80, 0x3a, 0x82, 0x3b, 0xbe, 0x10, 0x60, 0x8,
    0xcc, 0xc, 0x23, 0xf3, 0x5, 0x0, 0x54, 0xa,
    0x20, 0x1f, 0x50, 0x19, 0x0, 0x18, 0x38, 0x3,
    0xf1, 0x18, 0x58, 0x30, 0xa, 0x0, 0x7f, 0x50,
    0x30, 0x50, 0x30, 0x7, 0xf9, 0x80, 0xd, 0x9f,
    0x0, 0x1f, 0xf7, 0xf9, 0x80, 0x3f, 0xf9, 0x93,
    0xec, 0x1, 0xff, 0xc2, 0x70, 0xd0, 0xf, 0xfe,
    0x14, 0x97, 0x80, 0x7c,

    /* U+1EB7 "ặ" */
    0x0, 0x3f, 0x88, 0x4, 0x9e, 0xa0, 0x12, 0x87,
    0x6e, 0xba, 0xc9, 0x40, 0x22, 0xc4, 0x32, 0x37,
    0xc0, 0xe, 0x3b, 0xef, 0xd8, 0x10, 0xf, 0xfe,
    0x21, 0x46, 0x77, 0xf6, 0x28, 0x4, 0x3a, 0xe6,
    0x4, 0x27, 0x52, 0x0, 0x17, 0x9e, 0xe6, 0xfb,
    0x3, 0x10, 0x2, 0x18, 0x40, 0x29, 0x10, 0x40,
    0xf, 0xe2, 0x1, 0x0, 0x89, 0x5e, 0x26, 0x44,
    0x1, 0x16, 0x6d, 0x43, 0xb3, 0x4, 0x0, 0x5a,
    0x66, 0xae, 0xff, 0x8c, 0x1, 0x60, 0x3a, 0xa2,
    0x1, 0xe5, 0x4, 0x10, 0xe, 0x20, 0x3, 0x80,
    0x7c, 0xa2, 0x0, 0x30, 0x54, 0x0, 0x9e, 0x80,
    0x29, 0x10, 0xbe, 0xdf, 0x86, 0x80, 0x0, 0xfb,
    0x90, 0x99, 0xaa, 0x4c, 0x2, 0x18, 0xdf, 0xec,
    0x50, 0x4f, 0x70, 0xc, 0x59, 0x40, 0x1f, 0xca,
    0x6a, 0x40, 0x1f, 0x90, 0x4c, 0x80, 0x30,

    /* U+1EB8 "Ẹ" */
    0x7f, 0xff, 0xee, 0x0, 0xff, 0xe0, 0x97, 0xff,
    0xdc, 0x1, 0xff, 0xe2, 0x2f, 0xff, 0x98, 0x3,
    0xff, 0x82, 0x5f, 0xff, 0x30, 0x7, 0xff, 0xe0,
    0xbf, 0xfe, 0xe0, 0xf, 0xf9, 0xff, 0xff, 0xb8,
    0x3, 0xff, 0x86, 0x9d, 0x60, 0x1f, 0xb0, 0x50,
    0x40, 0x3e, 0xa3, 0x61, 0x0, 0x80,

    /* U+1EB9 "ẹ" */
    0x0, 0x8e, 0xb7, 0xfa, 0xd4, 0x3, 0x9b, 0x14,
    0x84, 0x49, 0x54, 0x0, 0x92, 0x42, 0x3f, 0xbe,
    0x41, 0x5c, 0x1, 0x21, 0xe, 0x1, 0x34, 0x4,
    0x81, 0x90, 0x38, 0x7, 0x28, 0x9, 0xa8, 0x3,
    0x33, 0xdc, 0x0, 0x6e, 0x0, 0x19, 0xfc, 0x1,
    0xc5, 0xff, 0xfc, 0xbc, 0x4, 0x1, 0xfe, 0x50,
    0x2, 0x0, 0x7f, 0x19, 0x4, 0x0, 0x7f, 0xa4,
    0xf, 0xc, 0x2, 0x28, 0x90, 0x2, 0x48, 0x1e,
    0x7f, 0xda, 0xe4, 0x1, 0x36, 0xb9, 0x0, 0x4,
    0xde, 0x40, 0x31, 0x46, 0xff, 0xbb, 0x20, 0x80,
    0x3c, 0x59, 0x40, 0x1f, 0xea, 0x35, 0x10, 0xf,
    0xeb, 0x14, 0x10, 0xc,

    /* U+1EBA "Ẻ" */
    0x0, 0xe1, 0x0, 0xfc, 0x3f, 0xdf, 0x20, 0x1e,
    0x1a, 0xa2, 0xb3, 0x80, 0x79, 0x55, 0x21, 0xc0,
    0x1f, 0x3f, 0x5, 0x0, 0x78, 0x61, 0xb4, 0xc0,
    0x3c, 0x21, 0xa4, 0x1, 0xfb, 0xd8, 0x3, 0x3f,
    0xff, 0xf7, 0x0, 0x7f, 0xf0, 0x4b, 0xff, 0xee,
    0x0, 0xff, 0xf1, 0x17, 0xff, 0xcc, 0x1, 0xff,
    0xc1, 0x2f, 0xff, 0x98, 0x3, 0xff, 0xf0, 0x5f,
    0xff, 0x70, 0x7, 0xfc,

    /* U+1EBB "ẻ" */
    0x0, 0xf0, 0x80, 0x7f, 0x8b, 0xfb, 0xe4, 0x3,
    0xf1, 0x55, 0x11, 0x98, 0x1, 0xf9, 0x55, 0xe1,
    0xc0, 0x1f, 0x86, 0x28, 0x28, 0x3, 0xf1, 0x3a,
    0x71, 0x0, 0x7e, 0x22, 0x70, 0x80, 0x7f, 0xe,
    0xa0, 0x7, 0xe3, 0xad, 0xfe, 0xb5, 0x0, 0xe6,
    0xc5, 0x21, 0x12, 0x55, 0x0, 0x24, 0x90, 0x8f,
    0xef, 0x90, 0x57, 0x0, 0x48, 0x43, 0x80, 0x4d,
    0x1, 0x20, 0x64, 0xe, 0x1, 0xca, 0x2, 0x6a,
    0x0, 0xcc, 0xf7, 0x0, 0x1b, 0x80, 0x6, 0x7f,
    0x0, 0x71, 0x7f, 0xff, 0x2f, 0x1, 0x0, 0x7f,
    0x94, 0x0, 0x80, 0x1f, 0xc6, 0x41, 0x0, 0x1f,
    0xe9, 0x3, 0xc3, 0x0, 0x8a, 0x24, 0x0, 0x92,
    0x7, 0x9f, 0xf6, 0xb9, 0x0, 0x4d, 0xae, 0x40,
    0x1, 0x37, 0x90,

    /* U+1EBC "Ẽ" */
    0x0, 0x47, 0x7d, 0xa8, 0x8b, 0xa0, 0x1d, 0xc6,
    0x29, 0x5d, 0xc1, 0xa0, 0xe6, 0xde, 0xc7, 0x45,
    0xc2, 0x9, 0x90, 0x0, 0xe2, 0xe8, 0xc0, 0x3f,
    0xf8, 0xf, 0xff, 0xfd, 0xc0, 0x1f, 0xfc, 0x12,
    0xff, 0xfb, 0x80, 0x3f, 0xfc, 0x45, 0xff, 0xf3,
    0x0, 0x7f, 0xf0, 0x4b, 0xff, 0xe6, 0x0, 0xff,
    0xfc, 0x17, 0xff, 0xdc, 0x1, 0xff, 0x0,

    /* U+1EBD "ẽ" */
    0x0, 0x2e, 0xff, 0xbb, 0x73, 0xbc, 0x2, 0x3a,
    0x3, 0x20, 0x23, 0x2b, 0x0, 0x8f, 0xf7, 0x37,
    0xbf, 0xd8, 0x80, 0x1f, 0xfc, 0x63, 0xad, 0xfe,
    0xb5, 0x0, 0xe6, 0xc5, 0x21, 0x12, 0x55, 0x0,
    0x24, 0x90, 0x8f, 0xef, 0x90, 0x57, 0x0, 0x48,
    0x43, 0x80, 0x4d, 0x1, 0x20, 0x64, 0xe, 0x1,
    0xca, 0x2, 0x6a, 0x0, 0xcc, 0xf7, 0x0, 0x1b,
    0x80, 0x6, 0x7f, 0x0, 0x71, 0x7f, 0xff, 0x2f,
    0x1, 0x0, 0x7f, 0x94, 0x0, 0x80, 0x1f, 0xc6,
    0x41, 0x0, 0x1f, 0xe9, 0x3, 0xc3, 0x0, 0x8a,
    0x24, 0x0, 0x92, 0x7, 0x9f, 0xf6, 0xb9, 0x0,
    0x4d, 0xae, 0x40, 0x1, 0x37, 0x90,

    /* U+1EBE "Ế" */
    0x0, 0xff, 0x77, 0xa8, 0x6, 0x58, 0x71, 0x9,
    0x18, 0x50, 0x9, 0x29, 0xe2, 0x8d, 0xa1, 0xc0,
    0x22, 0xa0, 0x83, 0x4b, 0xf7, 0x0, 0x87, 0x17,
    0x5f, 0x21, 0xd8, 0x3, 0xf, 0x59, 0x0, 0x1f,
    0xd8, 0x3, 0xff, 0x88, 0xff, 0xff, 0xdc, 0x1,
    0xff, 0xc5, 0x2f, 0xff, 0xb8, 0x3, 0xff, 0xd8,
    0x5f, 0xff, 0x30, 0x7, 0xff, 0x14, 0xbf, 0xfe,
    0x60, 0xf, 0xff, 0xf8, 0x7, 0xc5, 0xff, 0xf7,
    0x0, 0x7f, 0xf0, 0xc0,

    /* U+1EBF "ế" */
    0x0, 0xff, 0x17, 0xf8, 0xc0, 0x3f, 0xd0, 0x12,
    0x60, 0x18, 0xbb, 0xfc, 0x48, 0xb2, 0xc0, 0x1d,
    0xe2, 0xa1, 0xed, 0xcc, 0x1, 0xd6, 0x75, 0x4b,
    0x3e, 0x10, 0xe, 0x2c, 0xf5, 0x4, 0xfb, 0x30,
    0xe, 0x27, 0x10, 0x8, 0x5c, 0xc0, 0x3c, 0x75,
    0xbf, 0xd6, 0xa0, 0x1e, 0x6c, 0x52, 0x11, 0x25,
    0x50, 0x3, 0x24, 0x84, 0x7f, 0x7c, 0x82, 0xb8,
    0x5, 0x21, 0xe, 0x1, 0x34, 0x4, 0x80, 0xc,
    0x81, 0xc0, 0x39, 0x40, 0x4c, 0x14, 0x1, 0x99,
    0xee, 0x0, 0x30, 0x70, 0x0, 0xcf, 0xe0, 0xf,
    0x17, 0xff, 0xf2, 0x87, 0x1, 0x0, 0x7f, 0xca,
    0x0, 0x40, 0xf, 0xf1, 0x90, 0x40, 0x7, 0xfd,
    0x20, 0x78, 0x60, 0x11, 0x44, 0x80, 0x49, 0x20,
    0x79, 0xff, 0x6b, 0x90, 0x6, 0x6d, 0x72, 0x0,
    0x9, 0xbc, 0x80, 0x0,

    /* U+1EC0 "Ề" */
    0xc, 0xf8, 0x0, 0xff, 0x69, 0x39, 0x2, 0x44,
    0x4, 0x3, 0xe, 0x14, 0x9d, 0xbb, 0xb4, 0x3,
    0x87, 0x6b, 0x41, 0xcc, 0xd4, 0x1, 0xec, 0x2c,
    0x8c, 0x94, 0x80, 0xe, 0xdc, 0x30, 0x3, 0x74,
    0x0, 0x7f, 0xf1, 0x1f, 0xff, 0xfb, 0x80, 0x3f,
    0xf8, 0xa5, 0xff, 0xf7, 0x0, 0x7f, 0xfb, 0xb,
    0xff, 0xe6, 0x0, 0xff, 0xe2, 0x97, 0xff, 0xcc,
    0x1, 0xff, 0xff, 0x0, 0xf8, 0xbf, 0xfe, 0xe0,
    0xf, 0xfe, 0x8,

    /* U+1EC1 "ề" */
    0x1e, 0xf4, 0x0, 0xff, 0xe, 0x84, 0x80, 0x7f,
    0xc7, 0x64, 0xe3, 0xdf, 0xe4, 0x0, 0xf2, 0x73,
    0x68, 0xa8, 0x51, 0x0, 0x78, 0x6c, 0xe6, 0xb0,
    0x3c, 0x40, 0x38, 0xb7, 0x4c, 0x7, 0xd4, 0xa0,
    0x1c, 0x4e, 0x40, 0x19, 0xd0, 0x3, 0xc7, 0x5b,
    0xfd, 0x6a, 0x1, 0xe6, 0xc5, 0x21, 0x12, 0x55,
    0x0, 0x32, 0x48, 0x47, 0xf7, 0xc8, 0x2b, 0x80,
    0x52, 0x10, 0xe0, 0x13, 0x40, 0x48, 0x0, 0xc8,
    0x1c, 0x3, 0x94, 0x4, 0xc1, 0x40, 0x19, 0x9e,
    0xe0, 0x3, 0x7, 0x0, 0xc, 0xfe, 0x0, 0xf1,
    0x7f, 0xff, 0x28, 0x70, 0x10, 0x7, 0xfc, 0xa0,
    0x4, 0x0, 0xff, 0x19, 0x4, 0x0, 0x7f, 0xd2,
    0x7, 0x86, 0x1, 0x14, 0x48, 0x4, 0x92, 0x7,
    0x9f, 0xf6, 0xb9, 0x0, 0x66, 0xd7, 0x20, 0x0,
    0x9b, 0xc8, 0x0,

    /* U+1EC2 "Ể" */
    0x0, 0xfd, 0x3d, 0x64, 0x1, 0xfa, 0x30, 0x24,
    0x3, 0xf0, 0x83, 0x80, 0x72, 0xc4, 0x0, 0x1a,
    0xd4, 0x1, 0x25, 0x3b, 0xa8, 0xe, 0x4, 0x0,
    0x34, 0x12, 0x6a, 0xd8, 0x40, 0x16, 0x86, 0x36,
    0x24, 0x98, 0x4, 0x35, 0xe6, 0x0, 0xba, 0x0,
    0xc2, 0xc2, 0x1, 0x94, 0xc0, 0xf, 0xff, 0xfd,
    0xc0, 0x1f, 0xfc, 0x32, 0xff, 0xfb, 0x80, 0x3f,
    0xfc, 0xe5, 0xff, 0xf3, 0x0, 0x7f, 0xf0, 0xcb,
    0xff, 0xe6, 0x0, 0xff, 0xff, 0x97, 0xff, 0xdc,
    0x1, 0xff, 0xc1,

    /* U+1EC3 "ể" */
    0x0, 0xfe, 0xee, 0x48, 0x7, 0xfb, 0x29, 0x98,
    0x1, 0xfc, 0x48, 0x22, 0x0, 0xfe, 0x3d, 0x56,
    0x0, 0xc7, 0xfe, 0xe1, 0x73, 0xb1, 0x0, 0x87,
    0x41, 0x7, 0x57, 0x0, 0x30, 0xe0, 0x65, 0xd1,
    0xd1, 0x0, 0x65, 0xaf, 0x30, 0x5d, 0xc2, 0x0,
    0xc8, 0xe2, 0x1, 0x13, 0x90, 0x7, 0x1d, 0x6f,
    0xf5, 0xa8, 0x7, 0x36, 0x29, 0x8, 0x92, 0xa8,
    0x1, 0x24, 0x84, 0x7f, 0x7c, 0x82, 0xb8, 0x2,
    0x42, 0x1c, 0x2, 0x68, 0x9, 0x3, 0x20, 0x70,
    0xe, 0x50, 0x13, 0x50, 0x6, 0x67, 0xb8, 0x0,
    0xdc, 0x0, 0x33, 0xf8, 0x3, 0x8b, 0xff, 0xf9,
    0x78, 0x8, 0x3, 0xfc, 0xa0, 0x4, 0x0, 0xfe,
    0x32, 0x8, 0x0, 0xff, 0x48, 0x1e, 0x18, 0x4,
    0x51, 0x20, 0x4, 0x90, 0x3c, 0xff, 0xb5, 0xc8,
    0x2, 0x6d, 0x72, 0x0, 0x9, 0xbc, 0x80,

    /* U+1EC4 "Ễ" */
    0x0, 0x27, 0x71, 0xc0, 0x11, 0x60, 0x15, 0x12,
    0x46, 0xcb, 0xe8, 0x1, 0x7, 0x2b, 0x5, 0x9a,
    0x0, 0x27, 0x81, 0x3f, 0xfa, 0x40, 0x38, 0xb6,
    0xf2, 0x0, 0x38, 0x70, 0x69, 0x1d, 0x80, 0x21,
    0xc5, 0xc5, 0xb8, 0x95, 0x0, 0xe, 0xd9, 0x0,
    0x1f, 0xd4, 0x3, 0xff, 0x80, 0xff, 0xff, 0xdc,
    0x1, 0xff, 0xc1, 0x2f, 0xff, 0xb8, 0x3, 0xff,
    0xc4, 0x5f, 0xff, 0x30, 0x7, 0xff, 0x4, 0xbf,
    0xfe, 0x60, 0xf, 0xff, 0xc1, 0x7f, 0xfd, 0xc0,
    0x1f, 0xf0,

    /* U+1EC5 "ễ" */
    0x0, 0x9f, 0xb5, 0x40, 0x18, 0xe0, 0x18, 0xe1,
    0x6, 0xb2, 0x8d, 0x40, 0x32, 0x1d, 0x65, 0xa,
    0x41, 0x0, 0x67, 0xc0, 0x2, 0xef, 0x38, 0x7,
    0xc7, 0xfe, 0xe2, 0x0, 0xf8, 0xf4, 0x60, 0x30,
    0x80, 0x38, 0xf5, 0x3d, 0xfd, 0x30, 0x80, 0x31,
    0xfd, 0x8, 0xd, 0x79, 0x0, 0x70, 0x80, 0x70,
    0x80, 0x78, 0xeb, 0x7f, 0xad, 0x40, 0x39, 0xb1,
    0x48, 0x44, 0x95, 0x40, 0x9, 0x24, 0x23, 0xfb,
    0xe4, 0x15, 0xc0, 0x12, 0x10, 0xe0, 0x13, 0x40,
    0x48, 0x19, 0x3, 0x80, 0x72, 0x80, 0x9a, 0x80,
    0x33, 0x3d, 0xc0, 0x6, 0xe0, 0x1, 0x9f, 0xc0,
    0x1c, 0x5f, 0xff, 0xcb, 0xc0, 0x40, 0x1f, 0xe5,
    0x0, 0x20, 0x7, 0xf1, 0x90, 0x40, 0x7, 0xfa,
    0x40, 0xf0, 0xc0, 0x22, 0x89, 0x0, 0x24, 0x81,
    0xe7, 0xfd, 0xae, 0x40, 0x13, 0x6b, 0x90, 0x0,
    0x4d, 0xe4, 0x0,

    /* U+1EC6 "Ệ" */
    0x0, 0xd3, 0xfe, 0x70, 0xf, 0x2b, 0x0, 0x21,
    0x0, 0x32, 0x50, 0xe5, 0x85, 0x98, 0x0, 0xed,
    0x3c, 0xd3, 0x4f, 0x8, 0xf, 0xec, 0x40, 0x5,
    0x9e, 0x40, 0x1f, 0xf3, 0xff, 0xff, 0x70, 0x7,
    0xff, 0x4, 0xbf, 0xfe, 0xe0, 0xf, 0xff, 0x11,
    0x7f, 0xfc, 0xc0, 0x1f, 0xfc, 0x12, 0xff, 0xf9,
    0x80, 0x3f, 0xff, 0x5, 0xff, 0xf7, 0x0, 0x7f,
    0xcf, 0xff, 0xfd, 0xc0, 0x1f, 0xfc, 0x34, 0xeb,
    0x0, 0xfd, 0x82, 0x82, 0x1, 0xf5, 0x1b, 0x8,
    0x4,

    /* U+1EC7 "ệ" */
    0x0, 0xc5, 0xfe, 0xe1, 0x0, 0xf8, 0xb0, 0xc,
    0x74, 0x40, 0x38, 0xbc, 0x6b, 0x20, 0xf4, 0x40,
    0x35, 0x27, 0x28, 0x3e, 0xab, 0x0, 0x68, 0x91,
    0x0, 0x8a, 0x5c, 0x3, 0x8e, 0xb7, 0xfa, 0xd4,
    0x3, 0x9b, 0x14, 0x84, 0x49, 0x54, 0x0, 0x92,
    0x42, 0x3f, 0xbe, 0x41, 0x5c, 0x1, 0x21, 0xe,
    0x1, 0x34, 0x4, 0x81, 0x90, 0x38, 0x7, 0x28,
    0x9, 0xa8, 0x3, 0x33, 0xdc, 0x0, 0x6e, 0x0,
    0x19, 0xfc, 0x1, 0xc5, 0xff, 0xfc, 0xbc, 0x4,
    0x1, 0xfe, 0x50, 0x2, 0x0, 0x7f, 0x19, 0x4,
    0x0, 0x7f, 0xa4, 0xf, 0xc, 0x2, 0x28, 0x90,
    0x2, 0x48, 0x1e, 0x7f, 0xda, 0xe4, 0x1, 0x36,
    0xb9, 0x0, 0x4, 0xde, 0x40, 0x31, 0x46, 0xff,
    0xbb, 0x20, 0x80, 0x3c, 0x59, 0x40, 0x1f, 0xea,
    0x35, 0x10, 0xf, 0xeb, 0x14, 0x10, 0xc,

    /* U+1EC8 "Ỉ" */
    0x0, 0x8, 0x7, 0x2f, 0x7f, 0x30, 0x1, 0xee,
    0x8e, 0x48, 0x9, 0x15, 0x40, 0xc0, 0x2, 0x87,
    0x24, 0x0, 0x23, 0xbb, 0x0, 0x23, 0xa, 0x10,
    0x9, 0x7c, 0x80, 0x1f, 0xfe, 0xc9, 0x50, 0x0,
    0xb4, 0x35, 0x18, 0x3c, 0xa0, 0x7, 0xff, 0xfc,
    0x3, 0xff, 0x88, 0xd4, 0x60, 0xf2, 0x92, 0xa0,
    0x1, 0x68,

    /* U+1EC9 "ỉ" */
    0x1, 0x0, 0xcd, 0xdf, 0xcc, 0x9, 0x72, 0x72,
    0x24, 0x8c, 0x80, 0x40, 0x96, 0xc8, 0x60, 0x69,
    0x76, 0x0, 0x1a, 0xa0, 0x4, 0x94, 0x1, 0xb3,
    0xe0, 0x3, 0xff, 0xfe, 0x1, 0xc0,

    /* U+1ECA "Ị" */
    0xff, 0xf6, 0x4a, 0x80, 0x5, 0xa1, 0xa8, 0xc1,
    0xe5, 0x0, 0x3f, 0xff, 0xe0, 0x1f, 0xfc, 0x46,
    0xa3, 0x7, 0x94, 0x95, 0x0, 0xb, 0x47, 0xff,
    0xb0, 0x3, 0xfa, 0x7d, 0x40, 0x33, 0x7, 0x80,
    0x68, 0x2e, 0x0, 0x0,

    /* U+1ECB "ị" */
    0x9f, 0x57, 0xf, 0x92, 0xe7, 0xd4, 0x0, 0xb3,
    0xe0, 0x3, 0xff, 0xb7, 0x9f, 0x0, 0x14, 0xfb,
    0x38, 0x6c, 0x97, 0x80,

    /* U+1ECC "Ọ" */
    0x0, 0xe6, 0xbe, 0xff, 0x76, 0x38, 0x80, 0x7c,
    0x7d, 0x28, 0x20, 0x1, 0x38, 0xe6, 0x0, 0xe4,
    0xc1, 0x14, 0x67, 0x7e, 0xd1, 0x84, 0xc0, 0x4,
    0x34, 0x5, 0xee, 0x62, 0x4, 0xb8, 0xc0, 0xe6,
    0x0, 0x91, 0xf, 0x10, 0xf, 0xa4, 0xc3, 0xc0,
    0xa, 0xa, 0x40, 0x1f, 0xd2, 0x6, 0x45, 0x7,
    0x80, 0x7f, 0x94, 0x0, 0xac, 0x0, 0x70, 0xf,
    0xf8, 0x83, 0x84, 0x0, 0x60, 0x1f, 0xf0, 0x81,
    0x80, 0x7f, 0xf1, 0x84, 0x0, 0x60, 0x1f, 0xf0,
    0x81, 0xb0, 0x1, 0xc0, 0x3f, 0xe2, 0xe, 0x22,
    0x7, 0x80, 0x7f, 0x94, 0x0, 0xa0, 0xa0, 0xa4,
    0x1, 0xfd, 0x20, 0x64, 0x12, 0x21, 0xe2, 0x1,
    0xf4, 0x98, 0x78, 0x0, 0x68, 0xb, 0xdc, 0x80,
    0x2, 0xb8, 0xc0, 0xe6, 0x1, 0x26, 0x8, 0xa3,
    0x7f, 0xdd, 0x46, 0x15, 0x0, 0x1c, 0x7d, 0x28,
    0x20, 0x1, 0x38, 0xe5, 0x0, 0xfc, 0xd7, 0xdf,
    0xee, 0xc7, 0x10, 0xf, 0xfe, 0x5, 0x61, 0x0,
    0x7f, 0xf0, 0x89, 0x4d, 0x40, 0x3f, 0xf8, 0x44,
    0x62, 0x80, 0x1f, 0x0,

    /* U+1ECD "ọ" */
    0x0, 0x8a, 0x77, 0xfb, 0x1c, 0x40, 0x39, 0xf5,
    0x88, 0x4, 0xe3, 0xcc, 0x2, 0x58, 0x6, 0xef,
    0xf6, 0x18, 0xe8, 0x80, 0x2c, 0x16, 0x44, 0x0,
    0x78, 0x43, 0x0, 0x62, 0x10, 0x1, 0xeb, 0x7,
    0x4, 0x1, 0x20, 0xf, 0x20, 0x9, 0x78, 0x18,
    0x7, 0xc6, 0x0, 0x60, 0xf, 0xfe, 0x17, 0x1,
    0x0, 0x7c, 0x40, 0x7, 0x50, 0x1, 0x80, 0x79,
    0x0, 0x6, 0x62, 0x9, 0x0, 0xf4, 0x82, 0x80,
    0x38, 0x16, 0x4, 0x0, 0x56, 0x21, 0x0, 0x3,
    0xa0, 0x7e, 0xeb, 0x50, 0x70, 0x80, 0x25, 0xd6,
    0x21, 0x11, 0xbf, 0x98, 0x7, 0x14, 0xef, 0xfb,
    0x20, 0x40, 0x3f, 0x16, 0x50, 0x7, 0xfd, 0x46,
    0xa2, 0x1, 0xfe, 0xb1, 0x41, 0x0, 0xe0,

    /* U+1ECE "Ỏ" */
    0x0, 0xfc, 0x20, 0x1f, 0xfc, 0x49, 0xef, 0xc3,
    0x0, 0xff, 0xe0, 0xd5, 0xc1, 0xe8, 0x7, 0xff,
    0x4, 0xd1, 0xcc, 0x40, 0x3f, 0xf8, 0x47, 0x26,
    0x60, 0xf, 0xfe, 0x14, 0x33, 0xe0, 0x7, 0xff,
    0x8, 0x86, 0x0, 0x3f, 0xf8, 0x71, 0x80, 0x1f,
    0xfc, 0x16, 0xbe, 0xe6, 0xf6, 0x38, 0x80, 0x7c,
    0x7d, 0x28, 0x20, 0x1, 0x38, 0xe6, 0x0, 0xe4,
    0xc1, 0x14, 0x67, 0x7e, 0xd1, 0x84, 0xc0, 0x4,
    0x34, 0x5, 0xee, 0x62, 0x4, 0xb8, 0xc0, 0xe6,
    0x0, 0x91, 0xf, 0x10, 0xf, 0xa4, 0xc3, 0xc0,
    0xa, 0xa, 0x40, 0x1f, 0xd2, 0x6, 0x45, 0x7,
    0x80, 0x7f, 0x94, 0x0, 0xac, 0x0, 0x70, 0xf,
    0xf8, 0x83, 0x84, 0x0, 0x60, 0x1f, 0xf0, 0x81,
    0x80, 0x7f, 0xf1, 0x84, 0x0, 0x60, 0x1f, 0xf0,
    0x81, 0xb0, 0x1, 0xc0, 0x3f, 0xe2, 0xe, 0x22,
    0x7, 0x80, 0x7f, 0x94, 0x0, 0xa0, 0xa0, 0xa4,
    0x1, 0xfd, 0x20, 0x64, 0x12, 0x21, 0xe2, 0x1,
    0xf4, 0x98, 0x78, 0x0, 0x68, 0xb, 0xdc, 0x80,
    0x2, 0xb8, 0xc0, 0xe6, 0x1, 0x26, 0x8, 0xa3,
    0x7f, 0xdd, 0x46, 0x15, 0x0, 0x1c, 0x7d, 0x28,
    0x20, 0x1, 0x38, 0xe5, 0x0, 0x80,

    /* U+1ECF "ỏ" */
    0x0, 0xf0, 0x80, 0x7f, 0xf0, 0x3b, 0x9f, 0x42,
    0x1, 0xfd, 0x54, 0x65, 0x80, 0xf, 0xe4, 0x58,
    0x2, 0x0, 0xff, 0x3e, 0x7, 0x0, 0x7f, 0xa0,
    0x75, 0x40, 0x3f, 0xc7, 0x64, 0x1, 0xff, 0x63,
    0x80, 0x7f, 0x14, 0xef, 0xf6, 0x38, 0x80, 0x73,
    0xeb, 0x10, 0x9, 0xc7, 0x98, 0x4, 0xb0, 0xd,
    0xdf, 0xec, 0x31, 0xd1, 0x0, 0x58, 0x2c, 0x88,
    0x0, 0xf0, 0x86, 0x0, 0xc4, 0x20, 0x3, 0xd6,
    0xe, 0x8, 0x2, 0x40, 0x1e, 0x40, 0x12, 0xf0,
    0x30, 0xf, 0x8c, 0x0, 0xc0, 0x1f, 0xfc, 0x2e,
    0x2, 0x0, 0xf8, 0x80, 0xe, 0xa0, 0x3, 0x0,
    0xf2, 0x0, 0xc, 0xc4, 0x12, 0x1, 0xe9, 0x5,
    0x0, 0x70, 0x2c, 0x8, 0x0, 0xac, 0x42, 0x0,
    0x7, 0x40, 0xfd, 0xd6, 0xa0, 0xe1, 0x0, 0x4b,
    0xac, 0x42, 0x23, 0x7f, 0x30, 0x0,

    /* U+1ED0 "Ố" */
    0x0, 0xff, 0xe0, 0x9c, 0x38, 0x7, 0xff, 0xf,
    0xdc, 0x80, 0x3f, 0x8a, 0x20, 0x80, 0xc7, 0xa,
    0x1, 0xfd, 0xee, 0xeb, 0x31, 0xa7, 0x0, 0xfe,
    0xb2, 0x9c, 0x1d, 0x65, 0x0, 0xfe, 0x95, 0xc6,
    0x3f, 0x2c, 0x0, 0xff, 0x4f, 0x18, 0x0, 0x73,
    0x40, 0x3f, 0xfa, 0xd, 0x7d, 0xfe, 0xec, 0x71,
    0x0, 0xf8, 0xfa, 0x50, 0x40, 0x2, 0x71, 0xcc,
    0x1, 0xc9, 0x82, 0x28, 0xce, 0xfd, 0xa3, 0x9,
    0x80, 0x8, 0x68, 0xb, 0xdc, 0xc4, 0x9, 0x71,
    0x81, 0xcc, 0x1, 0x22, 0x1e, 0x20, 0x1f, 0x49,
    0x87, 0x80, 0x14, 0x14, 0x80, 0x3f, 0xa4, 0xc,
    0x8a, 0xf, 0x0, 0xff, 0x28, 0x1, 0x58, 0x0,
    0xe0, 0x1f, 0xf1, 0x7, 0x8, 0x0, 0xc0, 0x3f,
    0xe1, 0x3, 0x0, 0xff, 0xe3, 0x8, 0x0, 0xc0,
    0x3f, 0xe1, 0x3, 0x60, 0x3, 0x80, 0x7f, 0xc4,
    0x1c, 0x44, 0xf, 0x0, 0xff, 0x28, 0x1, 0x41,
    0x41, 0x48, 0x3, 0xfa, 0x40, 0xc8, 0x24, 0x43,
    0xc4, 0x3, 0xe9, 0x30, 0xf0, 0x0, 0xd0, 0x17,
    0xb9, 0x0, 0x5, 0x71, 0x81, 0xcc, 0x2, 0x4c,
    0x11, 0x46, 0xff, 0xba, 0x8c, 0x2a, 0x0, 0x38,
    0xfa, 0x50, 0x40, 0x2, 0x71, 0xca, 0x1, 0x0,

    /* U+1ED1 "ố" */
    0x0, 0xff, 0xb7, 0xdc, 0x3, 0xfc, 0xc4, 0xae,
    0x1, 0xd9, 0xfe, 0x61, 0x85, 0xa0, 0xe, 0x93,
    0x41, 0x95, 0xca, 0x0, 0xe7, 0x67, 0xbf, 0x3b,
    0x10, 0xf, 0xb2, 0x0, 0x72, 0x58, 0x3, 0xce,
    0x60, 0x19, 0x94, 0x3, 0xc5, 0x3b, 0xfd, 0x8e,
    0x20, 0x1c, 0xfa, 0xc4, 0x2, 0x71, 0xe6, 0x1,
    0x2c, 0x3, 0x77, 0xfb, 0xc, 0x74, 0x40, 0x16,
    0xb, 0x22, 0x0, 0x3c, 0x21, 0x80, 0x31, 0x8,
    0x0, 0xf5, 0x83, 0x82, 0x0, 0x90, 0x7, 0x90,
    0x4, 0xbc, 0xc, 0x3, 0xe3, 0x0, 0x30, 0x7,
    0xff, 0xb, 0x80, 0x80, 0x3e, 0x20, 0x3, 0xa8,
    0x0, 0xc0, 0x3c, 0x80, 0x3, 0x31, 0x4, 0x80,
    0x7a, 0x41, 0x40, 0x1c, 0xb, 0x2, 0x0, 0x2b,
    0x10, 0x80, 0x1, 0xd0, 0x3f, 0x75, 0xa8, 0x38,
    0x40, 0x12, 0xeb, 0x10, 0x88, 0xdf, 0xcc, 0x0,

    /* U+1ED2 "Ồ" */
    0x0, 0x24, 0x30, 0x7, 0xff, 0xd, 0x5a, 0x48,
    0x3, 0xff, 0x84, 0x3a, 0x32, 0x3, 0x10, 0x40,
    0xf, 0xf1, 0xe1, 0x96, 0xbb, 0xac, 0xc0, 0x3f,
    0xc5, 0x10, 0x38, 0xd1, 0xd2, 0x0, 0xff, 0x42,
    0x5b, 0x97, 0xae, 0x8, 0x7, 0xf4, 0x72, 0x0,
    0x6, 0xf8, 0x40, 0x3f, 0xf9, 0xed, 0x7d, 0xfe,
    0xec, 0x71, 0x0, 0xf8, 0xfa, 0x50, 0x40, 0x2,
    0x71, 0xcc, 0x1, 0xc9, 0x82, 0x28, 0xce, 0xfd,
    0xa3, 0x9, 0x80, 0x8, 0x68, 0xb, 0xdc, 0xc4,
    0x9, 0x71, 0x81, 0xcc, 0x1, 0x22, 0x1e, 0x20,
    0x1f, 0x49, 0x87, 0x80, 0x14, 0x14, 0x80, 0x3f,
    0xa4, 0xc, 0x8a, 0xf, 0x0, 0xff, 0x28, 0x1,
    0x58, 0x0, 0xe0, 0x1f, 0xf1, 0x7, 0x8, 0x0,
    0xc0, 0x3f, 0xe1, 0x3, 0x0, 0xff, 0xe3, 0x8,
    0x0, 0xc0, 0x3f, 0xe1, 0x3, 0x60, 0x3, 0x80,
    0x7f, 0xc4, 0x1c, 0x44, 0xf, 0x0, 0xff, 0x28,
    0x1, 0x41, 0x41, 0x48, 0x3, 0xfa, 0x40, 0xc8,
    0x24, 0x43, 0xc4, 0x3, 0xe9, 0x30, 0xf0, 0x0,
    0xd0, 0x17, 0xb9, 0x0, 0x5, 0x71, 0x81, 0xcc,
    0x2, 0x4c, 0x11, 0x46, 0xff, 0xba, 0x8c, 0x2a,
    0x0, 0x38, 0xfa, 0x50, 0x40, 0x2, 0x71, 0xca,
    0x1, 0x0,

    /* U+1ED3 "ồ" */
    0xbf, 0x90, 0xf, 0xfa, 0x89, 0x88, 0x3, 0xfc,
    0x38, 0x52, 0x17, 0xfe, 0x70, 0xf, 0xe, 0xd4,
    0x21, 0x8c, 0x28, 0x7, 0xce, 0xe6, 0xcf, 0x4a,
    0x30, 0xf, 0xd, 0xc8, 0xd, 0xca, 0x80, 0x79,
    0xd0, 0x3, 0x33, 0x0, 0x3c, 0x53, 0xbf, 0xd8,
    0xe2, 0x1, 0xcf, 0xac, 0x40, 0x27, 0x1e, 0x60,
    0x12, 0xc0, 0x37, 0x7f, 0xb0, 0xc7, 0x44, 0x1,
    0x60, 0xb2, 0x20, 0x3, 0xc2, 0x18, 0x3, 0x10,
    0x80, 0xf, 0x58, 0x38, 0x20, 0x9, 0x0, 0x79,
    0x0, 0x4b, 0xc0, 0xc0, 0x3e, 0x30, 0x3, 0x0,
    0x7f, 0xf0, 0xb8, 0x8, 0x3, 0xe2, 0x0, 0x3a,
    0x80, 0xc, 0x3, 0xc8, 0x0, 0x33, 0x10, 0x48,
    0x7, 0xa4, 0x14, 0x1, 0xc0, 0xb0, 0x20, 0x2,
    0xb1, 0x8, 0x0, 0x1d, 0x3, 0xf7, 0x5a, 0x83,
    0x84, 0x1, 0x2e, 0xb1, 0x8, 0x8d, 0xfc, 0xc0,
    0x0,

    /* U+1ED4 "Ổ" */
    0x0, 0xff, 0x8f, 0xb5, 0x80, 0x3f, 0xf8, 0x47,
    0x97, 0x24, 0x1, 0xff, 0xc2, 0x20, 0xf, 0xfe,
    0x0, 0xbb, 0x8c, 0x26, 0x28, 0x80, 0x3f, 0xaa,
    0x21, 0xa2, 0x26, 0x50, 0xf, 0xe7, 0x43, 0x51,
    0xb8, 0x80, 0x7, 0xf1, 0xc2, 0x65, 0x32, 0xb8,
    0x7, 0xfa, 0xde, 0xc0, 0x13, 0x2e, 0x0, 0xff,
    0x44, 0x0, 0x33, 0x48, 0x7, 0xf9, 0xaf, 0xbf,
    0xdd, 0x8e, 0x20, 0x1f, 0x1f, 0x4a, 0x8, 0x0,
    0x4e, 0x39, 0x80, 0x39, 0x30, 0x45, 0x19, 0xdf,
    0xb4, 0x61, 0x30, 0x1, 0xd, 0x1, 0x7b, 0x98,
    0x81, 0x2e, 0x30, 0x39, 0x80, 0x24, 0x43, 0xc4,
    0x3, 0xe9, 0x30, 0xf0, 0x2, 0x82, 0x90, 0x7,
    0xf4, 0x81, 0x91, 0x41, 0xe0, 0x1f, 0xe5, 0x0,
    0x2b, 0x0, 0x1c, 0x3, 0xfe, 0x20, 0xe1, 0x0,
    0x18, 0x7, 0xfc, 0x20, 0x60, 0x1f, 0xfc, 0x61,
    0x0, 0x18, 0x7, 0xfc, 0x20, 0x6c, 0x0, 0x70,
    0xf, 0xf8, 0x83, 0x88, 0x81, 0xe0, 0x1f, 0xe5,
    0x0, 0x28, 0x28, 0x29, 0x0, 0x7f, 0x48, 0x19,
    0x4, 0x88, 0x78, 0x80, 0x7d, 0x26, 0x1e, 0x0,
    0x1a, 0x2, 0xf7, 0x20, 0x0, 0xae, 0x30, 0x39,
    0x80, 0x49, 0x82, 0x28, 0xdf, 0xf7, 0x51, 0x85,
    0x40, 0x7, 0x1f, 0x4a, 0x8, 0x0, 0x4e, 0x39,
    0x40, 0x20,

    /* U+1ED5 "ổ" */
    0x0, 0xfe, 0x7e, 0xc3, 0x0, 0xff, 0x36, 0x37,
    0x0, 0x7f, 0x84, 0xb4, 0xc0, 0x3f, 0xe9, 0x95,
    0x80, 0x7b, 0x3f, 0xcc, 0x9, 0x6a, 0x1, 0xd2,
    0x66, 0x19, 0x4f, 0x50, 0xe, 0x76, 0x7c, 0xf3,
    0xb1, 0x0, 0xfa, 0xe0, 0x7, 0x25, 0x80, 0x3c,
    0xe8, 0x1, 0x99, 0x40, 0x3c, 0x53, 0xbf, 0xd8,
    0xe2, 0x1, 0xcf, 0xac, 0x40, 0x27, 0x1e, 0x60,
    0x12, 0xc0, 0x37, 0x7f, 0xb0, 0xc7, 0x44, 0x1,
    0x60, 0xb2, 0x20, 0x3, 0xc2, 0x18, 0x3, 0x10,
    0x80, 0xf, 0x58, 0x38, 0x20, 0x9, 0x0, 0x79,
    0x0, 0x4b, 0xc0, 0xc0, 0x3e, 0x30, 0x3, 0x0,
    0x7f, 0xf0, 0xb8, 0x8, 0x3, 0xe2, 0x0, 0x3a,
    0x80, 0xc, 0x3, 0xc8, 0x0, 0x33, 0x10, 0x48,
    0x7, 0xa4, 0x14, 0x1, 0xc0, 0xb0, 0x20, 0x2,
    0xb1, 0x8, 0x0, 0x1d, 0x3, 0xf7, 0x5a, 0x83,
    0x84, 0x1, 0x2e, 0xb1, 0x8, 0x8d, 0xfc, 0xc0,
    0x0,

    /* U+1ED6 "Ỗ" */
    0x0, 0xff, 0xe5, 0x8e, 0x7e, 0xb0, 0x9f, 0x88,
    0x7, 0xf4, 0x13, 0x8c, 0xf6, 0x20, 0x80, 0x7f,
    0x76, 0xc6, 0x61, 0xe6, 0xc0, 0x3f, 0xce, 0x65,
    0x53, 0xac, 0x1, 0xff, 0xc1, 0xf5, 0x55, 0x18,
    0x7, 0xff, 0x2, 0xca, 0x30, 0x74, 0x40, 0x3f,
    0xd2, 0xb6, 0xe7, 0xeb, 0x80, 0x1f, 0xe9, 0xe4,
    0x0, 0xd, 0xe8, 0x7, 0xff, 0x41, 0xaf, 0xbf,
    0xdd, 0x8e, 0x20, 0x1f, 0x1f, 0x4a, 0x8, 0x0,
    0x4e, 0x39, 0x80, 0x39, 0x30, 0x45, 0x19, 0xdf,
    0xb4, 0x61, 0x30, 0x1, 0xd, 0x1, 0x7b, 0x98,
    0x81, 0x2e, 0x30, 0x39, 0x80, 0x24, 0x43, 0xc4,
    0x3, 0xe9, 0x30, 0xf0, 0x2, 0x82, 0x90, 0x7,
    0xf4, 0x81, 0x91, 0x41, 0xe0, 0x1f, 0xe5, 0x0,
    0x2b, 0x0, 0x1c, 0x3, 0xfe, 0x20, 0xe1, 0x0,
    0x18, 0x7, 0xfc, 0x20, 0x60, 0x1f, 0xfc, 0x61,
    0x0, 0x18, 0x7, 0xfc, 0x20, 0x6c, 0x0, 0x70,
    0xf, 0xf8, 0x83, 0x88, 0x81, 0xe0, 0x1f, 0xe5,
    0x0, 0x28, 0x28, 0x29, 0x0, 0x7f, 0x48, 0x19,
    0x4, 0x88, 0x78, 0x80, 0x7d, 0x26, 0x1e, 0x0,
    0x1a, 0x2, 0xf7, 0x20, 0x0, 0xae, 0x30, 0x39,
    0x80, 0x49, 0x82, 0x28, 0xdf, 0xf7, 0x51, 0x85,
    0x40, 0x7, 0x1f, 0x4a, 0x8, 0x0, 0x4e, 0x39,
    0x40, 0x20,

    /* U+1ED7 "ỗ" */
    0x0, 0x8b, 0x7e, 0x44, 0x17, 0x40, 0x3d, 0xc0,
    0xad, 0xf3, 0x6a, 0x1, 0xc2, 0x7f, 0x5a, 0x8c,
    0xb2, 0x1, 0xc3, 0xe4, 0x5, 0x5f, 0x62, 0x1,
    0xfa, 0xff, 0xce, 0x1, 0xfd, 0x68, 0xc9, 0xc,
    0x1, 0xf5, 0xb5, 0xcd, 0xcc, 0x9c, 0x3, 0xd5,
    0xa8, 0x0, 0x6f, 0x70, 0xf, 0x8, 0x7, 0xff,
    0x4, 0xa7, 0x7f, 0xb1, 0xc4, 0x3, 0x9f, 0x58,
    0x80, 0x4e, 0x3c, 0xc0, 0x25, 0x80, 0x6e, 0xff,
    0x61, 0x8e, 0x88, 0x2, 0xc1, 0x64, 0x40, 0x7,
    0x84, 0x30, 0x6, 0x21, 0x0, 0x1e, 0xb0, 0x70,
    0x40, 0x12, 0x0, 0xf2, 0x0, 0x97, 0x81, 0x80,
    0x7c, 0x60, 0x6, 0x0, 0xff, 0xe1, 0x70, 0x10,
    0x7, 0xc4, 0x0, 0x75, 0x0, 0x18, 0x7, 0x90,
    0x0, 0x66, 0x20, 0x90, 0xf, 0x48, 0x28, 0x3,
    0x81, 0x60, 0x40, 0x5, 0x62, 0x10, 0x0, 0x3a,
    0x7, 0xee, 0xb5, 0x7, 0x8, 0x2, 0x5d, 0x62,
    0x11, 0x1b, 0xf9, 0x80, 0x0,

    /* U+1ED8 "Ộ" */
    0x0, 0xf8, 0x5e, 0x10, 0x3, 0xff, 0x85, 0x50,
    0xf4, 0x40, 0x1f, 0xfc, 0x9, 0x43, 0x61, 0xf1,
    0x0, 0xff, 0x3b, 0x26, 0x4c, 0x8b, 0x4, 0x3,
    0xf0, 0x85, 0x58, 0x1, 0xb5, 0x54, 0x1, 0xf8,
    0x5d, 0x40, 0x31, 0x42, 0x0, 0x7f, 0xf3, 0xda,
    0xfb, 0xfd, 0xd8, 0xe2, 0x1, 0xf1, 0xf4, 0xa0,
    0x80, 0x4, 0xe3, 0x98, 0x3, 0x93, 0x4, 0x51,
    0x9d, 0xfb, 0x46, 0x13, 0x0, 0x10, 0xd0, 0x17,
    0xb9, 0x88, 0x12, 0xe3, 0x3, 0x98, 0x2, 0x44,
    0x3c, 0x40, 0x3e, 0x93, 0xf, 0x0, 0x28, 0x29,
    0x0, 0x7f, 0x48, 0x19, 0x14, 0x1e, 0x1, 0xfe,
    0x50, 0x2, 0xb0, 0x1, 0xc0, 0x3f, 0xe2, 0xe,
    0x10, 0x1, 0x80, 0x7f, 0xc2, 0x6, 0x1, 0xff,
    0xc6, 0x10, 0x1, 0x80, 0x7f, 0xc2, 0x6, 0xc0,
    0x7, 0x0, 0xff, 0x88, 0x38, 0x88, 0x1e, 0x1,
    0xfe, 0x50, 0x2, 0x82, 0x82, 0x90, 0x7, 0xf4,
    0x81, 0x90, 0x48, 0x87, 0x88, 0x7, 0xd2, 0x61,
    0xe0, 0x1, 0xa0, 0x2f, 0x72, 0x0, 0xa, 0xe3,
    0x3, 0x98, 0x4, 0x98, 0x22, 0x8d, 0xff, 0x75,
    0x18, 0x54, 0x0, 0x71, 0xf4, 0xa0, 0x80, 0x4,
    0xe3, 0x94, 0x3, 0xf3, 0x5f, 0x7f, 0xbb, 0x1c,
    0x40, 0x3f, 0xf8, 0x15, 0x84, 0x1, 0xff, 0xc2,
    0x25, 0x35, 0x0, 0xff, 0xe1, 0x11, 0x8a, 0x0,
    0x7c,

    /* U+1ED9 "ộ" */
    0x0, 0xea, 0xff, 0x38, 0x7, 0xf4, 0x29, 0x4,
    0x28, 0x7, 0xd0, 0xe9, 0xba, 0x2a, 0x50, 0xe,
    0x32, 0xab, 0x2, 0xd8, 0xf2, 0x0, 0xc7, 0x4a,
    0x1, 0x9e, 0x88, 0x3, 0x8a, 0x77, 0xfb, 0x1c,
    0x40, 0x39, 0xf5, 0x88, 0x4, 0xe3, 0xcc, 0x2,
    0x58, 0x6, 0xef, 0xf6, 0x18, 0xe8, 0x80, 0x2c,
    0x16, 0x44, 0x0, 0x78, 0x43, 0x0, 0x62, 0x10,
    0x1, 0xeb, 0x7, 0x4, 0x1, 0x20, 0xf, 0x20,
    0x9, 0x78, 0x18, 0x7, 0xc6, 0x0, 0x60, 0xf,
    0xfe, 0x17, 0x1, 0x0, 0x7c, 0x40, 0x7, 0x50,
    0x1, 0x80, 0x79, 0x0, 0x6, 0x62, 0x9, 0x0,
    0xf4, 0x82, 0x80, 0x38, 0x16, 0x4, 0x0, 0x56,
    0x21, 0x0, 0x3, 0xa0, 0x7e, 0xeb, 0x50, 0x70,
    0x80, 0x25, 0xd6, 0x21, 0x11, 0xbf, 0x98, 0x7,
    0x14, 0xef, 0xfb, 0x20, 0x40, 0x3f, 0x16, 0x50,
    0x7, 0xfd, 0x46, 0xa2, 0x1, 0xfe, 0xb1, 0x41,
    0x0, 0xe0,

    /* U+1EDA "Ớ" */
    0x0, 0xff, 0x3c, 0x30, 0x7, 0xff, 0x12, 0x20,
    0xea, 0x1, 0xff, 0xc3, 0x27, 0xa, 0x30, 0xf,
    0xfe, 0x1f, 0x85, 0x28, 0x7, 0xff, 0xc, 0x97,
    0x14, 0x3, 0xff, 0x88, 0x50, 0x60, 0x1f, 0xfc,
    0xfc, 0xfd, 0x0, 0xe6, 0xbe, 0xff, 0x75, 0xb0,
    0x6, 0x10, 0x40, 0x8, 0xfa, 0x50, 0x40, 0x2,
    0x93, 0xca, 0x4, 0x40, 0xb0, 0x2, 0x60, 0x8a,
    0x33, 0xbf, 0x68, 0xc6, 0xa7, 0xc1, 0xc8, 0x6,
    0x80, 0xbd, 0xcc, 0x40, 0x97, 0x18, 0x18, 0xe6,
    0x0, 0x12, 0x21, 0xe2, 0x1, 0xf4, 0x90, 0x13,
    0x0, 0x4a, 0xa, 0x40, 0x1f, 0xd0, 0x6, 0x40,
    0x2, 0x20, 0x78, 0x7, 0xf9, 0x0, 0x8, 0x0,
    0x60, 0x3, 0x80, 0x7f, 0x84, 0x41, 0xe0, 0x1,
    0x0, 0x18, 0x7, 0xfc, 0x40, 0x60, 0x1f, 0xfc,
    0x51, 0x0, 0xc2, 0x0, 0x30, 0xf, 0xf8, 0xc0,
    0x80, 0xc, 0x0, 0x70, 0xf, 0xf0, 0x88, 0x38,
    0x0, 0x44, 0xf, 0x0, 0xff, 0x20, 0x1, 0x0,
    0x25, 0x5, 0x20, 0xf, 0xe8, 0x3, 0x20, 0xa,
    0x44, 0x3c, 0x40, 0x3e, 0x92, 0xf, 0x0, 0xc3,
    0x40, 0x5e, 0xe4, 0x0, 0x15, 0xc6, 0x8, 0x30,
    0xe, 0x4c, 0x11, 0x46, 0xff, 0xba, 0x8c, 0x29,
    0xc0, 0x3e, 0x3e, 0x94, 0x10, 0x0, 0x9c, 0x72,
    0x80, 0x70,

    /* U+1EDB "ớ" */
    0x0, 0xfa, 0x3f, 0xc8, 0x1, 0xff, 0x1b, 0x85,
    0x20, 0x7, 0xf8, 0x74, 0x29, 0x40, 0x3f, 0xe7,
    0x4d, 0x50, 0xd, 0x14, 0xe0, 0x1c, 0xd4, 0x40,
    0x1c, 0xcb, 0xe0, 0x11, 0x4e, 0xff, 0xb1, 0xc0,
    0x4, 0x21, 0x60, 0x7, 0xd6, 0x20, 0x1, 0xc7,
    0x37, 0x83, 0x18, 0x2c, 0x3, 0xf7, 0xfb, 0x50,
    0x64, 0x9e, 0x40, 0x16, 0xd, 0x2, 0x0, 0x2b,
    0x20, 0x68, 0x0, 0x18, 0x85, 0x80, 0x7a, 0xc1,
    0xc0, 0x24, 0x1, 0x20, 0xf, 0x20, 0x9, 0x0,
    0x3c, 0xc, 0x3, 0xe3, 0x0, 0x30, 0x7, 0xff,
    0x1b, 0x80, 0xc0, 0x3e, 0x30, 0x3, 0x80, 0x14,
    0x4, 0x80, 0x3c, 0x80, 0x3, 0x0, 0x19, 0x5,
    0x80, 0x7a, 0xc1, 0x40, 0x37, 0x3, 0x40, 0x80,
    0xa, 0xc8, 0x20, 0x3, 0x1d, 0x3, 0xf7, 0x5a,
    0x83, 0x84, 0x1, 0xcb, 0xac, 0x42, 0x23, 0x7f,
    0x30, 0xc,

    /* U+1EDC "Ờ" */
    0x0, 0xe1, 0x88, 0x28, 0x7, 0xff, 0x10, 0x49,
    0xe8, 0x40, 0x3f, 0xf8, 0x94, 0x81, 0x40, 0x1f,
    0xfc, 0x5b, 0x44, 0x30, 0x7, 0xff, 0x16, 0xe4,
    0x40, 0x3f, 0xf8, 0xcc, 0xe0, 0x1f, 0xfc, 0xec,
    0xfd, 0x0, 0xe6, 0xbe, 0xff, 0x75, 0xb0, 0x6,
    0x10, 0x40, 0x8, 0xfa, 0x50, 0x40, 0x2, 0x93,
    0xca, 0x4, 0x40, 0xb0, 0x2, 0x60, 0x8a, 0x33,
    0xbf, 0x68, 0xc6, 0xa7, 0xc1, 0xc8, 0x6, 0x80,
    0xbd, 0xcc, 0x40, 0x97, 0x18, 0x18, 0xe6, 0x0,
    0x12, 0x21, 0xe2, 0x1, 0xf4, 0x90, 0x13, 0x0,
    0x4a, 0xa, 0x40, 0x1f, 0xd0, 0x6, 0x40, 0x2,
    0x20, 0x78, 0x7, 0xf9, 0x0, 0x8, 0x0, 0x60,
    0x3, 0x80, 0x7f, 0x84, 0x41, 0xe0, 0x1, 0x0,
    0x18, 0x7, 0xfc, 0x40, 0x60, 0x1f, 0xfc, 0x51,
    0x0, 0xc2, 0x0, 0x30, 0xf, 0xf8, 0xc0, 0x80,
    0xc, 0x0, 0x70, 0xf, 0xf0, 0x88, 0x38, 0x0,
    0x44, 0xf, 0x0, 0xff, 0x20, 0x1, 0x0, 0x25,
    0x5, 0x20, 0xf, 0xe8, 0x3, 0x20, 0xa, 0x44,
    0x3c, 0x40, 0x3e, 0x92, 0xf, 0x0, 0xc3, 0x40,
    0x5e, 0xe4, 0x0, 0x15, 0xc6, 0x8, 0x30, 0xe,
    0x4c, 0x11, 0x46, 0xff, 0xba, 0x8c, 0x29, 0xc0,
    0x3e, 0x3e, 0x94, 0x10, 0x0, 0x9c, 0x72, 0x80,
    0x70,

    /* U+1EDD "ờ" */
    0x0, 0x93, 0xfd, 0x0, 0x1f, 0xfc, 0x4, 0xa0,
    0x73, 0x0, 0xff, 0xe0, 0x2d, 0x6, 0x88, 0x7,
    0xff, 0x1, 0x75, 0x1c, 0x3, 0x45, 0x38, 0x7,
    0x8a, 0x98, 0x3, 0x32, 0xf8, 0x4, 0x53, 0xbf,
    0xec, 0x70, 0x1, 0x8, 0x58, 0x1, 0xf5, 0x88,
    0x0, 0x71, 0xcd, 0xe0, 0xc6, 0xb, 0x0, 0xfd,
    0xfe, 0xd4, 0x19, 0x27, 0x90, 0x5, 0x83, 0x40,
    0x80, 0xa, 0xc8, 0x1a, 0x0, 0x6, 0x21, 0x60,
    0x1e, 0xb0, 0x70, 0x9, 0x0, 0x48, 0x3, 0xc8,
    0x2, 0x40, 0xf, 0x3, 0x0, 0xf8, 0xc0, 0xc,
    0x1, 0xff, 0xc6, 0xe0, 0x30, 0xf, 0x8c, 0x0,
    0xe0, 0x5, 0x1, 0x20, 0xf, 0x20, 0x0, 0xc0,
    0x6, 0x41, 0x60, 0x1e, 0xb0, 0x50, 0xd, 0xc0,
    0xd0, 0x20, 0x2, 0xb2, 0x8, 0x0, 0xc7, 0x40,
    0xfd, 0xd6, 0xa0, 0xe1, 0x0, 0x72, 0xeb, 0x10,
    0x88, 0xdf, 0xcc, 0x3, 0x0,

    /* U+1EDE "Ở" */
    0x0, 0xfc, 0x20, 0x1f, 0xfc, 0x69, 0xef, 0xd3,
    0x0, 0xff, 0xe1, 0xd5, 0xc1, 0x68, 0x7, 0xff,
    0xc, 0xd1, 0xd0, 0x40, 0x3f, 0xf8, 0x87, 0x8,
    0x60, 0x1f, 0xfc, 0x49, 0x77, 0x68, 0x7, 0xff,
    0x10, 0xc6, 0x4, 0x3, 0xff, 0x89, 0x18, 0x1,
    0xf6, 0x7e, 0x80, 0x73, 0x5f, 0x73, 0x7a, 0xd8,
    0x3, 0x8, 0x20, 0x4, 0x7d, 0x28, 0x20, 0x1,
    0x49, 0xe5, 0x2, 0x20, 0x58, 0x1, 0x30, 0x45,
    0x19, 0xdf, 0xb4, 0x63, 0x53, 0xe0, 0xe4, 0x3,
    0x40, 0x5e, 0xe6, 0x20, 0x4b, 0x8c, 0xc, 0x73,
    0x0, 0x9, 0x10, 0xf1, 0x0, 0xfa, 0x48, 0x9,
    0x80, 0x25, 0x5, 0x20, 0xf, 0xe8, 0x3, 0x20,
    0x1, 0x10, 0x3c, 0x3, 0xfc, 0x80, 0x4, 0x0,
    0x30, 0x1, 0xc0, 0x3f, 0xc2, 0x20, 0xf0, 0x0,
    0x80, 0xc, 0x3, 0xfe, 0x20, 0x30, 0xf, 0xfe,
    0x28, 0x80, 0x61, 0x0, 0x18, 0x7, 0xfc, 0x60,
    0x40, 0x6, 0x0, 0x38, 0x7, 0xf8, 0x44, 0x1c,
    0x0, 0x22, 0x7, 0x80, 0x7f, 0x90, 0x0, 0x80,
    0x12, 0x82, 0x90, 0x7, 0xf4, 0x1, 0x90, 0x5,
    0x22, 0x1e, 0x20, 0x1f, 0x49, 0x7, 0x80, 0x61,
    0xa0, 0x2f, 0x72, 0x0, 0xa, 0xe3, 0x4, 0x18,
    0x7, 0x26, 0x8, 0xa3, 0x7f, 0xdd, 0x46, 0x14,
    0xe0, 0x1f, 0x1f, 0x4a, 0x8, 0x0, 0x4e, 0x39,
    0x40, 0x38,

    /* U+1EDF "ở" */
    0x0, 0xf0, 0x80, 0x7f, 0xf0, 0xbb, 0x9f, 0x42,
    0x1, 0xff, 0x55, 0x19, 0x60, 0x3, 0xfe, 0x45,
    0x80, 0x20, 0xf, 0xfe, 0x3, 0xe0, 0x70, 0x7,
    0xff, 0x2, 0x7, 0x54, 0x3, 0xff, 0x80, 0x76,
    0x40, 0x1a, 0xf6, 0x40, 0x3d, 0x8e, 0x1, 0xc8,
    0x42, 0x1, 0x14, 0xef, 0xfb, 0x1c, 0x0, 0x60,
    0xa, 0x0, 0x3e, 0xb1, 0x0, 0xe, 0x39, 0xb8,
    0x18, 0x81, 0x60, 0x1f, 0xbf, 0xda, 0x83, 0x24,
    0xf2, 0x0, 0xb0, 0x68, 0x10, 0x1, 0x59, 0x3,
    0x40, 0x0, 0xc4, 0x2c, 0x3, 0xd6, 0xe, 0x1,
    0x20, 0x9, 0x0, 0x79, 0x0, 0x48, 0x1, 0xe0,
    0x60, 0x1f, 0x18, 0x1, 0x80, 0x3f, 0xf8, 0xdc,
    0x6, 0x1, 0xf1, 0x80, 0x1c, 0x0, 0xa0, 0x24,
    0x1, 0xe4, 0x0, 0x18, 0x0, 0xc8, 0x2c, 0x3,
    0xd6, 0xa, 0x1, 0xb8, 0x1a, 0x4, 0x0, 0x56,
    0x41, 0x0, 0x18, 0xe8, 0x1f, 0xba, 0xd4, 0x1c,
    0x20, 0xe, 0x5d, 0x62, 0x11, 0x1b, 0xf9, 0x80,
    0x60,

    /* U+1EE0 "Ỡ" */
    0x0, 0xe1, 0xab, 0x60, 0x9, 0xa8, 0x3, 0xfe,
    0xc5, 0x49, 0xc3, 0x1b, 0x0, 0xff, 0x94, 0xaf,
    0x98, 0xf3, 0x8a, 0x40, 0x3f, 0xc6, 0xa8, 0x33,
    0x8a, 0x96, 0x60, 0x1f, 0xe6, 0xa0, 0x8, 0xea,
    0xd0, 0x3, 0xff, 0x99, 0x9f, 0xa0, 0x1c, 0xd7,
    0xdf, 0xee, 0xb6, 0x0, 0xc2, 0x8, 0x1, 0x1f,
    0x4a, 0x8, 0x0, 0x52, 0x79, 0x40, 0x88, 0x16,
    0x0, 0x4c, 0x11, 0x46, 0x77, 0xed, 0x18, 0xd4,
    0xf8, 0x39, 0x0, 0xd0, 0x17, 0xb9, 0x88, 0x12,
    0xe3, 0x3, 0x1c, 0xc0, 0x2, 0x44, 0x3c, 0x40,
    0x3e, 0x92, 0x2, 0x60, 0x9, 0x41, 0x48, 0x3,
    0xfa, 0x0, 0xc8, 0x0, 0x44, 0xf, 0x0, 0xff,
    0x20, 0x1, 0x0, 0xc, 0x0, 0x70, 0xf, 0xf0,
    0x88, 0x3c, 0x0, 0x20, 0x3, 0x0, 0xff, 0x88,
    0xc, 0x3, 0xff, 0x8a, 0x20, 0x18, 0x40, 0x6,
    0x1, 0xff, 0x18, 0x10, 0x1, 0x80, 0xe, 0x1,
    0xfe, 0x11, 0x7, 0x0, 0x8, 0x81, 0xe0, 0x1f,
    0xe4, 0x0, 0x20, 0x4, 0xa0, 0xa4, 0x1, 0xfd,
    0x0, 0x64, 0x1, 0x48, 0x87, 0x88, 0x7, 0xd2,
    0x41, 0xe0, 0x18, 0x68, 0xb, 0xdc, 0x80, 0x2,
    0xb8, 0xc1, 0x6, 0x1, 0xc9, 0x82, 0x28, 0xdf,
    0xf7, 0x51, 0x85, 0x38, 0x7, 0xc7, 0xd2, 0x82,
    0x0, 0x13, 0x8e, 0x50, 0xe,

    /* U+1EE1 "ỡ" */
    0x0, 0xd, 0xff, 0xbb, 0x73, 0x1e, 0xe0, 0x1e,
    0xa4, 0x32, 0x2, 0x32, 0x67, 0x0, 0xf5, 0xfe,
    0x6f, 0x7f, 0xba, 0x40, 0x1b, 0xf6, 0x1, 0xff,
    0xc1, 0x20, 0xc0, 0x8, 0xa7, 0x7f, 0xd8, 0xe0,
    0x3, 0x0, 0x30, 0x1, 0xf5, 0x88, 0x0, 0x71,
    0xcd, 0xc0, 0xe2, 0xb, 0x0, 0xfd, 0xfe, 0xd4,
    0x19, 0x27, 0x80, 0x5, 0x83, 0x40, 0x80, 0xa,
    0xc8, 0x1a, 0x0, 0x6, 0x21, 0x60, 0x1e, 0xb0,
    0x70, 0x9, 0x0, 0x48, 0x3, 0xc8, 0x2, 0x40,
    0xf, 0x3, 0x0, 0xf8, 0xc0, 0xc, 0x1, 0xff,
    0xc6, 0xe0, 0x30, 0xf, 0x8c, 0x0, 0xe0, 0x5,
    0x1, 0x20, 0xf, 0x20, 0x0, 0xc0, 0x6, 0x41,
    0x60, 0x1e, 0xb0, 0x50, 0xd, 0xc0, 0xd0, 0x20,
    0x2, 0xb2, 0x8, 0x0, 0xc7, 0x40, 0xfd, 0xd6,
    0xa0, 0xe1, 0x0, 0x72, 0xeb, 0x10, 0x88, 0xdf,
    0xcc, 0x3, 0x0,

    /* U+1EE2 "Ợ" */
    0x0, 0xff, 0xe2, 0xe7, 0xe8, 0x7, 0x35, 0xf7,
    0xfb, 0xad, 0x80, 0x30, 0x82, 0x0, 0x47, 0xd2,
    0x82, 0x0, 0x14, 0x9e, 0x50, 0x22, 0x5, 0x80,
    0x13, 0x4, 0x51, 0x9d, 0xfb, 0x46, 0x35, 0x3e,
    0xe, 0x40, 0x34, 0x5, 0xee, 0x62, 0x4, 0xb8,
    0xc0, 0xc7, 0x30, 0x0, 0x91, 0xf, 0x10, 0xf,
    0xa4, 0x80, 0x98, 0x2, 0x50, 0x52, 0x0, 0xfe,
    0x80, 0x32, 0x0, 0x11, 0x3, 0xc0, 0x3f, 0xc8,
    0x0, 0x40, 0x3, 0x0, 0x1c, 0x3, 0xfc, 0x22,
    0xf, 0x0, 0x8, 0x0, 0xc0, 0x3f, 0xe2, 0x3,
    0x0, 0xff, 0xe2, 0x88, 0x6, 0x10, 0x1, 0x80,
    0x7f, 0xc6, 0x4, 0x0, 0x60, 0x3, 0x80, 0x7f,
    0x84, 0x41, 0xc0, 0x2, 0x20, 0x78, 0x7, 0xf9,
    0x0, 0x8, 0x1, 0x28, 0x29, 0x0, 0x7f, 0x40,
    0x19, 0x0, 0x52, 0x21, 0xe2, 0x1, 0xf4, 0x90,
    0x78, 0x6, 0x1a, 0x2, 0xf7, 0x20, 0x0, 0xae,
    0x30, 0x41, 0x80, 0x72, 0x60, 0x8a, 0x37, 0xfd,
    0xd4, 0x61, 0x4e, 0x1, 0xf1, 0xf4, 0xa0, 0x80,
    0x4, 0xe3, 0x94, 0x3, 0xfc, 0xd7, 0xdf, 0xee,
    0xc7, 0x10, 0xf, 0xfe, 0x15, 0xe0, 0x80, 0x7f,
    0xf1, 0xd, 0xd, 0xc0, 0x3f, 0xf8, 0x86, 0x42,
    0x80, 0x1f, 0xc0,

    /* U+1EE3 "ợ" */
    0x0, 0xff, 0xe0, 0xef, 0xd8, 0x7, 0xff, 0x4,
    0x83, 0x0, 0x22, 0x9d, 0xff, 0x63, 0x80, 0xc,
    0x0, 0xc0, 0x7, 0xd6, 0x20, 0x1, 0xc7, 0x37,
    0x3, 0x88, 0x2c, 0x3, 0xf7, 0xfb, 0x50, 0x64,
    0x9e, 0x0, 0x16, 0xd, 0x2, 0x0, 0x2b, 0x20,
    0x68, 0x0, 0x18, 0x85, 0x80, 0x7a, 0xc1, 0xc0,
    0x24, 0x1, 0x20, 0xf, 0x20, 0x9, 0x0, 0x3c,
    0xc, 0x3, 0xe3, 0x0, 0x30, 0x7, 0xff, 0x1b,
    0x80, 0xc0, 0x3e, 0x30, 0x3, 0x80, 0x14, 0x4,
    0x80, 0x3c, 0x80, 0x3, 0x0, 0x19, 0x5, 0x80,
    0x7a, 0xc1, 0x40, 0x37, 0x3, 0x40, 0x80, 0xa,
    0xc8, 0x20, 0x3, 0x1d, 0x3, 0xf7, 0x5a, 0x83,
    0x84, 0x1, 0xcb, 0xac, 0x42, 0x23, 0x7f, 0x30,
    0xf, 0x8a, 0x77, 0xfd, 0x90, 0x20, 0x1f, 0xe2,
    0xca, 0x0, 0xff, 0xe0, 0xa9, 0xa9, 0x0, 0x7f,
    0xf0, 0x10, 0x4c, 0x80, 0x3e,

    /* U+1EE4 "Ụ" */
    0xaf, 0xb0, 0xf, 0xea, 0xfa, 0x0, 0xff, 0xff,
    0x80, 0x7f, 0xff, 0xc0, 0x3f, 0xf8, 0x66, 0xe,
    0x1, 0xfc, 0xc0, 0x58, 0x6, 0x20, 0x1f, 0x9,
    0x86, 0xa0, 0x2, 0xc0, 0x3e, 0xb0, 0x15, 0x19,
    0x5, 0xb4, 0x10, 0x14, 0xb5, 0xb, 0x0, 0x34,
    0x2, 0x5f, 0x7f, 0x5a, 0x4, 0xa8, 0x4, 0xfa,
    0xc4, 0x0, 0x13, 0x8e, 0x60, 0xe, 0x29, 0xdf,
    0xf7, 0x63, 0x88, 0x7, 0xf3, 0xea, 0x80, 0x7f,
    0xf0, 0x28, 0xa4, 0x3, 0xff, 0x80, 0xa1, 0x40,
    0x1e,

    /* U+1EE5 "ụ" */
    0xff, 0x30, 0x7, 0x9f, 0xf4, 0x3, 0xff, 0xfe,
    0x1, 0xff, 0xc6, 0xf0, 0x0, 0x80, 0x80, 0x78,
    0xc0, 0x4, 0x18, 0x1, 0xc4, 0x80, 0x4, 0x4,
    0x70, 0x8, 0xfc, 0x2, 0x92, 0x8, 0xfe, 0xfc,
    0x39, 0x0, 0xe, 0x39, 0x0, 0x93, 0xfb, 0x80,
    0x43, 0x1b, 0xfe, 0xd8, 0x11, 0x7e, 0x80, 0x64,
    0xd7, 0x0, 0xfe, 0xf2, 0x90, 0xf, 0xee, 0x7,
    0x0, 0xe0,

    /* U+1EE6 "Ủ" */
    0x0, 0xf0, 0x80, 0x7f, 0xf0, 0x57, 0xbf, 0x98,
    0x3, 0xfc, 0xf7, 0x27, 0x24, 0x1, 0xfc, 0x48,
    0xca, 0xc, 0x1, 0xfe, 0x28, 0x72, 0x40, 0xf,
    0xf2, 0x3b, 0xb0, 0x3, 0xfe, 0x30, 0xa1, 0x0,
    0xff, 0x97, 0xc8, 0x3, 0xd5, 0xf6, 0x1, 0xfd,
    0x5f, 0x40, 0x1f, 0xff, 0xf0, 0xf, 0xff, 0xf8,
    0x7, 0xff, 0xc, 0xc1, 0xc0, 0x3f, 0x98, 0xb,
    0x0, 0xc4, 0x3, 0xe1, 0x30, 0xd4, 0x0, 0x58,
    0x7, 0xd6, 0x2, 0xa3, 0x20, 0xb6, 0x82, 0x2,
    0x96, 0xa1, 0x60, 0x6, 0x80, 0x4b, 0xef, 0xeb,
    0x40, 0x95, 0x0, 0x9f, 0x58, 0x80, 0x2, 0x71,
    0xcc, 0x0,

    /* U+1EE7 "ủ" */
    0x0, 0xe1, 0x0, 0xff, 0x7f, 0x7d, 0x8, 0x7,
    0xd5, 0x6c, 0xb0, 0x1, 0xf2, 0xa5, 0x81, 0x80,
    0x7e, 0x9c, 0x9, 0x0, 0xfc, 0xcb, 0xc6, 0x1,
    0xf9, 0xb8, 0x40, 0x3f, 0xa5, 0x40, 0x3b, 0xfc,
    0xc0, 0x1e, 0x7f, 0xd0, 0xf, 0xff, 0xf8, 0x7,
    0xff, 0x1b, 0xc0, 0x2, 0x2, 0x1, 0xe3, 0x0,
    0x10, 0x60, 0x7, 0x12, 0x0, 0x10, 0x11, 0xc0,
    0x23, 0xf0, 0xa, 0x48, 0x23, 0xfb, 0xf0, 0xe4,
    0x0, 0x38, 0xe4, 0x2, 0x4f, 0xee, 0x0,

    /* U+1EE8 "Ứ" */
    0x0, 0xfc, 0xb0, 0xe2, 0x1, 0xff, 0xc3, 0x3a,
    0x7e, 0x10, 0xf, 0xfe, 0x1f, 0x82, 0xc8, 0x7,
    0xff, 0xe, 0xd, 0x68, 0x3, 0xff, 0x89, 0xf3,
    0x40, 0x1f, 0xfc, 0x57, 0x60, 0xf, 0xfe, 0x82,
    0xff, 0x8a, 0xbe, 0xc0, 0x3f, 0xab, 0xe8, 0x8,
    0x4, 0x80, 0x3f, 0xf8, 0x94, 0x12, 0x1, 0xff,
    0xc3, 0x4e, 0x24, 0x70, 0xf, 0xfe, 0x18, 0xad,
    0x58, 0x7, 0xff, 0x11, 0x6d, 0x40, 0x3f, 0xff,
    0xe0, 0x1f, 0xff, 0x83, 0x7, 0x0, 0xfe, 0x60,
    0x20, 0xe, 0xc0, 0x31, 0x0, 0xf8, 0x4c, 0x34,
    0x3, 0x94, 0x42, 0xc0, 0x3e, 0x80, 0x2, 0x80,
    0x7a, 0x1, 0x71, 0x4, 0x5, 0x2d, 0x82, 0x40,
    0x3e, 0x69, 0x3, 0xbe, 0xfe, 0xb4, 0x8, 0x60,
    0xf, 0xcd, 0xae, 0x62, 0x2, 0x4f, 0xae, 0x1,
    0xf0,

    /* U+1EE9 "ứ" */
    0x0, 0xf3, 0x7f, 0x98, 0x3, 0xff, 0x80, 0x52,
    0x10, 0xc0, 0x1f, 0xf0, 0xf8, 0x53, 0x80, 0x7f,
    0xf0, 0xa, 0xb5, 0x40, 0x38, 0xb7, 0x48, 0x1,
    0x8d, 0xc8, 0x3, 0xce, 0x44, 0x6f, 0xf3, 0x0,
    0x79, 0xff, 0x43, 0xc1, 0x8, 0x3, 0xfe, 0x3b,
    0x51, 0x90, 0xf, 0xfe, 0x0, 0xa2, 0xe1, 0x0,
    0x7f, 0xf0, 0xb, 0xe8, 0x80, 0x3f, 0xff, 0xe0,
    0x1b, 0xc0, 0x3e, 0x10, 0x10, 0xf, 0x18, 0x7,
    0xc4, 0x18, 0x1, 0xc4, 0x80, 0x1f, 0x20, 0x23,
    0x80, 0x47, 0xe0, 0x1f, 0xa4, 0x82, 0x3f, 0xbf,
    0xe, 0x40, 0x3e, 0x1d, 0x72, 0x1, 0x27, 0xf7,
    0x0, 0xf8,

    /* U+1EEA "Ừ" */
    0x0, 0xcd, 0xe, 0x1, 0xff, 0xc5, 0x27, 0x86,
    0x0, 0xff, 0xe2, 0x24, 0x84, 0x88, 0x7, 0xff,
    0x11, 0xa4, 0x34, 0x3, 0xff, 0x8a, 0xd6, 0x84,
    0x1, 0xff, 0xc5, 0x48, 0x20, 0xf, 0xfe, 0x72,
    0xff, 0x8a, 0xbe, 0xc0, 0x3f, 0xab, 0xe8, 0x8,
    0x4, 0x80, 0x3f, 0xf8, 0x94, 0x12, 0x1, 0xff,
    0xc3, 0x4e, 0x24, 0x70, 0xf, 0xfe, 0x18, 0xad,
    0x58, 0x7, 0xff, 0x11, 0x6d, 0x40, 0x3f, 0xff,
    0xe0, 0x1f, 0xff, 0x83, 0x7, 0x0, 0xfe, 0x60,
    0x20, 0xe, 0xc0, 0x31, 0x0, 0xf8, 0x4c, 0x34,
    0x3, 0x94, 0x42, 0xc0, 0x3e, 0x80, 0x2, 0x80,
    0x7a, 0x1, 0x71, 0x4, 0x5, 0x2d, 0x82, 0x40,
    0x3e, 0x69, 0x3, 0xbe, 0xfe, 0xb4, 0x8, 0x60,
    0xf, 0xcd, 0xae, 0x62, 0x2, 0x4f, 0xae, 0x1,
    0xf0,

    /* U+1EEB "ừ" */
    0x0, 0x17, 0xfa, 0x80, 0x3f, 0xf8, 0x25, 0x82,
    0xac, 0x1, 0xff, 0xc1, 0x3c, 0x29, 0x40, 0xf,
    0xfe, 0x9, 0x6c, 0x90, 0x7, 0x16, 0xe9, 0x0,
    0x3c, 0xcc, 0x0, 0xe7, 0x22, 0x37, 0xf9, 0x80,
    0x3c, 0xff, 0xa1, 0xe0, 0x84, 0x1, 0xff, 0x1d,
    0xa8, 0xc8, 0x7, 0xff, 0x0, 0x51, 0x70, 0x80,
    0x3f, 0xf8, 0x5, 0xf4, 0x40, 0x1f, 0xff, 0xf0,
    0xd, 0xe0, 0x1f, 0x8, 0x8, 0x7, 0x8c, 0x3,
    0xe2, 0xc, 0x0, 0xe2, 0x40, 0xf, 0x90, 0x11,
    0xc0, 0x23, 0xf0, 0xf, 0xd2, 0x41, 0x1f, 0xdf,
    0x87, 0x20, 0x1f, 0xe, 0xb9, 0x0, 0x93, 0xfb,
    0x80, 0x7c,

    /* U+1EEC "Ử" */
    0x0, 0xff, 0xe6, 0x9f, 0xfb, 0xa0, 0x3, 0xff,
    0x86, 0x57, 0x24, 0xe8, 0x1, 0xff, 0xc2, 0x14,
    0x69, 0x2, 0x0, 0xff, 0xe1, 0x8b, 0x58, 0x20,
    0x7, 0xff, 0xd, 0x65, 0x70, 0x80, 0x3f, 0xf8,
    0x6e, 0x1e, 0x60, 0x1f, 0xfc, 0x43, 0xd4, 0x0,
    0xf9, 0x7f, 0xc5, 0x5f, 0x60, 0x18, 0x80, 0x35,
    0x7d, 0x1, 0x0, 0x90, 0x7, 0xff, 0x12, 0x82,
    0x40, 0x3f, 0xf8, 0x69, 0xc4, 0x8e, 0x1, 0xff,
    0xc3, 0x15, 0xab, 0x0, 0xff, 0xe2, 0x2d, 0xa8,
    0x7, 0xff, 0xfc, 0x3, 0xff, 0xf0, 0x60, 0xe0,
    0x1f, 0xcc, 0x4, 0x1, 0xd8, 0x6, 0x20, 0x1f,
    0x9, 0x86, 0x80, 0x72, 0x88, 0x58, 0x7, 0xd0,
    0x0, 0x50, 0xf, 0x40, 0x2e, 0x20, 0x80, 0xa5,
    0xb0, 0x48, 0x7, 0xcd, 0x20, 0x77, 0xdf, 0xd6,
    0x81, 0xc, 0x1, 0xf9, 0xb5, 0xcc, 0x40, 0x49,
    0xf5, 0xc0, 0x3e,

    /* U+1EED "ử" */
    0x0, 0xe1, 0x0, 0xff, 0xe1, 0xf7, 0x3e, 0xc4,
    0x3, 0xff, 0x81, 0x56, 0xe9, 0x60, 0x1f, 0xfc,
    0x4, 0x44, 0x80, 0x80, 0x7f, 0xf0, 0x63, 0xc3,
    0xc0, 0x3f, 0xf8, 0x2c, 0x5c, 0x80, 0x1c, 0x22,
    0x0, 0xf3, 0x50, 0x80, 0x71, 0xf7, 0x14, 0x3,
    0xa1, 0x80, 0x3c, 0xc0, 0x4, 0xff, 0x30, 0x7,
    0x9f, 0xf4, 0x3c, 0x10, 0x40, 0x3f, 0xe3, 0xb5,
    0x19, 0x0, 0xff, 0xe0, 0xa, 0x2e, 0x10, 0x7,
    0xff, 0x0, 0xbe, 0x88, 0x3, 0xff, 0xfe, 0x1,
    0xbc, 0x3, 0xe1, 0x1, 0x0, 0xf1, 0x80, 0x7c,
    0x41, 0x80, 0x1c, 0x48, 0x1, 0xf2, 0x2, 0x38,
    0x4, 0x7e, 0x1, 0xfa, 0x48, 0x23, 0xfb, 0xf0,
    0xe4, 0x3, 0xe1, 0xd7, 0x20, 0x12, 0x7f, 0x70,
    0xf, 0x80,

    /* U+1EEE "Ữ" */
    0x0, 0xcf, 0x72, 0x20, 0x1, 0xc2, 0x0, 0xff,
    0x44, 0x11, 0xbd, 0x82, 0xc, 0x80, 0x3f, 0xce,
    0xdf, 0x41, 0x3e, 0xce, 0x1, 0xfe, 0x23, 0xb0,
    0x5f, 0x64, 0x88, 0x0, 0x7f, 0x8b, 0x8, 0x0,
    0x33, 0x6e, 0x1, 0xff, 0xcd, 0x5f, 0xf1, 0x57,
    0xd8, 0x7, 0xf5, 0x7d, 0x1, 0x0, 0x90, 0x7,
    0xff, 0x12, 0x82, 0x40, 0x3f, 0xf8, 0x69, 0xc4,
    0x8e, 0x1, 0xff, 0xc3, 0x15, 0xab, 0x0, 0xff,
    0xe2, 0x2d, 0xa8, 0x7, 0xff, 0xfc, 0x3, 0xff,
    0xf0, 0x60, 0xe0, 0x1f, 0xcc, 0x4, 0x1, 0xd8,
    0x6, 0x20, 0x1f, 0x9, 0x86, 0x80, 0x72, 0x88,
    0x58, 0x7, 0xd0, 0x0, 0x50, 0xf, 0x40, 0x2e,
    0x20, 0x80, 0xa5, 0xb0, 0x48, 0x7, 0xcd, 0x20,
    0x77, 0xdf, 0xd6, 0x81, 0xc, 0x1, 0xf9, 0xb5,
    0xcc, 0x40, 0x49, 0xf5, 0xc0, 0x3e,

    /* U+1EEF "ữ" */
    0x0, 0x4f, 0x7f, 0x6e, 0x63, 0xe4, 0x3, 0xe8,
    0x63, 0x20, 0x23, 0x25, 0x90, 0xf, 0xa3, 0xf7,
    0x5d, 0xfe, 0xea, 0x0, 0x8f, 0xfc, 0xa0, 0x1f,
    0xfc, 0x16, 0x0, 0x27, 0xf9, 0x80, 0x3c, 0xff,
    0xa1, 0xe0, 0x82, 0x1, 0xff, 0x1d, 0xa8, 0xc8,
    0x7, 0xff, 0x0, 0x51, 0x70, 0x80, 0x3f, 0xf8,
    0x5, 0xf4, 0x40, 0x1f, 0xff, 0xf0, 0xd, 0xe0,
    0x1f, 0x8, 0x8, 0x7, 0x8c, 0x3, 0xe2, 0xc,
    0x0, 0xe2, 0x40, 0xf, 0x90, 0x11, 0xc0, 0x23,
    0xf0, 0xf, 0xd2, 0x41, 0x1f, 0xdf, 0x87, 0x20,
    0x1f, 0xe, 0xb9, 0x0, 0x93, 0xfb, 0x80, 0x7c,

    /* U+1EF0 "Ự" */
    0x0, 0xff, 0xe2, 0x2f, 0xf8, 0xab, 0xec, 0x3,
    0xfa, 0xbe, 0x80, 0x80, 0x48, 0x3, 0xff, 0x89,
    0x41, 0x20, 0x1f, 0xfc, 0x34, 0xe2, 0x47, 0x0,
    0xff, 0xe1, 0x8a, 0xd5, 0x80, 0x7f, 0xf1, 0x16,
    0xd4, 0x3, 0xff, 0xfe, 0x1, 0xff, 0xf8, 0x30,
    0x70, 0xf, 0xe6, 0x2, 0x0, 0xec, 0x3, 0x10,
    0xf, 0x84, 0xc3, 0x40, 0x39, 0x44, 0x2c, 0x3,
    0xe8, 0x0, 0x28, 0x7, 0xa0, 0x17, 0x10, 0x40,
    0x52, 0xd8, 0x24, 0x3, 0xe6, 0x90, 0x3b, 0xef,
    0xeb, 0x40, 0x86, 0x0, 0xfc, 0xda, 0xe6, 0x20,
    0x24, 0xfa, 0xe0, 0x1f, 0xe2, 0x8c, 0xef, 0xed,
    0x82, 0x0, 0xff, 0xe1, 0x2e, 0xb8, 0x7, 0xff,
    0x17, 0x8a, 0x40, 0x3f, 0xf8, 0xba, 0xe, 0x1,
    0xff, 0x0,

    /* U+1EF1 "ự" */
    0x0, 0xff, 0xe0, 0x9f, 0xf9, 0x40, 0x3f, 0xf8,
    0x2c, 0x0, 0x4f, 0xf3, 0x0, 0x79, 0xff, 0x43,
    0xc1, 0x4, 0x3, 0xfe, 0x3b, 0x51, 0x90, 0xf,
    0xfe, 0x0, 0xa2, 0xe1, 0x0, 0x7f, 0xf0, 0xb,
    0xe8, 0x80, 0x3f, 0xff, 0xe0, 0x1b, 0xc0, 0x3e,
    0x10, 0x10, 0xf, 0x18, 0x7, 0xc4, 0x18, 0x1,
    0xc4, 0x80, 0x1f, 0x20, 0x23, 0x80, 0x47, 0xe0,
    0x1f, 0xa4, 0x82, 0x3f, 0xbf, 0xe, 0x40, 0x3e,
    0x1d, 0x72, 0x1, 0x27, 0xf7, 0x0, 0xfe, 0x8d,
    0xff, 0x6c, 0x8, 0xbf, 0x40, 0x3f, 0x97, 0x5c,
    0x3, 0xff, 0x85, 0xc5, 0x20, 0x1f, 0xfc, 0x2d,
    0x6, 0x0, 0xff, 0x0,

    /* U+1EF2 "Ỳ" */
    0x0, 0xdb, 0xfc, 0x1, 0xff, 0xc0, 0xf1, 0x14,
    0x80, 0x7f, 0xc5, 0x82, 0xc8, 0x1, 0xff, 0x16,
    0x15, 0x8, 0x7, 0xfc, 0x5b, 0xc2, 0x1, 0xff,
    0xc8, 0xbf, 0xc0, 0xf, 0xc3, 0xfe, 0x69, 0x3,
    0x50, 0xf, 0xa0, 0x9, 0x89, 0x82, 0x0, 0x3c,
    0x4c, 0x10, 0x0, 0x80, 0x26, 0x0, 0xe9, 0x3,
    0x50, 0x0, 0xb8, 0x40, 0x6, 0x34, 0xf, 0x0,
    0xd0, 0x22, 0x70, 0xb, 0xc1, 0x4c, 0x3, 0xa0,
    0x20, 0x41, 0xc, 0x2c, 0x3, 0xcc, 0x41, 0x21,
    0x20, 0xe2, 0x1, 0xf4, 0x83, 0xb8, 0x86, 0x0,
    0x3f, 0x22, 0x2, 0x2, 0x0, 0x3f, 0xd2, 0x0,
    0x36, 0x0, 0xff, 0x11, 0x1, 0x0, 0x3f, 0xff,
    0xe0, 0x1f, 0xfc, 0x90,

    /* U+1EF3 "ỳ" */
    0x0, 0xa3, 0xfc, 0x80, 0x1f, 0xe8, 0x70, 0xa1,
    0x0, 0xff, 0x44, 0x8e, 0x80, 0x7f, 0xcd, 0xb6,
    0x60, 0x1f, 0xf1, 0x39, 0x80, 0x76, 0x7d, 0x0,
    0x7c, 0xdf, 0xe1, 0x90, 0x51, 0x0, 0xf6, 0x82,
    0xa, 0x88, 0x38, 0x7, 0xa, 0x7, 0x80, 0x18,
    0x28, 0x3, 0x98, 0x5, 0x0, 0x14, 0x6, 0x60,
    0xd, 0x40, 0xc0, 0x11, 0x20, 0x50, 0x4, 0x64,
    0x14, 0x1, 0xb8, 0x1c, 0x2, 0xa0, 0x32, 0x0,
    0xca, 0x22, 0x50, 0x3, 0x85, 0x0, 0x79, 0x83,
    0x81, 0x4, 0x18, 0x3, 0xd4, 0x8, 0x3a, 0xa,
    0x1, 0xf1, 0x20, 0x23, 0x84, 0x80, 0x7e, 0xe0,
    0x81, 0x23, 0x0, 0xfc, 0xa2, 0x41, 0x40, 0x1f,
    0xe6, 0x0, 0x30, 0x7, 0xf8, 0x41, 0x4, 0x3,
    0xfc, 0xc1, 0xc0, 0x1f, 0xe8, 0x2, 0x50, 0xf,
    0xe6, 0x70, 0x80, 0xf, 0xab, 0x7e, 0x41, 0x54,
    0x1, 0xf1, 0x90, 0x14, 0x50, 0x7, 0xe0,

    /* U+1EF4 "Ỵ" */
    0xbf, 0xc0, 0xf, 0xc3, 0xfe, 0x69, 0x3, 0x50,
    0xf, 0xa0, 0x9, 0x89, 0x82, 0x0, 0x3c, 0x4c,
    0x10, 0x0, 0x80, 0x26, 0x0, 0xe9, 0x3, 0x50,
    0x0, 0xb8, 0x40, 0x6, 0x34, 0xf, 0x0, 0xd0,
    0x22, 0x70, 0xb, 0xc1, 0x4c, 0x3, 0xa0, 0x20,
    0x41, 0xc, 0x2c, 0x3, 0xcc, 0x41, 0x21, 0x20,
    0xe2, 0x1, 0xf4, 0x83, 0xb8, 0x86, 0x0, 0x3f,
    0x22, 0x2, 0x2, 0x0, 0x3f, 0xd2, 0x0, 0x36,
    0x0, 0xff, 0x11, 0x1, 0x0, 0x3f, 0xff, 0xe0,
    0x1f, 0xfc, 0xfd, 0xf8, 0x0, 0xff, 0xe7, 0xd7,
    0xa8, 0x7, 0xff, 0x1, 0x43, 0x0, 0x3f, 0xf8,
    0xe, 0x54, 0x1, 0xe0,

    /* U+1EF5 "ỵ" */
    0xcf, 0xa0, 0xf, 0x9b, 0xfc, 0x32, 0xa, 0x20,
    0x1e, 0xd0, 0x41, 0x51, 0x7, 0x0, 0xe1, 0x40,
    0xf0, 0x3, 0x85, 0x0, 0x73, 0x0, 0xa0, 0x2,
    0xc0, 0xc8, 0x3, 0x50, 0x30, 0x4, 0x46, 0x14,
    0x1, 0x11, 0x2, 0x80, 0x35, 0x3, 0x0, 0x54,
    0x6, 0x40, 0x19, 0x80, 0x50, 0x0, 0xc1, 0x40,
    0x1e, 0x60, 0xe0, 0x31, 0x6, 0x0, 0xf5, 0x82,
    0x85, 0x2, 0x80, 0x7c, 0x46, 0xa, 0x81, 0x20,
    0x1f, 0xa8, 0x38, 0x88, 0x60, 0x1f, 0x98, 0x10,
    0x28, 0x3, 0xfc, 0xc0, 0x6, 0x0, 0xff, 0x8,
    0x20, 0x80, 0x7f, 0x98, 0x38, 0x3, 0xfc, 0xe2,
    0x4a, 0x3b, 0xc4, 0x1, 0xcb, 0x1, 0x0, 0xa4,
    0x2e, 0x0, 0xad, 0xfa, 0x5, 0x50, 0x22, 0x60,
    0x8, 0x80, 0xa2, 0x80, 0x2b, 0xb0, 0x80, 0x0,

    /* U+1EF6 "Ỷ" */
    0x0, 0xf0, 0x80, 0x7f, 0xf0, 0x5f, 0xbf, 0x54,
    0x3, 0xfc, 0xb7, 0x27, 0x42, 0x1, 0xfc, 0x48,
    0xce, 0x6, 0x1, 0xfe, 0x39, 0x63, 0x20, 0xf,
    0xf5, 0xb4, 0x60, 0x7, 0xfd, 0xc2, 0xe0, 0x1f,
    0xfc, 0x6, 0xe0, 0xf, 0xaf, 0xf0, 0x3, 0xf0,
    0xff, 0x9a, 0x40, 0xd4, 0x3, 0xe8, 0x2, 0x62,
    0x60, 0x80, 0xf, 0x13, 0x4, 0x0, 0x20, 0x9,
    0x80, 0x3a, 0x40, 0xd4, 0x0, 0x2e, 0x10, 0x1,
    0x8d, 0x3, 0xc0, 0x34, 0x8, 0x9c, 0x2, 0xf0,
    0x53, 0x0, 0xe8, 0x8, 0x10, 0x43, 0xb, 0x0,
    0xf3, 0x10, 0x48, 0x48, 0x38, 0x80, 0x7d, 0x20,
    0xee, 0x21, 0x80, 0xf, 0xc8, 0x80, 0x80, 0x80,
    0xf, 0xf4, 0x80, 0xd, 0x80, 0x3f, 0xc4, 0x40,
    0x40, 0xf, 0xff, 0xf8, 0x7, 0xff, 0x24,

    /* U+1EF7 "ỷ" */
    0x0, 0xff, 0xe3, 0x27, 0xfb, 0x9c, 0x3, 0xf9,
    0x6e, 0x8a, 0xc, 0x3, 0xf0, 0xa2, 0xd8, 0x30,
    0x7, 0xf1, 0xd4, 0x1a, 0x80, 0x7f, 0x32, 0xc6,
    0x0, 0x7f, 0x9d, 0x54, 0x1, 0xff, 0x15, 0x10,
    0x7, 0xb3, 0xe8, 0x3, 0xe6, 0xff, 0xc, 0x82,
    0x88, 0x7, 0xb4, 0x10, 0x54, 0x41, 0xc0, 0x38,
    0x50, 0x3c, 0x0, 0xc1, 0x40, 0x1c, 0xc0, 0x28,
    0x0, 0xa0, 0x33, 0x0, 0x6a, 0x6, 0x0, 0x89,
    0x2, 0x80, 0x23, 0x20, 0xa0, 0xd, 0xc0, 0xe0,
    0x15, 0x1, 0x90, 0x6, 0x51, 0x12, 0x80, 0x1c,
    0x28, 0x3, 0xcc, 0x1c, 0x8, 0x20, 0xc0, 0x1e,
    0xa0, 0x41, 0xd0, 0x50, 0xf, 0x89, 0x1, 0x1c,
    0x24, 0x3, 0xf7, 0x4, 0x9, 0x18, 0x7, 0xe5,
    0x12, 0xa, 0x0, 0xff, 0x30, 0x1, 0x80, 0x3f,
    0xc2, 0x8, 0x20, 0x1f, 0xe6, 0xe, 0x0, 0xff,
    0x40, 0x12, 0x80, 0x7f, 0x33, 0x84, 0x0, 0x7d,
    0x5b, 0xf2, 0xa, 0xa0, 0xf, 0x8c, 0x80, 0xa2,
    0x80, 0x3f, 0x0,

    /* U+1EF8 "Ỹ" */
    0x0, 0x8f, 0x3f, 0x60, 0x82, 0x3c, 0x3, 0x87,
    0x4c, 0x88, 0xfb, 0xee, 0xc0, 0x1c, 0xa5, 0xba,
    0xe9, 0x54, 0x89, 0x0, 0xe4, 0xc2, 0x1, 0x6a,
    0xb7, 0x0, 0xff, 0xe3, 0xdf, 0xe0, 0x7, 0xe1,
    0xff, 0x34, 0x81, 0xa8, 0x7, 0xd0, 0x4, 0xc4,
    0xc1, 0x0, 0x1e, 0x26, 0x8, 0x0, 0x40, 0x13,
    0x0, 0x74, 0x81, 0xa8, 0x0, 0x5c, 0x20, 0x3,
    0x1a, 0x7, 0x80, 0x68, 0x11, 0x38, 0x5, 0xe0,
    0xa6, 0x1, 0xd0, 0x10, 0x20, 0x86, 0x16, 0x1,
    0xe6, 0x20, 0x90, 0x90, 0x71, 0x0, 0xfa, 0x41,
    0xdc, 0x43, 0x0, 0x1f, 0x91, 0x1, 0x1, 0x0,
    0x1f, 0xe9, 0x0, 0x1b, 0x0, 0x7f, 0x88, 0x80,
    0x80, 0x1f, 0xff, 0xf0, 0xf, 0xfe, 0x48,

    /* U+1EF9 "ỹ" */
    0x0, 0x1e, 0x7f, 0xbb, 0x73, 0x7c, 0xc0, 0x36,
    0x91, 0x90, 0x11, 0x84, 0x98, 0x6, 0xee, 0x66,
    0xf7, 0xfb, 0x58, 0x3, 0xff, 0x8b, 0x9f, 0x40,
    0x1f, 0x37, 0xf8, 0x64, 0x14, 0x40, 0x3d, 0xa0,
    0x82, 0xa2, 0xe, 0x1, 0xc2, 0x81, 0xe0, 0x6,
    0xa, 0x0, 0xe6, 0x1, 0x40, 0x5, 0x1, 0x98,
    0x3, 0x50, 0x30, 0x4, 0x48, 0x14, 0x1, 0x19,
    0x5, 0x0, 0x6e, 0x7, 0x0, 0xa8, 0xc, 0x80,
    0x32, 0x88, 0x94, 0x0, 0xe1, 0x40, 0x1e, 0x60,
    0xe0, 0x41, 0x6, 0x0, 0xf5, 0x2, 0xe, 0x82,
    0x80, 0x7c, 0x48, 0x8, 0xe1, 0x20, 0x1f, 0xb8,
    0x20, 0x48, 0xc0, 0x3f, 0x28, 0x90, 0x50, 0x7,
    0xf9, 0x80, 0xc, 0x1, 0xfe, 0x10, 0x41, 0x0,
    0xff, 0x30, 0x70, 0x7, 0xfa, 0x0, 0x94, 0x3,
    0xf9, 0x9c, 0x20, 0x3, 0xea, 0xdf, 0x90, 0x55,
    0x0, 0x7c, 0x64, 0x5, 0x14, 0x1, 0xf8
};


/*---------------------
 *  GLYPH DESCRIPTION
 *--------------------*/

static const lv_font_fmt_txt_glyph_dsc_t glyph_dsc[] = {
    {.bitmap_index = 0, .adv_w = 0, .box_w = 0, .box_h = 0, .ofs_x = 0, .ofs_y = 0} /* id = 0 reserved */,
    {.bitmap_index = 0, .adv_w = 108, .box_w = 0, .box_h = 0, .ofs_x = 0, .ofs_y = 0},
    {.bitmap_index = 0, .adv_w = 112, .box_w = 5, .box_h = 18, .ofs_x = 1, .ofs_y = 0},
    {.bitmap_index = 42, .adv_w = 170, .box_w = 8, .box_h = 7, .ofs_x = 1, .ofs_y = 11},
    {.bitmap_index = 71, .adv_w = 269, .box_w = 17, .box_h = 18, .ofs_x = 0, .ofs_y = 0},
    {.bitmap_index = 194, .adv_w = 238, .box_w = 13, .box_h = 21, .ofs_x = 1, .ofs_y = -2},
    {.bitmap_index = 295, .adv_w = 346, .box_w = 20, .box_h = 18, .ofs_x = 1, .ofs_y = 0},
    {.bitmap_index = 453, .adv_w = 305, .box_w = 18, .box_h = 18, .ofs_x = 1, .ofs_y = 0},
    {.bitmap_index = 590, .adv_w = 94, .box_w = 4, .box_h = 7, .ofs_x = 1, .ofs_y = 11},
    {.bitmap_index = 604, .adv_w = 125, .box_w = 7, .box_h = 23, .ofs_x = 1, .ofs_y = -5},
    {.bitmap_index = 674, .adv_w = 125, .box_w = 7, .box_h = 23, .ofs_x = 0, .ofs_y = -5},
    {.bitmap_index = 743, .adv_w = 229, .box_w = 13, .box_h = 12, .ofs_x = 1, .ofs_y = 7},
    {.bitmap_index = 812, .adv_w = 238, .box_w = 13, .box_h = 13, .ofs_x = 1, .ofs_y = 3},
    {.bitmap_index = 841, .adv_w = 111, .box_w = 4, .box_h = 7, .ofs_x = 1, .ofs_y = -3},
    {.bitmap_index = 856, .adv_w = 134, .box_w = 7, .box_h = 2, .ofs_x = 1, .ofs_y = 6},
    {.bitmap_index = 860, .adv_w = 111, .box_w = 5, .box_h = 4, .ofs_x = 1, .ofs_y = 0},
    {.bitmap_index = 871, .adv_w = 155, .box_w = 10, .box_h = 18, .ofs_x = 0, .ofs_y = 0},
    {.bitmap_index = 935, .adv_w = 238, .box_w = 13, .box_h = 18, .ofs_x = 1, .ofs_y = 0},
    {.bitmap_index = 1034, .adv_w = 238, .box_w = 8, .box_h = 18, .ofs_x = 2, .ofs_y = 0},
    {.bitmap_index = 1062, .adv_w = 238, .box_w = 13, .box_h = 18, .ofs_x = 1, .ofs_y = 0},
    {.bitmap_index = 1149, .adv_w = 238, .box_w = 13, .box_h = 18, .ofs_x = 1, .ofs_y = 0},
    {.bitmap_index = 1244, .adv_w = 238, .box_w = 15, .box_h = 18, .ofs_x = 0, .ofs_y = 0},
    {.bitmap_index = 1315, .adv_w = 238, .box_w = 13, .box_h = 18, .ofs_x = 1, .ofs_y = 0},
    {.bitmap_index = 1400, .adv_w = 238, .box_w = 13, .box_h = 18, .ofs_x = 1, .ofs_y = 0},
    {.bitmap_index = 1501, .adv_w = 238, .box_w = 13, .box_h = 18, .ofs_x = 1, .ofs_y = 0},
    {.bitmap_index = 1573, .adv_w = 238, .box_w = 13, .box_h = 18, .ofs_x = 1, .ofs_y = 0},
    {.bitmap_index = 1682, .adv_w = 238, .box_w = 13, .box_h = 18, .ofs_x = 1, .ofs_y = 0},
    {.bitmap_index = 1784, .adv_w = 111, .box_w = 5, .box_h = 14, .ofs_x = 1, .ofs_y = 0},
    {.bitmap_index = 1810, .adv_w = 111, .box_w = 6, .box_h = 18, .ofs_x = 0, .ofs_y = -4},
    {.bitmap_index = 1849, .adv_w = 238, .box_w = 13, .box_h = 14, .ofs_x = 1, .ofs_y = 2},
    {.bitmap_index = 1918, .adv_w = 238, .box_w = 13, .box_h = 7, .ofs_x = 1, .ofs_y = 6},
    {.bitmap_index = 1938, .adv_w = 238, .box_w = 13, .box_h = 14, .ofs_x = 1, .ofs_y = 2},
    {.bitmap_index = 2007, .adv_w = 181, .box_w = 11, .box_h = 18, .ofs_x = 0, .ofs_y = 0},
    {.bitmap_index = 2083, .adv_w = 374, .box_w = 21, .box_h = 20, .ofs_x = 1, .ofs_y = -2},
    {.bitmap_index = 2269, .adv_w = 266, .box_w = 17, .box_h = 18, .ofs_x = 0, .ofs_y = 0},
    {.bitmap_index = 2375, .adv_w = 270, .box_w = 14, .box_h = 18, .ofs_x = 2, .ofs_y = 0},
    {.bitmap_index = 2462, .adv_w = 263, .box_w = 15, .box_h = 18, .ofs_x = 1, .ofs_y = 0},
    {.bitmap_index = 2561, .adv_w = 304, .box_w = 16, .box_h = 18, .ofs_x = 2, .ofs_y = 0},
    {.bitmap_index = 2653, .adv_w = 231, .box_w = 11, .box_h = 18, .ofs_x = 2, .ofs_y = 0},
    {.bitmap_index = 2682, .adv_w = 216, .box_w = 11, .box_h = 18, .ofs_x = 2, .ofs_y = 0},
    {.bitmap_index = 2707, .adv_w = 303, .box_w = 16, .box_h = 18, .ofs_x = 1, .ofs_y = 0},
    {.bitmap_index = 2816, .adv_w = 308, .box_w = 15, .box_h = 18, .ofs_x = 2, .ofs_y = 0},
    {.bitmap_index = 2843, .adv_w = 141, .box_w = 7, .box_h = 18, .ofs_x = 1, .ofs_y = 0},
    {.bitmap_index = 2866, .adv_w = 114, .box_w = 8, .box_h = 24, .ofs_x = -3, .ofs_y = -6},
    {.bitmap_index = 2896, .adv_w = 258, .box_w = 15, .box_h = 18, .ofs_x = 2, .ofs_y = 0},
    {.bitmap_index = 2982, .adv_w = 218, .box_w = 11, .box_h = 18, .ofs_x = 2, .ofs_y = 0},
    {.bitmap_index = 2998, .adv_w = 377, .box_w = 20, .box_h = 18, .ofs_x = 2, .ofs_y = 0},
    {.bitmap_index = 3118, .adv_w = 316, .box_w = 16, .box_h = 18, .ofs_x = 2, .ofs_y = 0},
    {.bitmap_index = 3210, .adv_w = 325, .box_w = 18, .box_h = 18, .ofs_x = 1, .ofs_y = 0},
    {.bitmap_index = 3336, .adv_w = 252, .box_w = 13, .box_h = 18, .ofs_x = 2, .ofs_y = 0},
    {.bitmap_index = 3396, .adv_w = 325, .box_w = 18, .box_h = 22, .ofs_x = 1, .ofs_y = -4},
    {.bitmap_index = 3545, .adv_w = 259, .box_w = 14, .box_h = 18, .ofs_x = 2, .ofs_y = 0},
    {.bitmap_index = 3626, .adv_w = 228, .box_w = 13, .box_h = 18, .ofs_x = 1, .ofs_y = 0},
    {.bitmap_index = 3722, .adv_w = 231, .box_w = 15, .box_h = 18, .ofs_x = 0, .ofs_y = 0},
    {.bitmap_index = 3745, .adv_w = 304, .box_w = 15, .box_h = 18, .ofs_x = 2, .ofs_y = 0},
    {.bitmap_index = 3799, .adv_w = 250, .box_w = 16, .box_h = 18, .ofs_x = 0, .ofs_y = 0},
    {.bitmap_index = 3908, .adv_w = 387, .box_w = 24, .box_h = 18, .ofs_x = 0, .ofs_y = 0},
    {.bitmap_index = 4089, .adv_w = 244, .box_w = 16, .box_h = 18, .ofs_x = 0, .ofs_y = 0},
    {.bitmap_index = 4202, .adv_w = 235, .box_w = 15, .box_h = 18, .ofs_x = 0, .ofs_y = 0},
    {.bitmap_index = 4277, .adv_w = 238, .box_w = 14, .box_h = 18, .ofs_x = 0, .ofs_y = 0},
    {.bitmap_index = 4353, .adv_w = 137, .box_w = 6, .box_h = 22, .ofs_x = 2, .ofs_y = -4},
    {.bitmap_index = 4373, .adv_w = 155, .box_w = 10, .box_h = 18, .ofs_x = 0, .ofs_y = 0},
    {.bitmap_index = 4435, .adv_w = 137, .box_w = 7, .box_h = 22, .ofs_x = 0, .ofs_y = -4},
    {.bitmap_index = 4456, .adv_w = 238, .box_w = 14, .box_h = 12, .ofs_x = 0, .ofs_y = 7},
    {.bitmap_index = 4519, .adv_w = 185, .box_w = 13, .box_h = 2, .ofs_x = -1, .ofs_y = -4},
    {.bitmap_index = 4526, .adv_w = 117, .box_w = 6, .box_h = 4, .ofs_x = 1, .ofs_y = 16},
    {.bitmap_index = 4539, .adv_w = 233, .box_w = 12, .box_h = 14, .ofs_x = 1, .ofs_y = 0},
    {.bitmap_index = 4617, .adv_w = 256, .box_w = 13, .box_h = 19, .ofs_x = 2, .ofs_y = 0},
    {.bitmap_index = 4700, .adv_w = 200, .box_w = 11, .box_h = 14, .ofs_x = 1, .ofs_y = 0},
    {.bitmap_index = 4762, .adv_w = 256, .box_w = 13, .box_h = 19, .ofs_x = 1, .ofs_y = 0},
    {.bitmap_index = 4846, .adv_w = 235, .box_w = 13, .box_h = 14, .ofs_x = 1, .ofs_y = 0},
    {.bitmap_index = 4920, .adv_w = 143, .box_w = 11, .box_h = 19, .ofs_x = 0, .ofs_y = 0},
    {.bitmap_index = 4966, .adv_w = 256, .box_w = 13, .box_h = 20, .ofs_x = 1, .ofs_y = -6},
    {.bitmap_index = 5076, .adv_w = 257, .box_w = 12, .box_h = 19, .ofs_x = 2, .ofs_y = 0},
    {.bitmap_index = 5121, .adv_w = 107, .box_w = 3, .box_h = 19, .ofs_x = 2, .ofs_y = 0},
    {.bitmap_index = 5133, .adv_w = 107, .box_w = 7, .box_h = 25, .ofs_x = -2, .ofs_y = -6},
    {.bitmap_index = 5168, .adv_w = 222, .box_w = 12, .box_h = 19, .ofs_x = 2, .ofs_y = 0},
    {.bitmap_index = 5231, .adv_w = 107, .box_w = 3, .box_h = 19, .ofs_x = 2, .ofs_y = 0},
    {.bitmap_index = 5236, .adv_w = 389, .box_w = 21, .box_h = 14, .ofs_x = 2, .ofs_y = 0},
    {.bitmap_index = 5307, .adv_w = 257, .box_w = 12, .box_h = 14, .ofs_x = 2, .ofs_y = 0},
    {.bitmap_index = 5348, .adv_w = 252, .box_w = 14, .box_h = 14, .ofs_x = 1, .ofs_y = 0},
    {.bitmap_index = 5433, .adv_w = 256, .box_w = 13, .box_h = 20, .ofs_x = 2, .ofs_y = -6},
    {.bitmap_index = 5519, .adv_w = 256, .box_w = 13, .box_h = 20, .ofs_x = 1, .ofs_y = -6},
    {.bitmap_index = 5604, .adv_w = 172, .box_w = 9, .box_h = 14, .ofs_x = 2, .ofs_y = 0},
    {.bitmap_index = 5633, .adv_w = 199, .box_w = 11, .box_h = 14, .ofs_x = 1, .ofs_y = 0},
    {.bitmap_index = 5703, .adv_w = 150, .box_w = 9, .box_h = 17, .ofs_x = 0, .ofs_y = 0},
    {.bitmap_index = 5743, .adv_w = 257, .box_w = 12, .box_h = 14, .ofs_x = 2, .ofs_y = 0},
    {.bitmap_index = 5784, .adv_w = 211, .box_w = 14, .box_h = 14, .ofs_x = 0, .ofs_y = 0},
    {.bitmap_index = 5864, .adv_w = 327, .box_w = 21, .box_h = 14, .ofs_x = 0, .ofs_y = 0},
    {.bitmap_index = 5997, .adv_w = 220, .box_w = 14, .box_h = 14, .ofs_x = 0, .ofs_y = 0},
    {.bitmap_index = 6081, .adv_w = 212, .box_w = 14, .box_h = 20, .ofs_x = 0, .ofs_y = -6},
    {.bitmap_index = 6186, .adv_w = 196, .box_w = 11, .box_h = 14, .ofs_x = 1, .ofs_y = 0},
    {.bitmap_index = 6241, .adv_w = 158, .box_w = 10, .box_h = 22, .ofs_x = 0, .ofs_y = -4},
    {.bitmap_index = 6307, .adv_w = 229, .box_w = 3, .box_h = 25, .ofs_x = 6, .ofs_y = -6},
    {.bitmap_index = 6312, .adv_w = 158, .box_w = 10, .box_h = 22, .ofs_x = 0, .ofs_y = -4},
    {.bitmap_index = 6377, .adv_w = 238, .box_w = 13, .box_h = 3, .ofs_x = 1, .ofs_y = 7},
    {.bitmap_index = 6397, .adv_w = 108, .box_w = 0, .box_h = 0, .ofs_x = 0, .ofs_y = 0},
    {.bitmap_index = 6397, .adv_w = 112, .box_w = 5, .box_h = 19, .ofs_x = 1, .ofs_y = -5},
    {.bitmap_index = 6443, .adv_w = 238, .box_w = 11, .box_h = 18, .ofs_x = 2, .ofs_y = 0},
    {.bitmap_index = 6519, .adv_w = 238, .box_w = 14, .box_h = 18, .ofs_x = 0, .ofs_y = 0},
    {.bitmap_index = 6592, .adv_w = 238, .box_w = 13, .box_h = 12, .ofs_x = 1, .ofs_y = 3},
    {.bitmap_index = 6663, .adv_w = 238, .box_w = 15, .box_h = 18, .ofs_x = 0, .ofs_y = 0},
    {.bitmap_index = 6762, .adv_w = 229, .box_w = 3, .box_h = 25, .ofs_x = 6, .ofs_y = -6},
    {.bitmap_index = 6779, .adv_w = 213, .box_w = 11, .box_h = 19, .ofs_x = 1, .ofs_y = 0},
    {.bitmap_index = 6876, .adv_w = 241, .box_w = 9, .box_h = 3, .ofs_x = 3, .ofs_y = 16},
    {.bitmap_index = 6889, .adv_w = 346, .box_w = 20, .box_h = 20, .ofs_x = 1, .ofs_y = -1},
    {.bitmap_index = 7052, .adv_w = 149, .box_w = 9, .box_h = 9, .ofs_x = 0, .ofs_y = 10},
    {.bitmap_index = 7090, .adv_w = 212, .box_w = 12, .box_h = 12, .ofs_x = 1, .ofs_y = 1},
    {.bitmap_index = 7157, .adv_w = 238, .box_w = 13, .box_h = 7, .ofs_x = 1, .ofs_y = 3},
    {.bitmap_index = 7170, .adv_w = 134, .box_w = 7, .box_h = 2, .ofs_x = 1, .ofs_y = 6},
    {.bitmap_index = 7174, .adv_w = 346, .box_w = 20, .box_h = 20, .ofs_x = 1, .ofs_y = -1},
    {.bitmap_index = 7337, .adv_w = 208, .box_w = 15, .box_h = 2, .ofs_x = -1, .ofs_y = 19},
    {.bitmap_index = 7346, .adv_w = 178, .box_w = 9, .box_h = 8, .ofs_x = 1, .ofs_y = 11},
    {.bitmap_index = 7381, .adv_w = 238, .box_w = 13, .box_h = 16, .ofs_x = 1, .ofs_y = 0},
    {.bitmap_index = 7420, .adv_w = 146, .box_w = 8, .box_h = 12, .ofs_x = 0, .ofs_y = 11},
    {.bitmap_index = 7463, .adv_w = 146, .box_w = 9, .box_h = 12, .ofs_x = 0, .ofs_y = 11},
    {.bitmap_index = 7513, .adv_w = 117, .box_w = 6, .box_h = 4, .ofs_x = 1, .ofs_y = 16},
    {.bitmap_index = 7526, .adv_w = 259, .box_w = 12, .box_h = 20, .ofs_x = 2, .ofs_y = -6},
    {.bitmap_index = 7576, .adv_w = 272, .box_w = 14, .box_h = 23, .ofs_x = 1, .ofs_y = -4},
    {.bitmap_index = 7641, .adv_w = 111, .box_w = 5, .box_h = 4, .ofs_x = 1, .ofs_y = 7},
    {.bitmap_index = 7652, .adv_w = 94, .box_w = 6, .box_h = 7, .ofs_x = 0, .ofs_y = -7},
    {.bitmap_index = 7673, .adv_w = 146, .box_w = 7, .box_h = 12, .ofs_x = 0, .ofs_y = 11},
    {.bitmap_index = 7693, .adv_w = 156, .box_w = 9, .box_h = 10, .ofs_x = 0, .ofs_y = 9},
    {.bitmap_index = 7736, .adv_w = 212, .box_w = 12, .box_h = 12, .ofs_x = 1, .ofs_y = 1},
    {.bitmap_index = 7804, .adv_w = 310, .box_w = 20, .box_h = 18, .ofs_x = 0, .ofs_y = 0},
    {.bitmap_index = 7932, .adv_w = 321, .box_w = 19, .box_h = 18, .ofs_x = 0, .ofs_y = 0},
    {.bitmap_index = 8058, .adv_w = 325, .box_w = 21, .box_h = 19, .ofs_x = 0, .ofs_y = 0},
    {.bitmap_index = 8220, .adv_w = 181, .box_w = 11, .box_h = 19, .ofs_x = 0, .ofs_y = -5},
    {.bitmap_index = 8297, .adv_w = 266, .box_w = 17, .box_h = 24, .ofs_x = 0, .ofs_y = 0},
    {.bitmap_index = 8428, .adv_w = 266, .box_w = 17, .box_h = 24, .ofs_x = 0, .ofs_y = 0},
    {.bitmap_index = 8560, .adv_w = 266, .box_w = 17, .box_h = 24, .ofs_x = 0, .ofs_y = 0},
    {.bitmap_index = 8696, .adv_w = 266, .box_w = 17, .box_h = 23, .ofs_x = 0, .ofs_y = 0},
    {.bitmap_index = 8829, .adv_w = 266, .box_w = 17, .box_h = 23, .ofs_x = 0, .ofs_y = 0},
    {.bitmap_index = 8960, .adv_w = 266, .box_w = 17, .box_h = 23, .ofs_x = 0, .ofs_y = 0},
    {.bitmap_index = 9091, .adv_w = 366, .box_w = 23, .box_h = 18, .ofs_x = -1, .ofs_y = 0},
    {.bitmap_index = 9196, .adv_w = 263, .box_w = 15, .box_h = 24, .ofs_x = 1, .ofs_y = -6},
    {.bitmap_index = 9324, .adv_w = 231, .box_w = 11, .box_h = 24, .ofs_x = 2, .ofs_y = 0},
    {.bitmap_index = 9375, .adv_w = 231, .box_w = 11, .box_h = 24, .ofs_x = 2, .ofs_y = 0},
    {.bitmap_index = 9426, .adv_w = 231, .box_w = 11, .box_h = 24, .ofs_x = 2, .ofs_y = 0},
    {.bitmap_index = 9483, .adv_w = 231, .box_w = 11, .box_h = 23, .ofs_x = 2, .ofs_y = 0},
    {.bitmap_index = 9536, .adv_w = 141, .box_w = 7, .box_h = 24, .ofs_x = 1, .ofs_y = 0},
    {.bitmap_index = 9577, .adv_w = 141, .box_w = 8, .box_h = 24, .ofs_x = 1, .ofs_y = 0},
    {.bitmap_index = 9621, .adv_w = 141, .box_w = 9, .box_h = 24, .ofs_x = 0, .ofs_y = 0},
    {.bitmap_index = 9672, .adv_w = 141, .box_w = 9, .box_h = 23, .ofs_x = 0, .ofs_y = 0},
    {.bitmap_index = 9718, .adv_w = 304, .box_w = 18, .box_h = 18, .ofs_x = 0, .ofs_y = 0},
    {.bitmap_index = 9822, .adv_w = 316, .box_w = 16, .box_h = 23, .ofs_x = 2, .ofs_y = 0},
    {.bitmap_index = 9942, .adv_w = 325, .box_w = 18, .box_h = 25, .ofs_x = 1, .ofs_y = 0},
    {.bitmap_index = 10098, .adv_w = 325, .box_w = 18, .box_h = 25, .ofs_x = 1, .ofs_y = 0},
    {.bitmap_index = 10255, .adv_w = 325, .box_w = 18, .box_h = 25, .ofs_x = 1, .ofs_y = 0},
    {.bitmap_index = 10418, .adv_w = 325, .box_w = 18, .box_h = 24, .ofs_x = 1, .ofs_y = 0},
    {.bitmap_index = 10577, .adv_w = 325, .box_w = 18, .box_h = 24, .ofs_x = 1, .ofs_y = 0},
    {.bitmap_index = 10728, .adv_w = 238, .box_w = 13, .box_h = 12, .ofs_x = 1, .ofs_y = 3},
    {.bitmap_index = 10796, .adv_w = 325, .box_w = 18, .box_h = 20, .ofs_x = 1, .ofs_y = -1},
    {.bitmap_index = 10956, .adv_w = 304, .box_w = 15, .box_h = 25, .ofs_x = 2, .ofs_y = 0},
    {.bitmap_index = 11040, .adv_w = 304, .box_w = 15, .box_h = 25, .ofs_x = 2, .ofs_y = 0},
    {.bitmap_index = 11122, .adv_w = 304, .box_w = 15, .box_h = 25, .ofs_x = 2, .ofs_y = 0},
    {.bitmap_index = 11211, .adv_w = 304, .box_w = 15, .box_h = 24, .ofs_x = 2, .ofs_y = 0},
    {.bitmap_index = 11290, .adv_w = 235, .box_w = 15, .box_h = 24, .ofs_x = 0, .ofs_y = 0},
    {.bitmap_index = 11390, .adv_w = 252, .box_w = 13, .box_h = 18, .ofs_x = 2, .ofs_y = 0},
    {.bitmap_index = 11453, .adv_w = 262, .box_w = 14, .box_h = 19, .ofs_x = 2, .ofs_y = 0},
    {.bitmap_index = 11552, .adv_w = 233, .box_w = 12, .box_h = 19, .ofs_x = 1, .ofs_y = 0},
    {.bitmap_index = 11649, .adv_w = 233, .box_w = 12, .box_h = 19, .ofs_x = 1, .ofs_y = 0},
    {.bitmap_index = 11746, .adv_w = 233, .box_w = 12, .box_h = 19, .ofs_x = 1, .ofs_y = 0},
    {.bitmap_index = 11849, .adv_w = 233, .box_w = 12, .box_h = 18, .ofs_x = 1, .ofs_y = 0},
    {.bitmap_index = 11947, .adv_w = 233, .box_w = 12, .box_h = 18, .ofs_x = 1, .ofs_y = 0},
    {.bitmap_index = 12046, .adv_w = 233, .box_w = 12, .box_h = 22, .ofs_x = 1, .ofs_y = 0},
    {.bitmap_index = 12157, .adv_w = 359, .box_w = 21, .box_h = 14, .ofs_x = 1, .ofs_y = 0},
    {.bitmap_index = 12289, .adv_w = 200, .box_w = 11, .box_h = 20, .ofs_x = 1, .ofs_y = -6},
    {.bitmap_index = 12379, .adv_w = 235, .box_w = 13, .box_h = 19, .ofs_x = 1, .ofs_y = 0},
    {.bitmap_index = 12473, .adv_w = 235, .box_w = 13, .box_h = 19, .ofs_x = 1, .ofs_y = 0},
    {.bitmap_index = 12566, .adv_w = 235, .box_w = 13, .box_h = 19, .ofs_x = 1, .ofs_y = 0},
    {.bitmap_index = 12667, .adv_w = 235, .box_w = 13, .box_h = 18, .ofs_x = 1, .ofs_y = 0},
    {.bitmap_index = 12762, .adv_w = 107, .box_w = 7, .box_h = 19, .ofs_x = -1, .ofs_y = 0},
    {.bitmap_index = 12786, .adv_w = 107, .box_w = 7, .box_h = 19, .ofs_x = 1, .ofs_y = 0},
    {.bitmap_index = 12811, .adv_w = 107, .box_w = 9, .box_h = 19, .ofs_x = -1, .ofs_y = 0},
    {.bitmap_index = 12842, .adv_w = 107, .box_w = 8, .box_h = 18, .ofs_x = -1, .ofs_y = 0},
    {.bitmap_index = 12867, .adv_w = 252, .box_w = 14, .box_h = 20, .ofs_x = 1, .ofs_y = 0},
    {.bitmap_index = 12985, .adv_w = 257, .box_w = 12, .box_h = 18, .ofs_x = 2, .ofs_y = 0},
    {.bitmap_index = 13052, .adv_w = 252, .box_w = 14, .box_h = 19, .ofs_x = 1, .ofs_y = 0},
    {.bitmap_index = 13158, .adv_w = 252, .box_w = 14, .box_h = 19, .ofs_x = 1, .ofs_y = 0},
    {.bitmap_index = 13264, .adv_w = 252, .box_w = 14, .box_h = 19, .ofs_x = 1, .ofs_y = 0},
    {.bitmap_index = 13376, .adv_w = 252, .box_w = 14, .box_h = 18, .ofs_x = 1, .ofs_y = 0},
    {.bitmap_index = 13482, .adv_w = 252, .box_w = 14, .box_h = 18, .ofs_x = 1, .ofs_y = 0},
    {.bitmap_index = 13590, .adv_w = 238, .box_w = 13, .box_h = 12, .ofs_x = 1, .ofs_y = 3},
    {.bitmap_index = 13632, .adv_w = 252, .box_w = 14, .box_h = 16, .ofs_x = 1, .ofs_y = -1},
    {.bitmap_index = 13738, .adv_w = 257, .box_w = 12, .box_h = 19, .ofs_x = 2, .ofs_y = 0},
    {.bitmap_index = 13799, .adv_w = 257, .box_w = 12, .box_h = 19, .ofs_x = 2, .ofs_y = 0},
    {.bitmap_index = 13860, .adv_w = 257, .box_w = 12, .box_h = 19, .ofs_x = 2, .ofs_y = 0},
    {.bitmap_index = 13927, .adv_w = 257, .box_w = 12, .box_h = 18, .ofs_x = 2, .ofs_y = 0},
    {.bitmap_index = 13991, .adv_w = 212, .box_w = 14, .box_h = 25, .ofs_x = 0, .ofs_y = -6},
    {.bitmap_index = 14118, .adv_w = 256, .box_w = 13, .box_h = 25, .ofs_x = 2, .ofs_y = -6},
    {.bitmap_index = 14207, .adv_w = 212, .box_w = 14, .box_h = 24, .ofs_x = 0, .ofs_y = -6},
    {.bitmap_index = 14335, .adv_w = 266, .box_w = 17, .box_h = 22, .ofs_x = 0, .ofs_y = 0},
    {.bitmap_index = 14456, .adv_w = 233, .box_w = 12, .box_h = 18, .ofs_x = 1, .ofs_y = 0},
    {.bitmap_index = 14547, .adv_w = 266, .box_w = 17, .box_h = 24, .ofs_x = 0, .ofs_y = 0},
    {.bitmap_index = 14682, .adv_w = 233, .box_w = 12, .box_h = 19, .ofs_x = 1, .ofs_y = 0},
    {.bitmap_index = 14783, .adv_w = 266, .box_w = 17, .box_h = 24, .ofs_x = 0, .ofs_y = -6},
    {.bitmap_index = 14921, .adv_w = 233, .box_w = 13, .box_h = 20, .ofs_x = 1, .ofs_y = -6},
    {.bitmap_index = 15027, .adv_w = 263, .box_w = 15, .box_h = 25, .ofs_x = 1, .ofs_y = 0},
    {.bitmap_index = 15153, .adv_w = 200, .box_w = 11, .box_h = 19, .ofs_x = 1, .ofs_y = 0},
    {.bitmap_index = 15234, .adv_w = 263, .box_w = 15, .box_h = 25, .ofs_x = 1, .ofs_y = 0},
    {.bitmap_index = 15367, .adv_w = 200, .box_w = 11, .box_h = 19, .ofs_x = 1, .ofs_y = 0},
    {.bitmap_index = 15455, .adv_w = 263, .box_w = 15, .box_h = 24, .ofs_x = 1, .ofs_y = 0},
    {.bitmap_index = 15572, .adv_w = 200, .box_w = 11, .box_h = 19, .ofs_x = 1, .ofs_y = 0},
    {.bitmap_index = 15649, .adv_w = 263, .box_w = 15, .box_h = 25, .ofs_x = 1, .ofs_y = 0},
    {.bitmap_index = 15782, .adv_w = 200, .box_w = 11, .box_h = 19, .ofs_x = 1, .ofs_y = 0},
    {.bitmap_index = 15868, .adv_w = 304, .box_w = 16, .box_h = 24, .ofs_x = 2, .ofs_y = 0},
    {.bitmap_index = 15990, .adv_w = 256, .box_w = 17, .box_h = 19, .ofs_x = 1, .ofs_y = 0},
    {.bitmap_index = 16100, .adv_w = 304, .box_w = 18, .box_h = 18, .ofs_x = 0, .ofs_y = 0},
    {.bitmap_index = 16204, .adv_w = 257, .box_w = 15, .box_h = 19, .ofs_x = 1, .ofs_y = 0},
    {.bitmap_index = 16308, .adv_w = 231, .box_w = 11, .box_h = 22, .ofs_x = 2, .ofs_y = 0},
    {.bitmap_index = 16351, .adv_w = 235, .box_w = 13, .box_h = 18, .ofs_x = 1, .ofs_y = 0},
    {.bitmap_index = 16439, .adv_w = 231, .box_w = 11, .box_h = 24, .ofs_x = 2, .ofs_y = 0},
    {.bitmap_index = 16496, .adv_w = 235, .box_w = 13, .box_h = 19, .ofs_x = 1, .ofs_y = 0},
    {.bitmap_index = 16594, .adv_w = 231, .box_w = 11, .box_h = 24, .ofs_x = 2, .ofs_y = 0},
    {.bitmap_index = 16641, .adv_w = 235, .box_w = 13, .box_h = 19, .ofs_x = 1, .ofs_y = 0},
    {.bitmap_index = 16731, .adv_w = 231, .box_w = 11, .box_h = 24, .ofs_x = 2, .ofs_y = -6},
    {.bitmap_index = 16784, .adv_w = 235, .box_w = 13, .box_h = 20, .ofs_x = 1, .ofs_y = -6},
    {.bitmap_index = 16884, .adv_w = 231, .box_w = 11, .box_h = 24, .ofs_x = 2, .ofs_y = 0},
    {.bitmap_index = 16941, .adv_w = 235, .box_w = 13, .box_h = 19, .ofs_x = 1, .ofs_y = 0},
    {.bitmap_index = 17040, .adv_w = 303, .box_w = 16, .box_h = 25, .ofs_x = 1, .ofs_y = 0},
    {.bitmap_index = 17184, .adv_w = 256, .box_w = 13, .box_h = 25, .ofs_x = 1, .ofs_y = -6},
    {.bitmap_index = 17320, .adv_w = 303, .box_w = 16, .box_h = 24, .ofs_x = 1, .ofs_y = 0},
    {.bitmap_index = 17459, .adv_w = 256, .box_w = 13, .box_h = 25, .ofs_x = 1, .ofs_y = -6},
    {.bitmap_index = 17592, .adv_w = 303, .box_w = 16, .box_h = 24, .ofs_x = 1, .ofs_y = 0},
    {.bitmap_index = 17720, .adv_w = 256, .box_w = 13, .box_h = 25, .ofs_x = 1, .ofs_y = -6},
    {.bitmap_index = 17846, .adv_w = 303, .box_w = 16, .box_h = 24, .ofs_x = 1, .ofs_y = -6},
    {.bitmap_index = 17983, .adv_w = 256, .box_w = 13, .box_h = 25, .ofs_x = 1, .ofs_y = -6},
    {.bitmap_index = 18111, .adv_w = 308, .box_w = 15, .box_h = 24, .ofs_x = 2, .ofs_y = 0},
    {.bitmap_index = 18168, .adv_w = 257, .box_w = 15, .box_h = 26, .ofs_x = -1, .ofs_y = 0},
    {.bitmap_index = 18249, .adv_w = 308, .box_w = 20, .box_h = 18, .ofs_x = 0, .ofs_y = 0},
    {.bitmap_index = 18303, .adv_w = 257, .box_w = 14, .box_h = 19, .ofs_x = 0, .ofs_y = 0},
    {.bitmap_index = 18367, .adv_w = 141, .box_w = 11, .box_h = 23, .ofs_x = -1, .ofs_y = 0},
    {.bitmap_index = 18420, .adv_w = 107, .box_w = 11, .box_h = 18, .ofs_x = -2, .ofs_y = 0},
    {.bitmap_index = 18451, .adv_w = 141, .box_w = 9, .box_h = 22, .ofs_x = 0, .ofs_y = 0},
    {.bitmap_index = 18488, .adv_w = 107, .box_w = 9, .box_h = 17, .ofs_x = -1, .ofs_y = 0},
    {.bitmap_index = 18506, .adv_w = 141, .box_w = 9, .box_h = 24, .ofs_x = 0, .ofs_y = 0},
    {.bitmap_index = 18557, .adv_w = 107, .box_w = 9, .box_h = 19, .ofs_x = -1, .ofs_y = 0},
    {.bitmap_index = 18587, .adv_w = 141, .box_w = 7, .box_h = 24, .ofs_x = 1, .ofs_y = -6},
    {.bitmap_index = 18630, .adv_w = 107, .box_w = 5, .box_h = 25, .ofs_x = 0, .ofs_y = -6},
    {.bitmap_index = 18664, .adv_w = 141, .box_w = 7, .box_h = 24, .ofs_x = 1, .ofs_y = 0},
    {.bitmap_index = 18701, .adv_w = 107, .box_w = 3, .box_h = 14, .ofs_x = 2, .ofs_y = 0},
    {.bitmap_index = 18706, .adv_w = 255, .box_w = 13, .box_h = 23, .ofs_x = 1, .ofs_y = -5},
    {.bitmap_index = 18764, .adv_w = 215, .box_w = 10, .box_h = 25, .ofs_x = 2, .ofs_y = -6},
    {.bitmap_index = 18816, .adv_w = 114, .box_w = 12, .box_h = 30, .ofs_x = -3, .ofs_y = -6},
    {.bitmap_index = 18880, .adv_w = 107, .box_w = 10, .box_h = 25, .ofs_x = -2, .ofs_y = -6},
    {.bitmap_index = 18931, .adv_w = 258, .box_w = 15, .box_h = 24, .ofs_x = 2, .ofs_y = -6},
    {.bitmap_index = 19045, .adv_w = 222, .box_w = 12, .box_h = 25, .ofs_x = 2, .ofs_y = -6},
    {.bitmap_index = 19131, .adv_w = 222, .box_w = 12, .box_h = 14, .ofs_x = 2, .ofs_y = 0},
    {.bitmap_index = 19193, .adv_w = 218, .box_w = 11, .box_h = 24, .ofs_x = 2, .ofs_y = 0},
    {.bitmap_index = 19230, .adv_w = 107, .box_w = 7, .box_h = 26, .ofs_x = 1, .ofs_y = 0},
    {.bitmap_index = 19260, .adv_w = 218, .box_w = 11, .box_h = 24, .ofs_x = 2, .ofs_y = -6},
    {.bitmap_index = 19297, .adv_w = 107, .box_w = 5, .box_h = 25, .ofs_x = 1, .ofs_y = -6},
    {.bitmap_index = 19321, .adv_w = 218, .box_w = 11, .box_h = 18, .ofs_x = 2, .ofs_y = 0},
    {.bitmap_index = 19353, .adv_w = 107, .box_w = 7, .box_h = 19, .ofs_x = 2, .ofs_y = 0},
    {.bitmap_index = 19377, .adv_w = 218, .box_w = 11, .box_h = 18, .ofs_x = 2, .ofs_y = 0},
    {.bitmap_index = 19404, .adv_w = 111, .box_w = 7, .box_h = 19, .ofs_x = 2, .ofs_y = 0},
    {.bitmap_index = 19423, .adv_w = 218, .box_w = 13, .box_h = 18, .ofs_x = 0, .ofs_y = 0},
    {.bitmap_index = 19470, .adv_w = 107, .box_w = 8, .box_h = 19, .ofs_x = -1, .ofs_y = 0},
    {.bitmap_index = 19499, .adv_w = 316, .box_w = 16, .box_h = 24, .ofs_x = 2, .ofs_y = 0},
    {.bitmap_index = 19616, .adv_w = 257, .box_w = 12, .box_h = 19, .ofs_x = 2, .ofs_y = 0},
    {.bitmap_index = 19678, .adv_w = 316, .box_w = 16, .box_h = 24, .ofs_x = 2, .ofs_y = -6},
    {.bitmap_index = 19799, .adv_w = 257, .box_w = 12, .box_h = 20, .ofs_x = 2, .ofs_y = -6},
    {.bitmap_index = 19864, .adv_w = 316, .box_w = 16, .box_h = 24, .ofs_x = 2, .ofs_y = 0},
    {.bitmap_index = 19986, .adv_w = 257, .box_w = 12, .box_h = 19, .ofs_x = 2, .ofs_y = 0},
    {.bitmap_index = 20055, .adv_w = 286, .box_w = 16, .box_h = 18, .ofs_x = 0, .ofs_y = 0},
    {.bitmap_index = 20126, .adv_w = 316, .box_w = 16, .box_h = 23, .ofs_x = 2, .ofs_y = -5},
    {.bitmap_index = 20243, .adv_w = 257, .box_w = 12, .box_h = 20, .ofs_x = 2, .ofs_y = -6},
    {.bitmap_index = 20303, .adv_w = 325, .box_w = 18, .box_h = 22, .ofs_x = 1, .ofs_y = 0},
    {.bitmap_index = 20442, .adv_w = 252, .box_w = 14, .box_h = 18, .ofs_x = 1, .ofs_y = 0},
    {.bitmap_index = 20540, .adv_w = 325, .box_w = 18, .box_h = 24, .ofs_x = 1, .ofs_y = 0},
    {.bitmap_index = 20696, .adv_w = 252, .box_w = 14, .box_h = 19, .ofs_x = 1, .ofs_y = 0},
    {.bitmap_index = 20804, .adv_w = 325, .box_w = 18, .box_h = 25, .ofs_x = 1, .ofs_y = 0},
    {.bitmap_index = 20968, .adv_w = 252, .box_w = 14, .box_h = 19, .ofs_x = 1, .ofs_y = 0},
    {.bitmap_index = 21082, .adv_w = 386, .box_w = 22, .box_h = 18, .ofs_x = 1, .ofs_y = 0},
    {.bitmap_index = 21195, .adv_w = 394, .box_w = 23, .box_h = 14, .ofs_x = 1, .ofs_y = 0},
    {.bitmap_index = 21331, .adv_w = 259, .box_w = 14, .box_h = 24, .ofs_x = 2, .ofs_y = 0},
    {.bitmap_index = 21435, .adv_w = 172, .box_w = 9, .box_h = 19, .ofs_x = 2, .ofs_y = 0},
    {.bitmap_index = 21482, .adv_w = 259, .box_w = 14, .box_h = 24, .ofs_x = 2, .ofs_y = -6},
    {.bitmap_index = 21590, .adv_w = 172, .box_w = 10, .box_h = 20, .ofs_x = 1, .ofs_y = -6},
    {.bitmap_index = 21640, .adv_w = 259, .box_w = 14, .box_h = 24, .ofs_x = 2, .ofs_y = 0},
    {.bitmap_index = 21751, .adv_w = 172, .box_w = 10, .box_h = 19, .ofs_x = 1, .ofs_y = 0},
    {.bitmap_index = 21805, .adv_w = 228, .box_w = 13, .box_h = 25, .ofs_x = 1, .ofs_y = 0},
    {.bitmap_index = 21925, .adv_w = 199, .box_w = 11, .box_h = 19, .ofs_x = 1, .ofs_y = 0},
    {.bitmap_index = 22014, .adv_w = 228, .box_w = 13, .box_h = 25, .ofs_x = 1, .ofs_y = 0},
    {.bitmap_index = 22142, .adv_w = 199, .box_w = 11, .box_h = 19, .ofs_x = 1, .ofs_y = 0},
    {.bitmap_index = 22236, .adv_w = 228, .box_w = 13, .box_h = 24, .ofs_x = 1, .ofs_y = -6},
    {.bitmap_index = 22360, .adv_w = 199, .box_w = 11, .box_h = 20, .ofs_x = 1, .ofs_y = -6},
    {.bitmap_index = 22457, .adv_w = 228, .box_w = 13, .box_h = 25, .ofs_x = 1, .ofs_y = 0},
    {.bitmap_index = 22585, .adv_w = 199, .box_w = 11, .box_h = 19, .ofs_x = 1, .ofs_y = 0},
    {.bitmap_index = 22680, .adv_w = 231, .box_w = 15, .box_h = 24, .ofs_x = 0, .ofs_y = -6},
    {.bitmap_index = 22731, .adv_w = 150, .box_w = 9, .box_h = 23, .ofs_x = 0, .ofs_y = -6},
    {.bitmap_index = 22795, .adv_w = 231, .box_w = 15, .box_h = 24, .ofs_x = 0, .ofs_y = 0},
    {.bitmap_index = 22848, .adv_w = 150, .box_w = 13, .box_h = 19, .ofs_x = 0, .ofs_y = 0},
    {.bitmap_index = 22912, .adv_w = 231, .box_w = 15, .box_h = 18, .ofs_x = 0, .ofs_y = 0},
    {.bitmap_index = 22953, .adv_w = 150, .box_w = 9, .box_h = 17, .ofs_x = 0, .ofs_y = 0},
    {.bitmap_index = 23009, .adv_w = 304, .box_w = 15, .box_h = 24, .ofs_x = 2, .ofs_y = 0},
    {.bitmap_index = 23098, .adv_w = 257, .box_w = 12, .box_h = 18, .ofs_x = 2, .ofs_y = 0},
    {.bitmap_index = 23160, .adv_w = 304, .box_w = 15, .box_h = 22, .ofs_x = 2, .ofs_y = 0},
    {.bitmap_index = 23230, .adv_w = 257, .box_w = 12, .box_h = 18, .ofs_x = 2, .ofs_y = 0},
    {.bitmap_index = 23286, .adv_w = 304, .box_w = 15, .box_h = 24, .ofs_x = 2, .ofs_y = 0},
    {.bitmap_index = 23370, .adv_w = 257, .box_w = 12, .box_h = 19, .ofs_x = 2, .ofs_y = 0},
    {.bitmap_index = 23434, .adv_w = 304, .box_w = 15, .box_h = 27, .ofs_x = 2, .ofs_y = 0},
    {.bitmap_index = 23527, .adv_w = 257, .box_w = 12, .box_h = 22, .ofs_x = 2, .ofs_y = 0},
    {.bitmap_index = 23601, .adv_w = 304, .box_w = 15, .box_h = 25, .ofs_x = 2, .ofs_y = 0},
    {.bitmap_index = 23692, .adv_w = 257, .box_w = 13, .box_h = 19, .ofs_x = 2, .ofs_y = 0},
    {.bitmap_index = 23764, .adv_w = 304, .box_w = 15, .box_h = 24, .ofs_x = 2, .ofs_y = -6},
    {.bitmap_index = 23847, .adv_w = 257, .box_w = 13, .box_h = 20, .ofs_x = 2, .ofs_y = -6},
    {.bitmap_index = 23917, .adv_w = 387, .box_w = 24, .box_h = 24, .ofs_x = 0, .ofs_y = 0},
    {.bitmap_index = 24135, .adv_w = 327, .box_w = 21, .box_h = 19, .ofs_x = 0, .ofs_y = 0},
    {.bitmap_index = 24301, .adv_w = 235, .box_w = 15, .box_h = 24, .ofs_x = 0, .ofs_y = 0},
    {.bitmap_index = 24405, .adv_w = 212, .box_w = 14, .box_h = 25, .ofs_x = 0, .ofs_y = -6},
    {.bitmap_index = 24538, .adv_w = 235, .box_w = 15, .box_h = 23, .ofs_x = 0, .ofs_y = 0},
    {.bitmap_index = 24638, .adv_w = 238, .box_w = 14, .box_h = 24, .ofs_x = 0, .ofs_y = 0},
    {.bitmap_index = 24737, .adv_w = 196, .box_w = 11, .box_h = 19, .ofs_x = 1, .ofs_y = 0},
    {.bitmap_index = 24812, .adv_w = 238, .box_w = 14, .box_h = 24, .ofs_x = 0, .ofs_y = 0},
    {.bitmap_index = 24905, .adv_w = 196, .box_w = 11, .box_h = 19, .ofs_x = 1, .ofs_y = 0},
    {.bitmap_index = 24977, .adv_w = 238, .box_w = 14, .box_h = 24, .ofs_x = 0, .ofs_y = 0},
    {.bitmap_index = 25081, .adv_w = 196, .box_w = 11, .box_h = 19, .ofs_x = 1, .ofs_y = 0},
    {.bitmap_index = 25161, .adv_w = 136, .box_w = 8, .box_h = 19, .ofs_x = 2, .ofs_y = 0},
    {.bitmap_index = 25185, .adv_w = 266, .box_w = 17, .box_h = 23, .ofs_x = 0, .ofs_y = -5},
    {.bitmap_index = 25312, .adv_w = 233, .box_w = 12, .box_h = 18, .ofs_x = 1, .ofs_y = -4},
    {.bitmap_index = 25407, .adv_w = 266, .box_w = 17, .box_h = 26, .ofs_x = 0, .ofs_y = 0},
    {.bitmap_index = 25553, .adv_w = 233, .box_w = 12, .box_h = 22, .ofs_x = 1, .ofs_y = 0},
    {.bitmap_index = 25662, .adv_w = 266, .box_w = 17, .box_h = 25, .ofs_x = 0, .ofs_y = 0},
    {.bitmap_index = 25806, .adv_w = 233, .box_w = 14, .box_h = 21, .ofs_x = 1, .ofs_y = 0},
    {.bitmap_index = 25925, .adv_w = 266, .box_w = 17, .box_h = 25, .ofs_x = 0, .ofs_y = 0},
    {.bitmap_index = 26068, .adv_w = 233, .box_w = 13, .box_h = 21, .ofs_x = 0, .ofs_y = 0},
    {.bitmap_index = 26182, .adv_w = 266, .box_w = 17, .box_h = 27, .ofs_x = 0, .ofs_y = 0},
    {.bitmap_index = 26339, .adv_w = 233, .box_w = 13, .box_h = 23, .ofs_x = 1, .ofs_y = 0},
    {.bitmap_index = 26462, .adv_w = 266, .box_w = 17, .box_h = 27, .ofs_x = 0, .ofs_y = 0},
    {.bitmap_index = 26617, .adv_w = 233, .box_w = 12, .box_h = 23, .ofs_x = 1, .ofs_y = 0},
    {.bitmap_index = 26739, .adv_w = 266, .box_w = 17, .box_h = 29, .ofs_x = 0, .ofs_y = -5},
    {.bitmap_index = 26896, .adv_w = 233, .box_w = 12, .box_h = 23, .ofs_x = 1, .ofs_y = -4},
    {.bitmap_index = 27017, .adv_w = 266, .box_w = 17, .box_h = 26, .ofs_x = 0, .ofs_y = 0},
    {.bitmap_index = 27162, .adv_w = 233, .box_w = 12, .box_h = 22, .ofs_x = 1, .ofs_y = 0},
    {.bitmap_index = 27274, .adv_w = 266, .box_w = 17, .box_h = 26, .ofs_x = 0, .ofs_y = 0},
    {.bitmap_index = 27419, .adv_w = 233, .box_w = 12, .box_h = 22, .ofs_x = 1, .ofs_y = 0},
    {.bitmap_index = 27531, .adv_w = 266, .box_w = 17, .box_h = 27, .ofs_x = 0, .ofs_y = 0},
    {.bitmap_index = 27681, .adv_w = 233, .box_w = 12, .box_h = 23, .ofs_x = 1, .ofs_y = 0},
    {.bitmap_index = 27796, .adv_w = 266, .box_w = 17, .box_h = 27, .ofs_x = 0, .ofs_y = 0},
    {.bitmap_index = 27952, .adv_w = 233, .box_w = 12, .box_h = 23, .ofs_x = 1, .ofs_y = 0},
    {.bitmap_index = 28075, .adv_w = 266, .box_w = 17, .box_h = 29, .ofs_x = 0, .ofs_y = -5},
    {.bitmap_index = 28231, .adv_w = 233, .box_w = 12, .box_h = 23, .ofs_x = 1, .ofs_y = -4},
    {.bitmap_index = 28350, .adv_w = 231, .box_w = 11, .box_h = 23, .ofs_x = 2, .ofs_y = -5},
    {.bitmap_index = 28396, .adv_w = 235, .box_w = 13, .box_h = 18, .ofs_x = 1, .ofs_y = -4},
    {.bitmap_index = 28488, .adv_w = 231, .box_w = 11, .box_h = 26, .ofs_x = 2, .ofs_y = 0},
    {.bitmap_index = 28548, .adv_w = 235, .box_w = 13, .box_h = 22, .ofs_x = 1, .ofs_y = 0},
    {.bitmap_index = 28655, .adv_w = 231, .box_w = 11, .box_h = 23, .ofs_x = 2, .ofs_y = 0},
    {.bitmap_index = 28710, .adv_w = 235, .box_w = 13, .box_h = 18, .ofs_x = 1, .ofs_y = 0},
    {.bitmap_index = 28804, .adv_w = 231, .box_w = 13, .box_h = 25, .ofs_x = 2, .ofs_y = 0},
    {.bitmap_index = 28872, .adv_w = 235, .box_w = 14, .box_h = 21, .ofs_x = 1, .ofs_y = 0},
    {.bitmap_index = 28988, .adv_w = 231, .box_w = 13, .box_h = 25, .ofs_x = 0, .ofs_y = 0},
    {.bitmap_index = 29055, .adv_w = 235, .box_w = 14, .box_h = 21, .ofs_x = 0, .ofs_y = 0},
    {.bitmap_index = 29170, .adv_w = 231, .box_w = 12, .box_h = 27, .ofs_x = 2, .ofs_y = 0},
    {.bitmap_index = 29245, .adv_w = 235, .box_w = 13, .box_h = 23, .ofs_x = 1, .ofs_y = 0},
    {.bitmap_index = 29364, .adv_w = 231, .box_w = 11, .box_h = 27, .ofs_x = 2, .ofs_y = 0},
    {.bitmap_index = 29438, .adv_w = 235, .box_w = 13, .box_h = 23, .ofs_x = 1, .ofs_y = 0},
    {.bitmap_index = 29561, .adv_w = 231, .box_w = 11, .box_h = 29, .ofs_x = 2, .ofs_y = -5},
    {.bitmap_index = 29634, .adv_w = 235, .box_w = 13, .box_h = 23, .ofs_x = 1, .ofs_y = -4},
    {.bitmap_index = 29753, .adv_w = 141, .box_w = 7, .box_h = 26, .ofs_x = 1, .ofs_y = 0},
    {.bitmap_index = 29803, .adv_w = 107, .box_w = 6, .box_h = 22, .ofs_x = 1, .ofs_y = 0},
    {.bitmap_index = 29833, .adv_w = 141, .box_w = 7, .box_h = 23, .ofs_x = 1, .ofs_y = -5},
    {.bitmap_index = 29869, .adv_w = 107, .box_w = 3, .box_h = 24, .ofs_x = 2, .ofs_y = -5},
    {.bitmap_index = 29889, .adv_w = 325, .box_w = 18, .box_h = 22, .ofs_x = 1, .ofs_y = -4},
    {.bitmap_index = 30037, .adv_w = 252, .box_w = 14, .box_h = 18, .ofs_x = 1, .ofs_y = -4},
    {.bitmap_index = 30140, .adv_w = 325, .box_w = 18, .box_h = 26, .ofs_x = 1, .ofs_y = 0},
    {.bitmap_index = 30306, .adv_w = 252, .box_w = 14, .box_h = 22, .ofs_x = 1, .ofs_y = 0},
    {.bitmap_index = 30424, .adv_w = 325, .box_w = 18, .box_h = 26, .ofs_x = 1, .ofs_y = 0},
    {.bitmap_index = 30592, .adv_w = 252, .box_w = 14, .box_h = 21, .ofs_x = 1, .ofs_y = 0},
    {.bitmap_index = 30712, .adv_w = 325, .box_w = 18, .box_h = 26, .ofs_x = 1, .ofs_y = 0},
    {.bitmap_index = 30882, .adv_w = 252, .box_w = 14, .box_h = 21, .ofs_x = 1, .ofs_y = 0},
    {.bitmap_index = 31003, .adv_w = 325, .box_w = 18, .box_h = 27, .ofs_x = 1, .ofs_y = 0},
    {.bitmap_index = 31181, .adv_w = 252, .box_w = 14, .box_h = 23, .ofs_x = 1, .ofs_y = 0},
    {.bitmap_index = 31310, .adv_w = 325, .box_w = 18, .box_h = 28, .ofs_x = 1, .ofs_y = 0},
    {.bitmap_index = 31488, .adv_w = 252, .box_w = 14, .box_h = 23, .ofs_x = 1, .ofs_y = 0},
    {.bitmap_index = 31621, .adv_w = 325, .box_w = 18, .box_h = 29, .ofs_x = 1, .ofs_y = -4},
    {.bitmap_index = 31806, .adv_w = 252, .box_w = 14, .box_h = 23, .ofs_x = 1, .ofs_y = -4},
    {.bitmap_index = 31936, .adv_w = 326, .box_w = 20, .box_h = 25, .ofs_x = 1, .ofs_y = 0},
    {.bitmap_index = 32114, .adv_w = 256, .box_w = 16, .box_h = 19, .ofs_x = 1, .ofs_y = 0},
    {.bitmap_index = 32236, .adv_w = 326, .box_w = 20, .box_h = 25, .ofs_x = 1, .ofs_y = 0},
    {.bitmap_index = 32413, .adv_w = 256, .box_w = 16, .box_h = 19, .ofs_x = 1, .ofs_y = 0},
    {.bitmap_index = 32538, .adv_w = 326, .box_w = 20, .box_h = 26, .ofs_x = 1, .ofs_y = 0},
    {.bitmap_index = 32724, .adv_w = 256, .box_w = 16, .box_h = 22, .ofs_x = 1, .ofs_y = 0},
    {.bitmap_index = 32861, .adv_w = 326, .box_w = 20, .box_h = 24, .ofs_x = 1, .ofs_y = 0},
    {.bitmap_index = 33042, .adv_w = 256, .box_w = 16, .box_h = 18, .ofs_x = 1, .ofs_y = 0},
    {.bitmap_index = 33165, .adv_w = 326, .box_w = 20, .box_h = 23, .ofs_x = 1, .ofs_y = -4},
    {.bitmap_index = 33336, .adv_w = 256, .box_w = 16, .box_h = 20, .ofs_x = 1, .ofs_y = -4},
    {.bitmap_index = 33461, .adv_w = 304, .box_w = 15, .box_h = 22, .ofs_x = 2, .ofs_y = -4},
    {.bitmap_index = 33534, .adv_w = 257, .box_w = 12, .box_h = 18, .ofs_x = 2, .ofs_y = -4},
    {.bitmap_index = 33592, .adv_w = 304, .box_w = 15, .box_h = 26, .ofs_x = 2, .ofs_y = 0},
    {.bitmap_index = 33682, .adv_w = 257, .box_w = 12, .box_h = 22, .ofs_x = 2, .ofs_y = 0},
    {.bitmap_index = 33753, .adv_w = 324, .box_w = 20, .box_h = 25, .ofs_x = 2, .ofs_y = 0},
    {.bitmap_index = 33866, .adv_w = 280, .box_w = 17, .box_h = 19, .ofs_x = 2, .ofs_y = 0},
    {.bitmap_index = 33956, .adv_w = 324, .box_w = 20, .box_h = 25, .ofs_x = 2, .ofs_y = 0},
    {.bitmap_index = 34069, .adv_w = 280, .box_w = 17, .box_h = 19, .ofs_x = 2, .ofs_y = 0},
    {.bitmap_index = 34159, .adv_w = 324, .box_w = 20, .box_h = 26, .ofs_x = 2, .ofs_y = 0},
    {.bitmap_index = 34282, .adv_w = 280, .box_w = 17, .box_h = 22, .ofs_x = 2, .ofs_y = 0},
    {.bitmap_index = 34388, .adv_w = 324, .box_w = 20, .box_h = 24, .ofs_x = 2, .ofs_y = 0},
    {.bitmap_index = 34506, .adv_w = 280, .box_w = 17, .box_h = 18, .ofs_x = 2, .ofs_y = 0},
    {.bitmap_index = 34594, .adv_w = 324, .box_w = 20, .box_h = 23, .ofs_x = 2, .ofs_y = -4},
    {.bitmap_index = 34700, .adv_w = 280, .box_w = 17, .box_h = 20, .ofs_x = 2, .ofs_y = -4},
    {.bitmap_index = 34792, .adv_w = 235, .box_w = 15, .box_h = 24, .ofs_x = 0, .ofs_y = 0},
    {.bitmap_index = 34892, .adv_w = 212, .box_w = 14, .box_h = 25, .ofs_x = 0, .ofs_y = -6},
    {.bitmap_index = 35019, .adv_w = 235, .box_w = 15, .box_h = 23, .ofs_x = 0, .ofs_y = -5},
    {.bitmap_index = 35111, .adv_w = 212, .box_w = 14, .box_h = 20, .ofs_x = 0, .ofs_y = -6},
    {.bitmap_index = 35223, .adv_w = 235, .box_w = 15, .box_h = 26, .ofs_x = 0, .ofs_y = 0},
    {.bitmap_index = 35334, .adv_w = 212, .box_w = 14, .box_h = 28, .ofs_x = 0, .ofs_y = -6},
    {.bitmap_index = 35473, .adv_w = 235, .box_w = 15, .box_h = 23, .ofs_x = 0, .ofs_y = 0},
    {.bitmap_index = 35576, .adv_w = 212, .box_w = 14, .box_h = 24, .ofs_x = 0, .ofs_y = -6}
};

/*---------------------
 *  CHARACTER MAPPING
 *--------------------*/



/*Collect the unicode lists and glyph_id offsets*/
static const lv_font_fmt_txt_cmap_t cmaps[] =
{
    {
        .range_start = 32, .range_length = 95, .glyph_id_start = 1,
        .unicode_list = NULL, .glyph_id_ofs_list = NULL, .list_length = 0, .type = LV_FONT_FMT_TXT_CMAP_FORMAT0_TINY
    },
    {
        .range_start = 160, .range_length = 224, .glyph_id_start = 96,
        .unicode_list = NULL, .glyph_id_ofs_list = NULL, .list_length = 0, .type = LV_FONT_FMT_TXT_CMAP_FORMAT0_TINY
    },
    {
        .range_start = 7840, .range_length = 90, .glyph_id_start = 320,
        .unicode_list = NULL, .glyph_id_ofs_list = NULL, .list_length = 0, .type = LV_FONT_FMT_TXT_CMAP_FORMAT0_TINY
    }
};

/*-----------------
 *    KERNING
 *----------------*/


/*Map glyph_ids to kern left classes*/
static const uint8_t kern_left_class_mapping[] =
{
    0, 0, 0, 1, 0, 0, 0, 2,
    1, 3, 0, 0, 0, 4, 5, 4,
    0, 0, 0, 0, 0, 0, 0, 0,
    0, 0, 0, 0, 0, 0, 0, 0,
    0, 0, 6, 7, 8, 9, 10, 11,
    0, 0, 0, 0, 8, 12, 0, 0,
    9, 13, 9, 14, 0, 15, 16, 17,
    17, 8, 18, 19, 3, 0, 0, 0,
    20, 0, 21, 22, 23, 0, 22, 24,
    0, 21, 0, 0, 0, 0, 21, 21,
    22, 22, 0, 25, 0, 23, 0, 26,
    26, 27, 26, 0, 3, 0, 0, 0,
    0, 28, 0, 0, 0, 0, 0, 0,
    0, 0, 0, 29, 0, 0, 0, 0,
    0, 0, 0, 0, 0, 0, 0, 0,
    0, 0, 0, 30, 0, 0, 0, 31,
    6, 6, 6, 6, 6, 6, 10, 8,
    10, 10, 10, 10, 0, 0, 0, 0,
    9, 0, 9, 9, 9, 9, 9, 0,
    9, 16, 16, 16, 16, 18, 13, 0,
    21, 21, 21, 21, 21, 21, 22, 0,
    22, 22, 22, 22, 0, 0, 32, 32,
    22, 0, 22, 22, 22, 22, 22, 0,
    22, 0, 0, 0, 0, 26, 22, 26,
    6, 21, 6, 21, 33, 21, 8, 0,
    8, 0, 8, 0, 8, 0, 9, 34,
    9, 0, 10, 22, 10, 22, 10, 22,
    10, 22, 10, 22, 0, 0, 0, 0,
    0, 0, 0, 0, 0, 21, 0, 0,
    0, 32, 0, 32, 0, 0, 35, 0,
    0, 0, 0, 0, 0, 0, 8, 0,
    27, 12, 0, 12, 0, 12, 34, 12,
    0, 12, 0, 0, 21, 0, 21, 0,
    0, 21, 0, 21, 9, 22, 9, 22,
    9, 22, 10, 22, 0, 25, 0, 25,
    0, 25, 0, 0, 0, 0, 0, 0,
    0, 0, 15, 23, 15, 23, 15, 23,
    16, 0, 16, 0, 16, 0, 16, 0,
    16, 0, 16, 0, 17, 26, 18, 26,
    18, 19, 0, 19, 0, 19, 0, 0,
    6, 21, 6, 21, 6, 21, 6, 21,
    6, 21, 6, 21, 6, 21, 6, 21,
    6, 21, 6, 21, 6, 21, 6, 21,
    10, 22, 10, 22, 10, 22, 10, 22,
    10, 22, 10, 22, 10, 22, 10, 22,
    0, 0, 0, 0, 9, 22, 9, 22,
    9, 22, 9, 22, 9, 22, 9, 22,
    9, 22, 36, 37, 36, 37, 36, 37,
    36, 37, 36, 37, 16, 0, 16, 0,
    38, 39, 38, 39, 38, 39, 38, 39,
    38, 39, 18, 26, 18, 26, 18, 26,
    18, 26
};

/*Map glyph_ids to kern right classes*/
static const uint8_t kern_right_class_mapping[] =
{
    0, 0, 0, 1, 0, 0, 0, 2,
    1, 0, 3, 0, 0, 4, 5, 4,
    0, 0, 0, 0, 0, 0, 0, 0,
    0, 0, 0, 0, 0, 0, 0, 0,
    6, 0, 7, 0, 8, 0, 0, 0,
    8, 0, 9, 10, 0, 0, 0, 0,
    8, 0, 8, 0, 0, 11, 12, 13,
    13, 14, 15, 16, 0, 0, 3, 0,
    0, 0, 17, 18, 19, 19, 19, 20,
    21, 18, 0, 22, 18, 18, 23, 23,
    19, 23, 19, 23, 24, 20, 23, 25,
    25, 25, 25, 26, 0, 0, 3, 0,
    0, 0, 0, 0, 0, 0, 0, 0,
    0, 0, 0, 27, 0, 0, 0, 0,
    0, 0, 0, 0, 0, 0, 0, 0,
    0, 0, 0, 28, 0, 0, 0, 0,
    7, 7, 7, 7, 7, 7, 29, 8,
    0, 0, 0, 0, 0, 0, 0, 0,
    0, 0, 8, 8, 8, 8, 8, 0,
    8, 12, 12, 12, 12, 15, 0, 0,
    19, 17, 17, 17, 17, 17, 17, 19,
    19, 19, 19, 19, 0, 0, 0, 0,
    0, 0, 19, 19, 19, 19, 19, 0,
    19, 23, 23, 23, 23, 25, 18, 25,
    7, 17, 7, 17, 7, 17, 8, 19,
    8, 19, 8, 19, 8, 19, 0, 19,
    0, 19, 0, 19, 0, 19, 0, 19,
    0, 19, 0, 19, 8, 21, 8, 21,
    8, 21, 8, 21, 0, 18, 0, 30,
    0, 0, 0, 0, 0, 0, 0, 0,
    0, 0, 0, 0, 0, 0, 0, 18,
    23, 0, 18, 0, 18, 0, 18, 0,
    18, 0, 0, 0, 23, 0, 23, 0,
    0, 0, 0, 23, 8, 19, 8, 19,
    8, 19, 8, 19, 0, 23, 0, 23,
    0, 0, 0, 24, 0, 0, 0, 24,
    0, 0, 11, 20, 11, 20, 11, 20,
    12, 23, 12, 23, 12, 23, 12, 23,
    12, 23, 12, 23, 13, 25, 15, 25,
    15, 16, 26, 16, 26, 16, 26, 0,
    7, 17, 7, 17, 7, 17, 7, 31,
    7, 17, 7, 17, 7, 17, 7, 17,
    7, 17, 7, 17, 7, 17, 7, 17,
    0, 19, 0, 19, 0, 19, 0, 19,
    0, 32, 0, 19, 0, 19, 0, 19,
    0, 0, 0, 0, 8, 19, 8, 19,
    8, 19, 8, 32, 8, 19, 8, 19,
    8, 19, 8, 19, 8, 19, 8, 19,
    8, 19, 8, 19, 12, 23, 12, 23,
    12, 23, 12, 23, 12, 23, 12, 23,
    12, 23, 15, 0, 15, 25, 15, 25,
    15, 25
};

/*Kern values between classes*/
static const int8_t kern_class_values[] =
{
    0, 0, 0, 0, 0, 0, -29, 0,
    0, 0, 8, 0, 8, 0, 4, 0,
    -17, 0, -25, 0, -12, 0, -12, -12,
    0, 0, 0, 0, -33, 0, -17, -25,
    0, 0, 0, 0, 0, 0, 0, 0,
    0, 0, -25, 0, -8, 0, -12, 0,
    0, 0, 0, 0, 0, 0, 0, 0,
    0, 0, 0, 0, 0, 0, 0, 0,
    0, 0, 0, 0, 0, 0, 0, 0,
    0, 37, 0, 0, 0, 0, 0, 0,
    0, 0, 0, 0, 0, 17, 0, 0,
    0, 0, 0, 0, 0, 0, 0, 0,
    0, 0, 0, 0, 0, 0, 0, -21,
    0, 0, -29, -8, -25, 0, -25, 0,
    0, 0, 0, 0, 0, 0, 0, 0,
    0, 0, 0, 0, 0, 0, 0, 0,
    0, 0, 0, 0, 0, 0, 0, 0,
    0, 0, -17, 0, 0, 0, 0, 0,
    0, 0, 0, 0, 0, 0, 0, 0,
    0, 0, 0, 0, 0, 0, 0, 0,
    -29, 0, 0, 0, 0, 0, 0, -8,
    0, 21, -29, 0, -17, 0, -25, 0,
    0, 0, 0, 0, 0, 0, 0, 0,
    0, 0, 0, 0, 0, 0, 0, 0,
    0, 0, 0, -4, 0, 0, 0, 0,
    0, 0, 0, 0, 0, 0, 0, 0,
    0, 0, 0, 0, 0, 0, 0, 0,
    0, 0, 0, 0, 0, 0, 0, 0,
    0, 0, 0, 0, 0, 0, 0, -8,
    0, 0, 0, 0, 0, 0, 0, 0,
    0, 0, 0, 0, 0, 0, 0, 0,
    0, 0, -8, 0, 0, 0, 0, 0,
    0, 0, 0, -17, 0, 0, -8, 0,
    0, 0, -12, 0, -4, -8, -4, -4,
    0, 0, 0, 0, 0, 0, 0, 0,
    0, 0, 0, 0, 0, 0, 0, 0,
    0, 0, 0, 0, 0, 0, 0, 0,
    0, 25, 0, 0, 0, 0, 0, 0,
    0, 0, 0, 0, 0, 0, 0, 0,
    0, 0, 0, 0, 0, 0, 0, 0,
    0, 0, 8, -25, 0, 8, -8, 0,
    0, 0, 0, 0, 0, 0, 0, 0,
    0, 0, 0, 0, 0, 0, 0, 0,
    0, 0, 0, 0, 0, 0, 0, 0,
    -33, 0, 0, 0, 0, 0, 0, -8,
    0, 0, -8, -4, -8, 0, -12, 0,
    0, 0, 0, 0, 0, 0, 0, 0,
    0, 0, 0, 0, 0, 0, 0, 0,
    0, -4, 0, -54, 0, 0, -21, 0,
    0, 0, 0, 0, 0, -8, 0, -4,
    0, 0, 0, 0, 0, 0, 0, 0,
    0, 0, -8, 0, -12, 0, 0, 0,
    0, 0, 0, 0, 0, 0, 0, 0,
    0, 0, 0, 0, 0, 0, 0, 0,
    0, 0, 0, 0, 0, 0, 0, 0,
    0, 0, -4, 0, 0, 0, 0, 0,
    0, -8, 0, -25, -17, 8, -29, -8,
    0, 0, 8, 0, 0, 0, 0, 0,
    -33, 0, -29, 0, -29, 0, -21, -25,
    -8, -17, -25, -12, 0, 0, -33, -29,
    0, 0, 0, -8, 0, 0, -4, 0,
    0, 0, 0, 0, 0, 0, 0, 0,
    0, 0, 0, 0, 0, 0, 0, 0,
    0, 0, 0, 0, 0, 0, 0, 0,
    0, 0, 0, -21, 0, 8, -17, -4,
    0, 0, 0, 0, 0, 0, 0, 0,
    -8, 0, -8, 0, -4, 0, -4, -4,
    0, 0, -12, -4, 0, 0, -8, -8,
    0, -12, 0, -25, 0, 8, -25, -8,
    0, 0, 0, 0, 0, 0, 0, 0,
    -21, 0, -21, 0, -21, 0, -12, -17,
    0, -8, -33, -12, 0, 0, -21, -21,
    0, 0, 0, 0, 0, 0, 0, -4,
    0, 0, 0, 0, 0, 0, 0, 0,
    0, 0, 0, 0, 0, 0, 0, 0,
    0, 0, -8, 0, 0, 0, 0, 0,
    0, 0, 0, 0, 0, 0, 0, 0,
    0, 40, 0, 0, 0, 0, 0, 0,
    0, 0, 0, 0, 0, 0, 0, 0,
    0, 0, 0, 0, 0, 0, 0, 0,
    -4, 0, 0, 0, 0, 0, 0, 0,
    0, 0, 0, 0, 0, 0, 0, 0,
    0, 0, 0, 0, 0, 0, 0, 0,
    0, 0, 0, 0, 0, 0, 0, 0,
    -4, 0, 0, 0, 0, 0, 0, 0,
    0, 0, 0, 0, 0, 0, 0, 0,
    0, 0, 0, 0, 0, 0, 0, 0,
    -8, -4, 0, 0, 0, 0, 0, 0,
    8, 0, 0, 0, 0, 0, 0, 0,
    0, 0, 0, 0, 0, 0, 0, 0,
    0, 0, 0, 0, 0, 0, 0, 0,
    0, 0, 0, 0, 0, 0, 0, 0,
    25, 0, 17, -8, 0, 0, 0, 0,
    0, 0, 0, 0, 0, 0, 0, 0,
    0, 0, 0, 0, 0, 0, 0, 0,
    0, 0, 0, 0, 0, 0, 0, 0,
    17, 0, 0, -67, 0, 0, 0, 0,
    0, 0, 0, 0, 0, 0, 0, 0,
    -8, 0, -8, 0, -4, 0, 0, 0,
    0, 0, 0, 0, 0, 0, -8, -8,
    17, 0, 0, -17, 0, 8, 0, 0,
    0, 0, 0, 0, 0, 0, 0, 0,
    0, 0, 0, 0, 0, 0, 0, 0,
    0, 0, 0, 0, 0, 0, 0, 0,
    0, 0, 0, 0, 0, 0, 0, 0,
    0, 0, 0, 0, 0, 0, 0, 0,
    0, 0, -8, 0, 0, 0, 0, 0,
    0, 0, 0, 0, 0, 0, 0, -8,
    0, 0, 0, 0, 0, 0, 0, 0,
    0, 21, -8, 0, -4, 0, -12, 0,
    0, 0, 0, 0, 0, 0, 0, 0,
    0, 0, 0, 0, 0, 0, 0, 0,
    0, 0, 0, 0, 0, 0, 0, 0,
    0, 0, -12, 0, -4, 0, -12, 0,
    0, 0, 0, 0, 0, 0, 0, 0,
    0, 0, 0, 0, 0, 0, 0, 0,
    0, 0, 0, 0, 0, 0, 0, 0,
    0, 0, -25, 0, -12, -8, -33, 0,
    0, 0, 0, 0, 0, 0, 0, 0,
    0, 0, 0, 0, 0, 0, 0, 0,
    0, 0, 0, 0, 0, 0, 0, 0,
    0, 42, -17, 0, -12, 0, -17, 0,
    0, 0, 0, 0, 0, 0, 0, 0,
    0, 0, 0, 0, 0, 0, 0, 0,
    0, 0, 21, 0, 0, 0, 0, 0,
    0, 0, 0, 0, 0, 0, 0, 0,
    0, 0, 0, 0, 0, 0, 0, 0,
    0, 0, 0, 0, 0, 0, 0, 0,
    -29, 0, 0, 0, 0, 0, 0, -8,
    0, 46, -29, 0, -17, 0, -25, 0,
    0, 0, 0, 0, 0, 0, 0, 0,
    0, 0, 0, 0, 0, 0, 0, 0,
    17, 0, 29, 0, 0, 33, 0, 0,
    0, 0, 0, 0, 0, 0, 0, 0,
    0, 12, 0, 0, 0, 0, 0, 0,
    0, 0, 0, 0, 0, 29, 0, 0,
    0, 0, 0, 0, 0, 0, 0, 0,
    0, 21, 0, 0, 0, 0, 0, 0,
    0, 0, 0, 0, 0, 0, 0, 0,
    0, 0, 0, 0, 0, 0, 0, 0,
    0, 0, 0, 0, 0, 0, -8, 0,
    8, 0, 25, 0, 29, 21, 25, 0,
    0, 0, 0, 0, 0, 0, 0, 0,
    0, 0, 0, 0, 0, 0, 0, 0,
    0, 0, 0, 0, 0, 0, 0, 0,
    0, 0, 0, 0, 0, 0, 0, 0,
    0, 8, 0, 17, 0, 0, 0, 0,
    21, 0, 0, 0, 0, 0, 0, 0,
    0, 0, 0, 0, 0, 0, -12, -4,
    8, 0, 29, 0, 29, 21, 25, 0,
    -12, 0, -8, 0, -8, 0, 0, 0,
    0, 0, 0, 0, 0, 0, 4, 4,
    0, 0, 0, 0, 0, 0, 0, 0,
    0, 0, 0, 0, 0, 0, 0, 0,
    0, 8, 0, 21, 0, 0, 0, 0,
    21, 0, 0, 0, 0, 0, 0, 0
};


/*Collect the kern class' data in one place*/
static const lv_font_fmt_txt_kern_classes_t kern_classes =
{
    .class_pair_values   = kern_class_values,
    .left_class_mapping  = kern_left_class_mapping,
    .right_class_mapping = kern_right_class_mapping,
    .left_class_cnt      = 39,
    .right_class_cnt     = 32,
};

/*--------------------
 *  ALL CUSTOM DATA
 *--------------------*/

#if LVGL_VERSION_MAJOR == 8
/*Store all the custom data of the font*/
static  lv_font_fmt_txt_glyph_cache_t cache;
#endif

#if LVGL_VERSION_MAJOR >= 8
static const lv_font_fmt_txt_dsc_t font_dsc = {
#else
static lv_font_fmt_txt_dsc_t font_dsc = {
#endif
    .glyph_bitmap = glyph_bitmap,
    .glyph_dsc = glyph_dsc,
    .cmaps = cmaps,
    .kern_dsc = &kern_classes,
    .kern_scale = 16,
    .cmap_num = 3,
    .bpp = 4,
    .kern_classes = 1,
    /* The generated bitmap is packed plain 4-bpp data, not RLE-compressed. */
    .bitmap_format = 0,
#if LVGL_VERSION_MAJOR == 8
    .cache = &cache
#endif
};



/*-----------------
 *  PUBLIC FONT
 *----------------*/

/*Initialize a public general font descriptor*/
#if LVGL_VERSION_MAJOR >= 8
const lv_font_t veetee_font_vietnamese_26 = {
#else
lv_font_t veetee_font_vietnamese_26 = {
#endif
    .get_glyph_dsc = lv_font_get_glyph_dsc_fmt_txt,    /*Function pointer to get glyph's data*/
    .get_glyph_bitmap = lv_font_get_bitmap_fmt_txt,    /*Function pointer to get glyph's bitmap*/
    .line_height = 35,          /*The maximum line height required by the font*/
    .base_line = 7,             /*Baseline measured from the bottom of the line*/
#if !(LVGL_VERSION_MAJOR == 6 && LVGL_VERSION_MINOR == 0)
    .subpx = LV_FONT_SUBPX_NONE,
#endif
#if LV_VERSION_CHECK(7, 4, 0) || LVGL_VERSION_MAJOR >= 8
    .underline_position = -3,
    .underline_thickness = 1,
#endif
    .dsc = &font_dsc,          /*The custom font data. Will be accessed by `get_glyph_bitmap/dsc` */
#if LV_VERSION_CHECK(8, 2, 0) || LVGL_VERSION_MAJOR >= 9
    .fallback = NULL,
#endif
    .user_data = NULL,
};



#endif /*#if VEETEE_FONT_VIETNAMESE_26*/
